
<streamingInfos>
    <streaminginfo>
        <cname>2M</cname>
       <item>
<title>2m</title>
<link>$doregex[get-rtmp]</link>
<regex>
<name>get-rtmp</name>
<expres> file: "(.*?)"</expres>
<page>http://www.telvza-online.com/2m-national</page>
<cookieJar>$doregex[getsession]</cookieJar>
</regex>
<regex>
<name>getsession</name>
<expres></expres>
<page>http://www.telvza-online.com/drupalchat/auth?t=$epoctime$</page>
<cookieJar></cookieJar>
</regex>
</item>
    </streaminginfo>



</streamingInfos>
