<categories>
	<category>
		<id>all</id>
		<catname>All</catname>
		<imageurl>http://icons.iconarchive.com/icons/dailyoverview/tv/96/television-08-icon.png</imageurl>
	</category>
	<category>
		<id>ent</id>
		<catname>Entertainment</catname>
		<imageurl>http://technostacks.com/wp-content/themes/technostacks/img/entertaiment.png</imageurl>
	</category>
		<category>
		<id>news</id>
		<catname>News</catname>
		<imageurl>http://icons.iconarchive.com/icons/pelfusion/folded-flat/96/News-icon.png</imageurl>
	</category>
	<category>
		<id>magreb</id>
		<catname>Maghreb</catname>
		<imageurl>http://icons.iconarchive.com/icons/hopstarter/flag/256/Tunisia-icon.png</imageurl>
	</category>

	<category>
		<id>music</id>
		<catname>Music</catname>
		<imageurl>http://icons.iconarchive.com/icons/itzikgur/my-seven/96/Music-Piano-Chello-icon.png</imageurl>
	</category>
	<category>
		<id>cup</id>
		<catname>WorldCup</catname>
		<imageurl>https://fbcdn-profile-a.akamaihd.net/hprofile-ak-frc3/t1.0-1/c22.22.276.276/p320x320/733820_695732883775895_938655374_n.png</imageurl>
	</category>
	<category>
		<id>sports</id>
		<catname>Sports</catname>
		<imageurl>http://icons.iconarchive.com/icons/yingfengling-fl/i-love-sports/256/soccer-icon.png</imageurl>
	</category>
	<category>
		<id>kids</id>
		<catname>Kids</catname>
		<imageurl>http://icons.iconarchive.com/icons/softskin/series-folder/256/Folder-TV-Disney-icon.png</imageurl>
	</category>
	<category>
		<id>islam</id>
		<catname>Islamic</catname>
		<imageurl>http://icons.iconarchive.com/icons/designbolts/religious-symbol/256/Islam-Crescent-icon.png</imageurl>
	</category>
	<category>
		<id>cook</id>
		<catname>Cooking</catname>
		<imageurl>http://icons.iconarchive.com/icons/mcdo-design/book/256/Cook-Book-icon.png</imageurl>
	</category>
	<category>
		<id>doc</id>
		<catname>Documentary</catname>
		<imageurl>http://icons.iconarchive.com/icons/lajonard/movie-folder/256/Documentary-icon.png</imageurl>
	</category>
	<category>
		<id>Iraq</id>
		<catname>Iraq</catname>
		<imageurl>http://icons.iconarchive.com/icons/custom-icon-design/all-country-flag/128/Iraq-Flag-icon.png</imageurl>
	</category>
	<category>
		<id>gulf</id>
		<catname>Gulf</catname>
		<imageurl>http://icons.iconarchive.com/icons/hopstarter/flag/256/Saudi-Arabia-icon.png</imageurl>
	</category>
	<category>
		<id>sham</id>
		<catname>AlSham</catname>
		<imageurl>http://icons.iconarchive.com/icons/hopstarter/flag/256/Lebanon-icon.png</imageurl>
	</category>
		<category>
		<id>egypt</id>
		<catname>Egypt</catname>
		<imageurl>http://icons.iconarchive.com/icons/hopstarter/flag/256/Egypt-icon.png</imageurl>
	</category>
	
	<category>
		<id>drama</id>
		<catname>Drama</catname>
		<imageurl>http://icons.iconarchive.com/icons/arkangl300/zero-folders/256/videos-icon.png</imageurl>
	</category>
		<category>
		<id>french</id>
		<catname>French</catname>
		<imageurl>http://icons.iconarchive.com/icons/hopstarter/flag/256/France-icon.png</imageurl>
	</category>
	<category>
		<id>africa</id>
		<catname>NorthAfrica</catname>
		<imageurl>http://thumb9.shutterstock.com/photos/thumb_large/1112252/135847202.jpg</imageurl>
	</category>
	<category>
		<id>oth</id>
		<catname>Others</catname>
		<imageurl>http://icons.iconarchive.com/icons/dakirby309/windows-8-metro/256/Other-Origins-Metro-icon.png</imageurl>
	</category>
	
	<category>
		<id>christ</id>
		<catname>Arabic Christian</catname>
		<imageurl>http://icons.iconarchive.com/icons/designbolts/religious-symbol/256/Christian-cross-icon.png</imageurl>
	</category>
	
</categories>
