<streamingsources>
<source>
<id>td</id>
<sname>Teledunet.com</sname>
<baseurl>http://www.teledunet.com/</baseurl>
<enabled>True</enabled>
<urlfile>teledunetUrls.xml</urlfile>
<rtmpstring>%s playpath=%s swfUrl=http://www.teledunet.com/mobile/player.swf?id0=%s&amp;channel=%s  pageUrl=http://www.teledunet.com/mobile/?con  conn=N:1  flashVer=WIN\2013,0,0,214 swfVfy=true  live=true timeout=15</rtmpstring>
<imageurl>http://www.teledunet.com/icon.png</imageurl>
<processor>teledunetPlayer.py</processor>
</source>
<source>
<id>livetv</id>
<sname>livetv.tn</sname>
<baseurl>http://www.livetv.tn/</baseurl>
<enabled>True</enabled>
<urlfile>livetvUrls.xml</urlfile>
<imageurl>http://www.livetv.tn/images/logoc.png</imageurl>
<processor>livetvPlayer.py</processor>
<rtmpstring>rtmp://www.livetv.tn/live app=live tcUrl=rtmp://www.livetv.tn/live  playpath=%s?c=%s swfUrl=http://www.livetv.tn/flowplayer-3.2.7.swf pageUrl=http://www.livetv.tn/ swfVfy=true  timeout=15 flashver=WIN\2013,0,0,214</rtmpstring>
</source>
<source>
<id>generic</id>
<sname>iptvOsn</sname>
<baseurl>http://website.com</baseurl>
<enabled>True</enabled>
<urlfile>iptvosnUrls.xml</urlfile>
<imageurl>http://mylogo.com</imageurl>
<processor>genericPlayer.py</processor>
</source>

<source>
<id>generic</id>
<sname>Shani</sname>
<baseurl>http://website.com</baseurl>
<enabled>True</enabled>
<urlfile>genericUrls.xml</urlfile>
<imageurl>http://mylogo.com</imageurl>
<processor>genericPlayer.py</processor>
</source>
<source>
<id>generic</id>
<sname>PC</sname>
<baseurl>http://website.com</baseurl>
<enabled>True</enabled>
<urlfile>palestinecoolUrls.xml</urlfile>
<imageurl>http://mylogo.com</imageurl>
<processor>genericPlayer.py</processor>
</source>
<source>
<id>generic</id>
<sname>Zombi</sname>
<baseurl>http://website.com</baseurl>
<enabled>True</enabled>
<urlfile>ZombiList.xml</urlfile>
<imageurl>http://mylogo.com</imageurl>
<processor>genericPlayer.py</processor>
</source>
<source>
<id>generic</id>
<sname>Local</sname>
<baseurl>http://website.com</baseurl>
<enabled>True</enabled>
<urlfile></urlfile>
<imageurl>http://mylogo.com</imageurl>
<processor>genericPlayer.py</processor>
</source>
<source>
<id>generic</id>
<sname>GLArab</sname>
<baseurl>http://website.com</baseurl>
<enabled>True</enabled>
<urlfile>glarabUrls.xml</urlfile>
<imageurl>http://mylogo.com</imageurl>
<processor>genericPlayer.py</processor>
</source>

<source>
<id>generic</id>
<sname>magictvBox</sname>
<baseurl>http://website.com</baseurl>
<enabled>True</enabled>
<urlfile>magictvBoxUrls.xml</urlfile>
<imageurl>http://mylogo.com</imageurl>
<processor>genericPlayer.py</processor>
</source>

<source>
<id>generic</id>
<sname>Emad</sname>
<baseurl>http://website.com</baseurl>
<enabled>True</enabled>
<urlfile>emadUrls.xml</urlfile>
<imageurl>http://mylogo.com</imageurl>
<processor>genericPlayer.py</processor>
</source>
<source>
<id>FilmOn</id>
<sname>FilmOn</sname>
<baseurl>http://www.filmon.com/</baseurl>
<enabled>True</enabled>
<urlfile>filmonUrls.xml</urlfile>
<rtmpstring>%s playpath=%s swfUrl=http://www.filmon.com/tv/modules/FilmOnTV/files/flashapp/filmon/FilmonPlayer.swf pageUrl=http://www.filmon.com live=true timeout=15</rtmpstring>
<imageurl>http://www.filmon.com/icon.png</imageurl>
<processor>filmonPlayer.py</processor>
</source>
<source>
<id>generic</id>
<sname>Official</sname>
<baseurl>http://website.com</baseurl>
<enabled>True</enabled>
<urlfile>OfficialUrls.xml</urlfile>
<imageurl>http://mylogo.com</imageurl>
<processor>genericPlayer.py</processor>
</source>

</streamingsources>

