<streamingInfos>
<streaminginfo>
<cname>MBC 1</cname>
<item>
<title>Filmon High</title>
<link>rtmp://$doregex[url]/live/?id=$doregex[key]/367.high.stream playpath=367.high.stream swfUrl=http://www.filmon.com/tv/modules/FilmOnTV/files/flashapp/filmon/FilmonPlayer.swf pageUrl=http://www.filmon.com/ live=true timeout=15 swfVfy=1</link>
   <regex>
     <name>url</name>
     <expres>\"qualit.*rtmp:....(.*?)\\</expres>
     <page>http://www.filmon.com/tv/channel/export?channel_id=367</page>
   </regex>
   <regex>
     <name>key</name>
     <expres>\"qualit.*rtmp:.*?id=(.*?)\"</expres>
     <page>http://www.filmon.com/tv/channel/export?channel_id=367</page>
   </regex>
</item>
</streaminginfo>

<streaminginfo>
		<cname>MBC 1</cname>
<item>
<title>Filmon Low</title>
<link>rtmp://$doregex[url]/live/?id=$doregex[key]/367.low.stream playpath=367.high.stream swfUrl=http://www.filmon.com/tv/modules/FilmOnTV/files/flashapp/filmon/FilmonPlayer.swf pageUrl=http://www.filmon.com/ live=true timeout=15 swfVfy=1</link>
   <regex>
     <name>url</name>
     <expres>\"qualit.*rtmp:....(.*?)\\</expres>
     <page>http://www.filmon.com/tv/channel/export?channel_id=367</page>
   </regex>
   <regex>
     <name>key</name>
     <expres>\"qualit.*rtmp:.*?id=(.*?)\"</expres>
     <page>http://www.filmon.com/tv/channel/export?channel_id=367</page>
   </regex>
</item>
</streaminginfo>
<streaminginfo>
		<cname>Alarabiya</cname>
<item>
<title>Filmon High</title>
<link>rtmp://$doregex[url]/live/?id=$doregex[key]/366.high.stream playpath=366.high.stream swfUrl=http://www.filmon.com/tv/modules/FilmOnTV/files/flashapp/filmon/FilmonPlayer.swf pageUrl=http://www.filmon.com/ live=true timeout=15 swfVfy=1</link>
   <regex>
     <name>url</name>
     <expres>\"qualit.*rtmp:....(.*?)\\</expres>
     <page>http://www.filmon.com/tv/channel/export?channel_id=366</page>
   </regex>
   <regex>
     <name>key</name>
     <expres>\"qualit.*rtmp:.*?id=(.*?)\"</expres>
     <page>http://www.filmon.com/tv/channel/export?channel_id=366</page>
   </regex>
</item>
</streaminginfo>

<streaminginfo>
		<cname>Alarabiya</cname>
<item>
<title>Filmon Low</title>
<link>rtmp://$doregex[url]/live/?id=$doregex[key]/366.low.stream playpath=366.high.stream swfUrl=http://www.filmon.com/tv/modules/FilmOnTV/files/flashapp/filmon/FilmonPlayer.swf pageUrl=http://www.filmon.com/ live=true timeout=15 swfVfy=1</link>
   <regex>
     <name>url</name>
     <expres>\"qualit.*rtmp:....(.*?)\\</expres>
     <page>http://www.filmon.com/tv/channel/export?channel_id=366</page>
   </regex>
   <regex>
     <name>key</name>
     <expres>\"qualit.*rtmp:.*?id=(.*?)\"</expres>
     <page>http://www.filmon.com/tv/channel/export?channel_id=366</page>
   </regex>
</item>
</streaminginfo>
<streaminginfo>
<cname>MBC 2</cname>
<item>
<title>Filmon High</title>
<link>rtmp://$doregex[url]/live/?id=$doregex[key]/368.high.stream playpath=368.high.stream swfUrl=http://www.filmon.com/tv/modules/FilmOnTV/files/flashapp/filmon/FilmonPlayer.swf pageUrl=http://www.filmon.com/ live=true timeout=15 swfVfy=1</link>
   <regex>
     <name>url</name>
     <expres>\"qualit.*rtmp:....(.*?)\\</expres>
     <page>http://www.filmon.com/tv/channel/export?channel_id=368</page>
   </regex>
   <regex>
     <name>key</name>
     <expres>\"qualit.*rtmp:.*?id=(.*?)\"</expres>
     <page>http://www.filmon.com/tv/channel/export?channel_id=368</page>
   </regex>
</item>
</streaminginfo>

<streaminginfo>
<cname>MBC 2</cname>
<item>
<title>Filmon Low</title>
<link>rtmp://$doregex[url]/live/?id=$doregex[key]/368.low.stream playpath=368.high.stream swfUrl=http://www.filmon.com/tv/modules/FilmOnTV/files/flashapp/filmon/FilmonPlayer.swf pageUrl=http://www.filmon.com/ live=true timeout=15 swfVfy=1</link>
   <regex>
     <name>url</name>
     <expres>\"qualit.*rtmp:....(.*?)\\</expres>
     <page>http://www.filmon.com/tv/channel/export?channel_id=368</page>
   </regex>
   <regex>
     <name>key</name>
     <expres>\"qualit.*rtmp:.*?id=(.*?)\"</expres>
     <page>http://www.filmon.com/tv/channel/export?channel_id=368</page>
   </regex>
</item>
</streaminginfo>
<streaminginfo>
<cname>Alarabiya</cname>
<item><title>only for Backup Filmon---> You need to install F.T.V addon</title>
<link>plugin://plugin.video.F.T.V/?url=http%3A%2F%2Fwww.filmon.com%2Fchannel%2Fal-arabiya&amp;mode=125&amp;name=Al+Arabiya&amp;iconimage=http%3A%2F%2Fstatic.filmon.com%2Fcouch%2Fchannels%2F366%2Fextra_big_logo.png&amp;start=al-arabiya&amp;ch_fanart=366</link>
</item>
</streaminginfo>

<streaminginfo>
<cname>MBC 2</cname>
<item>
<title>only for Backup Filmon---> You need to install F.T.V addon</title>
<link>plugin://plugin.video.F.T.V/?url=http%3A%2F%2Fwww.filmon.com%2Fchannel%2Fmbc2&amp;mode=125&amp;name=MBC2&amp;iconimage=http%3A%2F%2Fstatic.filmon.com%2Fcouch%2Fchannels%2F368%2Fextra_big_logo.png&amp;start=mbc2&amp;ch_fanart=368</link>
</item>
</streaminginfo>

<streaminginfo>
<cname>MBC 1</cname>
<item><title>only for Backup Filmon---> You need to install F.T.V addon</title><link>plugin://plugin.video.F.T.V/?url=http%3A%2F%2Fwww.filmon.com%2Fchannel%2Fmbc&amp;mode=125&amp;name=MBC&amp;iconimage=http%3A%2F%2Fstatic.filmon.com%2Fcouch%2Fchannels%2F367%2Fextra_big_logo.png&amp;start=mbc&amp;ch_fanart=367</link>
</item>  
</streaminginfo>
<streaminginfo>
     	<cname>Al Fayhaa</cname>
	<item>
<title>Filmon High</title>
<link>rtmp://$doregex[url] app=live/$doregex[key] playpath=1790.high.stream swfUrl=http://www.filmon.com/tv/modules/FilmOnTV/files/flashapp/filmon/FilmonPlayer.swf pageUrl=http://www.filmon.com live=true timeout=15</link>
   <regex>
     <name>url</name>
     <expres>rtmp:....([^\\]*)</expres>
     <page>http://www.filmon.com/tv/channel/export?channel_id=1790</page>
   </regex>
   <regex>
     <name>key</name>
     <expres>rtmp[^?]*(\?id=[^"]*)</expres>
     <page>http://www.filmon.com/tv/channel/export?channel_id=1790</page>
   </regex>
</item>
</streaminginfo>
<streaminginfo>
     	<cname>Al Fayhaa</cname>
	<item>
<title>Filmon Low</title>
<link>rtmp://$doregex[url] app=live/$doregex[key] playpath=1790.low.stream swfUrl=http://www.filmon.com/tv/modules/FilmOnTV/files/flashapp/filmon/FilmonPlayer.swf pageUrl=http://www.filmon.com live=true timeout=15</link>
   <regex>
     <name>url</name>
     <expres>rtmp:....([^\\]*)</expres>
     <page>http://www.filmon.com/tv/channel/export?channel_id=1790</page>
   </regex>
   <regex>
     <name>key</name>
     <expres>rtmp[^?]*(\?id=[^"]*)</expres>
     <page>http://www.filmon.com/tv/channel/export?channel_id=1790</page>
   </regex>
</item>
</streaminginfo>
<streaminginfo>
     	<cname>Suroyo</cname>
	<item>
<title>Filmon High</title>
<link>rtmp://$doregex[url] app=live/$doregex[key] playpath=1796.high.stream swfUrl=http://www.filmon.com/tv/modules/FilmOnTV/files/flashapp/filmon/FilmonPlayer.swf pageUrl=http://www.filmon.com live=true timeout=15</link>
   <regex>
     <name>url</name>
     <expres>rtmp:....([^\\]*)</expres>
     <page>http://www.filmon.com/tv/channel/export?channel_id=1796</page>
   </regex>
   <regex>
     <name>key</name>
     <expres>rtmp[^?]*(\?id=[^"]*)</expres>
     <page>http://www.filmon.com/tv/channel/export?channel_id=1796</page>
   </regex>
</item>
</streaminginfo>
<streaminginfo>
     	<cname>Suroyo</cname>
	<item>
<title>Filmon Low</title>
<link>rtmp://$doregex[url] app=live/$doregex[key] playpath=1796.low.stream swfUrl=http://www.filmon.com/tv/modules/FilmOnTV/files/flashapp/filmon/FilmonPlayer.swf pageUrl=http://www.filmon.com live=true timeout=15</link>
   <regex>
     <name>url</name>
     <expres>rtmp:....([^\\]*)</expres>
     <page>http://www.filmon.com/tv/channel/export?channel_id=1796</page>
   </regex>
   <regex>
     <name>key</name>
     <expres>rtmp[^?]*(\?id=[^"]*)</expres>
     <page>http://www.filmon.com/tv/channel/export?channel_id=1796</page>
   </regex>
</item>
</streaminginfo>


<streaminginfo><cname>Aljazeera Doc</cname>
<item>
<title>Filmon Low</title>
<link>rtmp://$doregex[url] app=live/$doregex[key] playpath=3029.low.stream swfUrl=http://www.filmon.com/tv/modules/FilmOnTV/files/flashapp/filmon/FilmonPlayer.swf pageUrl=http://www.filmon.com live=true timeout=15</link>
   <regex>
     <name>url</name>
     <expres>rtmp:....([^\\]*)</expres>
     <page>http://www.filmon.com/tv/channel/export?channel_id=3029</page>
   </regex>
   <regex>
     <name>key</name>
     <expres>rtmp[^?]*(\?id=[^"]*)</expres>
     <page>http://www.filmon.com/tv/channel/export?channel_id=3029</page>
   </regex>
</item>
</streaminginfo>
<streaminginfo><cname>Aljazeera Doc</cname>
<item>
<title>Filmon High</title>
<link>rtmp://$doregex[url] app=live/$doregex[key] playpath=3029.high.stream swfUrl=http://www.filmon.com/tv/modules/FilmOnTV/files/flashapp/filmon/FilmonPlayer.swf pageUrl=http://www.filmon.com live=true timeout=15</link>
   <regex>
     <name>url</name>
     <expres>rtmp:....([^\\]*)</expres>
     <page>http://www.filmon.com/tv/channel/export?channel_id=3029</page>
   </regex>
   <regex>
     <name>key</name>
     <expres>rtmp[^?]*(\?id=[^"]*)</expres>
     <page>http://www.filmon.com/tv/channel/export?channel_id=3029</page>
   </regex>
</item>
</streaminginfo>
<streaminginfo>
     	<cname>Aljazeera Mubasher</cname>
	<item>
<title> Filmon high</title>
<link>rtmp://$doregex[url] app=live/$doregex[key] playpath=3032.high.stream swfUrl=http://www.filmon.com/tv/modules/FilmOnTV/files/flashapp/filmon/FilmonPlayer.swf pageUrl=http://www.filmon.com live=true timeout=15</link>
   <regex>
     <name>url</name>
     <expres>rtmp:....([^\\]*)</expres>
     <page>http://www.filmon.com/tv/channel/export?channel_id=3032</page>
   </regex>
   <regex>
     <name>key</name>
     <expres>rtmp[^?]*(\?id=[^"]*)</expres>
     <page>http://www.filmon.com/tv/channel/export?channel_id=3032</page>
   </regex>
</item>
</streaminginfo>
<streaminginfo>
     	<cname>Aljazeera Mubasher</cname>
	<item>
<title> Filmon Low</title>
<link>rtmp://$doregex[url] app=live/$doregex[key] playpath=3032.low.stream swfUrl=http://www.filmon.com/tv/modules/FilmOnTV/files/flashapp/filmon/FilmonPlayer.swf pageUrl=http://www.filmon.com live=true timeout=15</link>
   <regex>
     <name>url</name>
     <expres>rtmp:....([^\\]*)</expres>
     <page>http://www.filmon.com/tv/channel/export?channel_id=3032</page>
   </regex>
   <regex>
     <name>key</name>
     <expres>rtmp[^?]*(\?id=[^"]*)</expres>
     <page>http://www.filmon.com/tv/channel/export?channel_id=3032</page>
   </regex>
</item>
</streaminginfo>


<streaminginfo>
     	<cname>Aljazeera</cname>
	<item>
<title>Filmon High</title>
<link>rtmp://$doregex[url] app=live/$doregex[key] playpath=3035.high.stream swfUrl=http://www.filmon.com/tv/modules/FilmOnTV/files/flashapp/filmon/FilmonPlayer.swf pageUrl=http://www.filmon.com live=true timeout=15</link>
   <regex>
     <name>url</name>
     <expres>rtmp:....([^\\]*)</expres>
     <page>http://www.filmon.com/tv/channel/export?channel_id=3035</page>
   </regex>
   <regex>
     <name>key</name>
     <expres>rtmp[^?]*(\?id=[^"]*)</expres>
     <page>http://www.filmon.com/tv/channel/export?channel_id=3035</page>
   </regex>
</item>
</streaminginfo>
<streaminginfo>
     	<cname>Aljazeera</cname>
	<item>
<title>Filmon Low</title>
<link>rtmp://$doregex[url] app=live/$doregex[key] playpath=3035.low.stream swfUrl=http://www.filmon.com/tv/modules/FilmOnTV/files/flashapp/filmon/FilmonPlayer.swf pageUrl=http://www.filmon.com live=true timeout=15</link>
   <regex>
     <name>url</name>
     <expres>rtmp:....([^\\]*)</expres>
     <page>http://www.filmon.com/tv/channel/export?channel_id=3035</page>
   </regex>
   <regex>
     <name>key</name>
     <expres>rtmp[^?]*(\?id=[^"]*)</expres>
     <page>http://www.filmon.com/tv/channel/export?channel_id=3035</page>
   </regex>
</item>
</streaminginfo>


<streaminginfo>
     	<cname>Aljazeera Mubasher Masr</cname>
	<item>
<title>Filmon High</title>
<link>rtmp://$doregex[url] app=live/$doregex[key] playpath=3041.high.stream swfUrl=http://www.filmon.com/tv/modules/FilmOnTV/files/flashapp/filmon/FilmonPlayer.swf pageUrl=http://www.filmon.com live=true timeout=15</link>
   <regex>
     <name>url</name>
     <expres>rtmp:....([^\\]*)</expres>
     <page>http://www.filmon.com/tv/channel/export?channel_id=3041</page>
   </regex>
   <regex>
     <name>key</name>
     <expres>rtmp[^?]*(\?id=[^"]*)</expres>
     <page>http://www.filmon.com/tv/channel/export?channel_id=3041</page>
   </regex>
</item>
</streaminginfo>
<streaminginfo>
     	<cname>Aljazeera Mubasher Masr</cname>
	<item>
<title>Filmon Low</title>
<link>rtmp://$doregex[url] app=live/$doregex[key] playpath=3041.low.stream swfUrl=http://www.filmon.com/tv/modules/FilmOnTV/files/flashapp/filmon/FilmonPlayer.swf pageUrl=http://www.filmon.com live=true timeout=15</link>
   <regex>
     <name>url</name>
     <expres>rtmp:....([^\\]*)</expres>
     <page>http://www.filmon.com/tv/channel/export?channel_id=3041</page>
   </regex>
   <regex>
     <name>key</name>
     <expres>rtmp[^?]*(\?id=[^"]*)</expres>
     <page>http://www.filmon.com/tv/channel/export?channel_id=3041</page>
   </regex>
</item>
</streaminginfo>
<streaminginfo>
     	<cname>Aljazeera US</cname>
	<item>
<title>Filmon High</title>
<link>rtmp://$doregex[url] app=live/$doregex[key] playpath=3044.high.stream swfUrl=http://www.filmon.com/tv/modules/FilmOnTV/files/flashapp/filmon/FilmonPlayer.swf pageUrl=http://www.filmon.com live=true timeout=15</link>
   <regex>
     <name>url</name>
     <expres>rtmp:....([^\\]*)</expres>
     <page>http://www.filmon.com/tv/channel/export?channel_id=3044</page>
   </regex>
   <regex>
     <name>key</name>
     <expres>rtmp[^?]*(\?id=[^"]*)</expres>
     <page>http://www.filmon.com/tv/channel/export?channel_id=3044</page>
   </regex>
</item>

</streaminginfo>

<streaminginfo>
     	<cname>Aljazeera US</cname>
	<item>
<title>Filmon Low</title>
<link>rtmp://$doregex[url] app=live/$doregex[key] playpath=3044.low.stream swfUrl=http://www.filmon.com/tv/modules/FilmOnTV/files/flashapp/filmon/FilmonPlayer.swf pageUrl=http://www.filmon.com live=true timeout=15</link>
   <regex>
     <name>url</name>
     <expres>rtmp:....([^\\]*)</expres>
     <page>http://www.filmon.com/tv/channel/export?channel_id=3044</page>
   </regex>
   <regex>
     <name>key</name>
     <expres>rtmp[^?]*(\?id=[^"]*)</expres>
     <page>http://www.filmon.com/tv/channel/export?channel_id=3044</page>
   </regex>
</item>

</streaminginfo>
<streaminginfo>
     	<cname>KSA 2</cname>
	<item>
<title> Filmon High</title>
<link>rtmp://$doregex[url] app=live/$doregex[key] playpath=1778.high.stream swfUrl=http://www.filmon.com/tv/modules/FilmOnTV/files/flashapp/filmon/FilmonPlayer.swf pageUrl=http://www.filmon.com live=true timeout=15</link>
   <regex>
     <name>url</name>
     <expres>rtmp:....([^\\]*)</expres>
     <page>http://www.filmon.com/tv/channel/export?channel_id=1778</page>
   </regex>
   <regex>
     <name>key</name>
     <expres>rtmp[^?]*(\?id=[^"]*)</expres>
     <page>http://www.filmon.com/tv/channel/export?channel_id=1778</page>
   </regex>
</item>
</streaminginfo>
<streaminginfo>
     	<cname>KSA 2</cname>
	<item>
<title>Filmon low</title>
<link>rtmp://$doregex[url] app=live/$doregex[key] playpath=1778.low.stream swfUrl=http://www.filmon.com/tv/modules/FilmOnTV/files/flashapp/filmon/FilmonPlayer.swf pageUrl=http://www.filmon.com live=true timeout=15</link>
   <regex>
     <name>url</name>
     <expres>rtmp:....([^\\]*)</expres>
     <page>http://www.filmon.com/tv/channel/export?channel_id=1778</page>
   </regex>
   <regex>
     <name>key</name>
     <expres>rtmp[^?]*(\?id=[^"]*)</expres>
     <page>http://www.filmon.com/tv/channel/export?channel_id=1778</page>
   </regex>
</item>
</streaminginfo>
<streaminginfo>
     	<cname>Saudia Sport</cname>
	<item>
<title>Filmon High</title>
<link>rtmp://$doregex[url] app=live/$doregex[key] playpath=1781.high.stream swfUrl=http://www.filmon.com/tv/modules/FilmOnTV/files/flashapp/filmon/FilmonPlayer.swf pageUrl=http://www.filmon.com live=true timeout=15</link>
   <regex>
     <name>url</name>
     <expres>rtmp:....([^\\]*)</expres>
     <page>http://www.filmon.com/tv/channel/export?channel_id=1781</page>
   </regex>
   <regex>
     <name>key</name>
     <expres>rtmp[^?]*(\?id=[^"]*)</expres>
     <page>http://www.filmon.com/tv/channel/export?channel_id=1781</page>
   </regex>
</item>
</streaminginfo>
<streaminginfo>
<cname>Saudia Sport</cname>
<item>
<title>Filmon Low</title>
<link>rtmp://$doregex[url] app=live/$doregex[key] playpath=1781.low.stream swfUrl=http://www.filmon.com/tv/modules/FilmOnTV/files/flashapp/filmon/FilmonPlayer.swf pageUrl=http://www.filmon.com live=true timeout=15</link>
   <regex>
     <name>url</name>
     <expres>rtmp:....([^\\]*)</expres>
     <page>http://www.filmon.com/tv/channel/export?channel_id=1781</page>
   </regex>
   <regex>
     <name>key</name>
     <expres>rtmp[^?]*(\?id=[^"]*)</expres>
     <page>http://www.filmon.com/tv/channel/export?channel_id=1781</page>
   </regex>
</item>
</streaminginfo>
<streaminginfo>
     	<cname>Rotana Masriya</cname>
	<item>
<title>Filmon High</title>
<link>rtmp://$doregex[url] app=live/$doregex[key] playpath=2612.high.stream swfUrl=http://www.filmon.com/tv/modules/FilmOnTV/files/flashapp/filmon/FilmonPlayer.swf pageUrl=http://www.filmon.com live=true timeout=15</link>
   <regex>
     <name>url</name>
     <expres>rtmp:....([^\\]*)</expres>
     <page>http://www.filmon.com/tv/channel/export?channel_id=2612</page>
   </regex>
   <regex>
     <name>key</name>
     <expres>rtmp[^?]*(\?id=[^"]*)</expres>
     <page>http://www.filmon.com/tv/channel/export?channel_id=2612</page>
   </regex>
</item>
</streaminginfo>
<streaminginfo>
     	<cname>Rotana Masriya</cname>
	<item>
<title>Filmon Low</title>
<link>rtmp://$doregex[url] app=live/$doregex[key] playpath=2612.low.stream swfUrl=http://www.filmon.com/tv/modules/FilmOnTV/files/flashapp/filmon/FilmonPlayer.swf pageUrl=http://www.filmon.com live=true timeout=15</link>
   <regex>
     <name>url</name>
     <expres>rtmp:....([^\\]*)</expres>
     <page>http://www.filmon.com/tv/channel/export?channel_id=2612</page>
   </regex>
   <regex>
     <name>key</name>
     <expres>rtmp[^?]*(\?id=[^"]*)</expres>
     <page>http://www.filmon.com/tv/channel/export?channel_id=2612</page>
   </regex>
</item>
</streaminginfo>

<streaminginfo>
     	<cname>KSA 1</cname>
	<item>
<title> Filmon High</title>
<link>rtmp://$doregex[url] app=live/$doregex[key] playpath=1775.high.stream swfUrl=http://www.filmon.com/tv/modules/FilmOnTV/files/flashapp/filmon/FilmonPlayer.swf pageUrl=http://www.filmon.com live=true timeout=15</link>
   <regex>
     <name>url</name>
     <expres>rtmp:....([^\\]*)</expres>
     <page>http://www.filmon.com/tv/channel/export?channel_id=1775</page>
   </regex>
   <regex>
     <name>key</name>
     <expres>rtmp[^?]*(\?id=[^"]*)</expres>
     <page>http://www.filmon.com/tv/channel/export?channel_id=1775</page>
   </regex>
</item>

</streaminginfo>
<streaminginfo>
     	<cname>KSA 1</cname>
	<item>
<title>Filmon Low</title>
<link>rtmp://$doregex[url] app=live/$doregex[key] playpath=1775.low.stream swfUrl=http://www.filmon.com/tv/modules/FilmOnTV/files/flashapp/filmon/FilmonPlayer.swf pageUrl=http://www.filmon.com live=true timeout=15</link>
   <regex>
     <name>url</name>
     <expres>rtmp:....([^\\]*)</expres>
     <page>http://www.filmon.com/tv/channel/export?channel_id=1775</page>
   </regex>
   <regex>
     <name>key</name>
     <expres>rtmp[^?]*(\?id=[^"]*)</expres>
     <page>http://www.filmon.com/tv/channel/export?channel_id=1775</page>
   </regex>
</item>

</streaminginfo>
<streaminginfo>
     	<cname>I Film</cname>
	<item>
<title>Filmon High</title>
<link>rtmp://$doregex[url] app=live/$doregex[key] playpath=908.high.stream swfUrl=http://www.filmon.com/tv/modules/FilmOnTV/files/flashapp/filmon/FilmonPlayer.swf pageUrl=http://www.filmon.com live=true timeout=15</link>
   <regex>
     <name>url</name>
     <expres>rtmp:....([^\\]*)</expres>
     <page>http://www.filmon.com/tv/channel/export?channel_id=908</page>
   </regex>
   <regex>
     <name>key</name>
     <expres>rtmp[^?]*(\?id=[^"]*)</expres>
     <page>http://www.filmon.com/tv/channel/export?channel_id=908</page>
   </regex>
</item>
</streaminginfo>

<streaminginfo>
     	<cname>I Film</cname>
	<item>
<title>Filmon Low</title>
<link>rtmp://$doregex[url] app=live/$doregex[key] playpath=908.low.stream swfUrl=http://www.filmon.com/tv/modules/FilmOnTV/files/flashapp/filmon/FilmonPlayer.swf pageUrl=http://www.filmon.com live=true timeout=15</link>
   <regex>
     <name>url</name>
     <expres>rtmp:....([^\\]*)</expres>
     <page>http://www.filmon.com/tv/channel/export?channel_id=908</page>
   </regex>
   <regex>
     <name>key</name>
     <expres>rtmp[^?]*(\?id=[^"]*)</expres>
     <page>http://www.filmon.com/tv/channel/export?channel_id=908</page>
   </regex>
</item>
</streaminginfo>



<streaminginfo>
     	<cname>Dubai Sport 1</cname>
	<item>
<title>Filmon High</title>
<link>rtmp://$doregex[url] app=live/$doregex[key] playpath=79.high.stream swfUrl=http://www.filmon.com/tv/modules/FilmOnTV/files/flashapp/filmon/FilmonPlayer.swf pageUrl=http://www.filmon.com live=true timeout=15</link>
   <regex>
     <name>url</name>
     <expres>rtmp:....([^\\]*)</expres>
     <page>http://www.filmon.com/tv/channel/export?channel_id=79</page>
   </regex>
   <regex>
     <name>key</name>
     <expres>rtmp[^?]*(\?id=[^"]*)</expres>
     <page>http://www.filmon.com/tv/channel/export?channel_id=79</page>
   </regex>
</item>
</streaminginfo>
<streaminginfo>
     	<cname>Dubai Sport 1</cname>
	<item>
<title>Filmon Low</title>
<link>rtmp://$doregex[url] app=live/$doregex[key] playpath=79.low.stream swfUrl=http://www.filmon.com/tv/modules/FilmOnTV/files/flashapp/filmon/FilmonPlayer.swf pageUrl=http://www.filmon.com live=true timeout=15</link>
   <regex>
     <name>url</name>
     <expres>rtmp:....([^\\]*)</expres>
     <page>http://www.filmon.com/tv/channel/export?channel_id=79</page>
   </regex>
   <regex>
     <name>key</name>
     <expres>rtmp[^?]*(\?id=[^"]*)</expres>
     <page>http://www.filmon.com/tv/channel/export?channel_id=79</page>
   </regex>
</item>
</streaminginfo>

<streaminginfo><cname>OSN Cinema 1</cname><item><title>iptvosn</title><link>http://88.150.198.74/$setting_iptvosnUser$/$setting_iptvosnPwd$/58.ch</link></item></streaminginfo>
<streaminginfo><cname>AlYawm</cname><item><title>iptvosn Orbit  Alyawm</title><link>http://88.150.198.74/$setting_iptvosnUser$/$setting_iptvosnPwd$/60.ch</link></item></streaminginfo>
<streaminginfo><cname>OSN Sries</cname><item><title>iptvosn</title><link>http://88.150.198.74/$setting_iptvosnUser$/$setting_iptvosnPwd$/62.ch</link></item></streaminginfo>
<streaminginfo><cname>OSN Fann</cname><item><title>Fann</title><link>http://88.150.198.74/$setting_iptvosnUser$/$setting_iptvosnPwd$/61.ch</link></item></streaminginfo>
<streaminginfo><cname>OSN Music Now</cname><item><title>iptvosn</title><link>http://88.150.198.74/$setting_iptvosnUser$/$setting_iptvosnPwd$/64.ch</link></item></streaminginfo>
<streaminginfo><cname>Al Safwa</cname><item><title>iptvosn </title><link>http://88.150.198.74/$setting_iptvosnUser$/$setting_iptvosnPwd$/63.ch</link></item></streaminginfo>


<streaminginfo>
<cname>Saudia Sport</cname>
<item>
<title>Filmon </title>
<link>rtmp://$doregex[url] app=live/$doregex[key] playpath=1781.low.stream swfUrl=http://www.filmon.com/tv/modules/FilmOnTV/files/flashapp/filmon/FilmonPlayer.swf pageUrl=http://www.filmon.com live=true timeout=15</link>
   <regex>
     <name>url</name>
     <expres>rtmp:....([^\\]*)</expres>
     <page>http://www.filmon.com/tv/channel/export?channel_id=1781</page>
   </regex>
   <regex>
     <name>key</name>
     <expres>rtmp[^?]*(\?id=[^"]*)</expres>
     <page>http://www.filmon.com/tv/channel/export?channel_id=1781</page>
   </regex>
</item>
</streaminginfo>
<streaminginfo>
	<cname>Medi 1 Sat</cname>
	<item>
	<title>iptvosn</title>
	<link>http://88.150.198.74/$setting_iptvosnUser$/$setting_iptvosnPwd$/349.ch</link>
	</item>
</streaminginfo>

<streaminginfo>
	<cname>Mazeka zoom</cname>
	<item>
	<title>iptvosn</title>
	<link>http://88.150.198.74/$setting_iptvosnUser$/$setting_iptvosnPwd$/132.ch</link>
	</item>
</streaminginfo>

<streaminginfo>
	<cname>Maghreb</cname>
	<item>
	<title>iptvosn</title>
	<link>http://88.150.198.74/$setting_iptvosnUser$/$setting_iptvosnPwd$/149.ch</link>
	</item>
</streaminginfo>

<streaminginfo>
	<cname>Al Maghribia</cname>
	<item>
	<title>iptvosn</title>
	<link>http://88.150.198.74/$setting_iptvosnUser$/$setting_iptvosnPwd$/122.ch</link>
	</item>
</streaminginfo>
<streaminginfo>
	<cname>Al Magharibia</cname>
	<item>
	<title>iptvosn </title>
	<link>http://88.150.198.74/$setting_iptvosnUser$/$setting_iptvosnPwd$/142.ch</link>
	</item>
</streaminginfo>
<streaminginfo>
     	<cname>Noor Dubai</cname>
	<item>
	<title>Original source</title>
	<link>http://cdnedvrnoordubaitv.endavomedia.com/smil:dmilivenoordubaitvhls.smil/playlist.m3u8</link>
	</item>
</streaminginfo>
<streaminginfo>
     	<cname>Sama Dubai</cname>
	<item>
	<title>Original source</title>
	<link>http://cdnedvrsamadubai.endavomedia.com/smil:dmilivesamadubaihls.smil/playlist.m3u8</link>
	</item>
</streaminginfo>
<streaminginfo>
     	<cname>Dubai</cname>
	<item>
	<title>Original source</title>
	<link>http://cdnedvrdubaitv.endavomedia.com/smil:dmilivedubaitvhls.smil/playlist.m3u8</link>
	</item>
</streaminginfo>
<streaminginfo>
     	<cname>Alinsen</cname>
	<item>
	<title>Ustream</title>
	<link>http://iphone-streaming.ustream.tv/ustreamVideo/17183652/streams/live/playlist.m3u8</link>
	</item>
</streaminginfo>
<streaminginfo>
     	<cname>Alriadia Sport</cname>
	<item>
	<title>Janjua</title>
	<link>rtmp://206.190.153.70/live playpath=arryadia?id=12387 conn=S:OK swfUrl=http://www.janjua.tv/resources/scripts/eplayer.swf pageUrl=http://www.janjua.tv/embedplayer/arryadia/1/500/400live=true timeout=15</link>
	</item>
</streaminginfo>
<streaminginfo>
     	<cname>Dubai Sport 3</cname>
	<item>
	<title>Original source</title>
	<link>http://dmilivedubaisports3.ios.internapcdn.net/dmiLiveDubaiSports3/live_1/dmilivedubaisports3_3/CCURstream1029600.m3u8</link>
	</item>
</streaminginfo>
<streaminginfo>
     	<cname>Al Tunisia</cname>
	<item>
	<title>zenex</title>
	<link>rtmp://208.43.175.45/zenex playPath=ettouns002?id=68 conn=S:OK swfUrl=http://www.zenex.tv/data/scripts/eplayer.swf pageUrl=http://www.zenex.tv/embedplayer/ettouns002/1/500/400 live=1 timeout=10</link>
	</item>
</streaminginfo>
<streaminginfo>
     	<cname>Tunisia national 2</cname>
	<item>
	<title>zenex</title>
	<link>rtmp://208.43.175.45/zenex playPath=wat2001?id=68 conn=S:OK swfUrl=http://www.zenex.tv/data/scripts/eplayer.swf pageUrl=http://www.zenex.tv/embedplayer/wat2001/1/500/400 live=1 timeout=10</link>
	</item>
</streaminginfo>
<streaminginfo>
     	<cname>Al Mutawasit</cname>
	<item>
	<title>zenex</title>
	<link>rtmp://208.43.175.45/zenex playPath=mutawa001?id=68 conn=S:OK swfUrl=http://www.zenex.tv/data/scripts/eplayer.swf pageUrl=http://www.zenex.tv/embedplayer/mutawa001/1/500/400 live=1 timeout=10</link>
	</item>
</streaminginfo>

<streaminginfo>
     <cname>Hanibal</cname>
	<item>
	<title>zenex</title>
	<link>rtmp://208.43.175.45/zenex playPath=hann002?id=68 conn=S:OK swfUrl=http://www.zenex.tv/data/scripts/eplayer.swf pageUrl=http://www.zenex.tv/embedplayer/hann002/1/500/400 live=1 timeout=10</link>
	</item>
</streaminginfo>
<streaminginfo>
     <cname>Karbala</cname>
<item>
<title>Original source</title>
<link>rtmp://KarbalaTV.secureflash.internapcdn.net/ app=$doregex[get-app] playpath=karbalatv swfUrl=http://karbalatv.http.internapcdn.net/KarbalaTV/jwplayer58L/player.swf pageUrl=http://www.karbala-tv.net/live.php live=true timeout=15</link>
<regex>
<name>get-app</name>
<expres>rtmp.*net\/([^&amp;]*)</expres>
<page>http://www.karbala-tv.net/live.php</page>
</regex>
</item>
</streaminginfo>

<streaminginfo>
     <cname>Hanibal</cname>
	<item>
	<title>WebMedias</title>
	<link>rtmp://iptv.web-medias.net/live playpath=hanibal swfUrl=http://www.web-medias.net/jwplayer.swf pageUrl=http://www.web-medias.net/iptv/%3Fch%3Dhanibal live=true timeout=15</link>
	</item>
</streaminginfo>

<streaminginfo>
     <cname>Egypt 1</cname>
	<item>
	<title>Original source</title>
	<link>rtmp://livestreaming4.onlinehorizons.net/ app=ERTUCH1 playpath=livestream swfUrl=http://onlinehorizons.net/livestreaming/ertu/player.swf pageUrl=http://onlinehorizons.net/livestreaming/ertu/indexch1.html live=true timeout=15</link>
	</item>
</streaminginfo>
<streaminginfo>
     <cname>Al Masriyah</cname>
<item>
<title>Original source</title>
<link>rtmp://livestreaming4.onlinehorizons.net/ app=ERTUEgy playpath=livestream swfUrl=http://onlinehorizons.net/livestreaming/ertu/player.swf pageUrl=http://onlinehorizons.net/livestreaming/ertu/indexch1.html live=true timeout=15</link>
</item>
</streaminginfo>
<streaminginfo>
     <cname>Egypt 2</cname>
	<item>
	<title>Original source</title>
	<link>rtmp://livestreaming4.onlinehorizons.net/ app=ERTUCH2 playpath=livestream swfUrl=http://onlinehorizons.net/livestreaming/ertu/player.swf pageUrl=http://onlinehorizons.net/livestreaming/ertu/indexch2.html live=true timeout=15</link>
	</item>
</streaminginfo>
<streaminginfo>
     <cname>Chelsea TV</cname>
	<item>
	<title>WebMedias</title>
	<link>rtmp://cp96798.live.edgefcs.net/live playpath=ChelTV_Ch01_1000k@26291 swfUrl=http://www.web-medias.net/jwplayer.swf pageUrl=http://www.web-medias.net/chelsea-tv-en-direct-live-sport-video_957eba4b8.html live=true timeout=15</link>
	</item>
</streaminginfo>

<streaminginfo>
     <cname>Zee Aflam</cname>
	<item>
	<title>WebMedias</title>
	<link>rtmp://iptv.web-medias.net/live playpath=zee_aflam swfUrl=http://www.web-medias.net/jwplayer.swf pageUrl=http://www.web-medias.net/iptv/%3Fch%3Dzee_aflam live=true timeout=15</link>
	</item>
</streaminginfo>
<streaminginfo>
     <cname>MBC 4</cname>
	<item>
	<title>WebMedias</title>
	<link>rtmp://iptv.web-medias.net/live playpath=mbc_4 swfUrl=http://www.web-medias.net/jwplayer.swf pageUrl=http://www.web-medias.net/iptv/%3Fch%3Dmbc_4 live=true timeout=15</link>
	</item>
</streaminginfo>

<streaminginfo>
     <cname>Abu Dhabi Drama</cname>
	<item>
	<title>WebMedias</title>
	<link>rtmp://iptv.web-medias.net/live playpath=abu_dhabi_drama swfUrl=http://www.web-medias.net/jwplayer.swf pageUrl=http://www.web-medias.net/iptv/%3Fch%3Dabu_dhabi_drama live=true timeout=15</link>
	</item>
</streaminginfo>

<streaminginfo>
     <cname>MBC Bollywood</cname>
	<item>
	<title>WebMedias</title>
	<link>rtmp://iptv.web-medias.net/live playpath=mbc_bollywood swfUrl=http://www.web-medias.net/jwplayer.swf pageUrl=http://www.web-medias.net/iptv/%3Fch%3Dmbc_bollywood live=true timeout=15</link>
	</item>
</streaminginfo>

<streaminginfo>
     <cname>MBC 4</cname>
	<item>
	<title>WebMedias</title>
	<link>rtmp://iptv.web-medias.net/live playpath=mbc_4 swfUrl=http://www.web-medias.net/jwplayer.swf pageUrl=http://www.web-medias.net/iptv/%3Fch%3Dmbc_4 live=true timeout=15</link>
	</item>
</streaminginfo>


<streaminginfo>
     <cname>MBC 3</cname>
	<item>
	<title>WebMedias</title>
	<link>rtmp://iptv.web-medias.net/live playpath=mbc_3 swfUrl=http://www.web-medias.net/jwplayer.swf pageUrl=http://www.web-medias.net/iptv/%3Fch%3Dmbc_3 live=true timeout=15</link>
	</item>
</streaminginfo>
<streaminginfo>
     <cname>Samira Tv</cname>
	<item>
	<title>WebMedias</title>
	<link>rtmp://iptv.web-medias.net/live playpath=samira_tv swfUrl=http://www.web-medias.net/jwplayer.swf pageUrl=http://www.web-medias.net/iptv/%3Fch%3Dsamira_tv live=true timeout=15</link>
	</item>
</streaminginfo>
<streaminginfo>
     <cname>Alhayat-Series</cname>
	<item>
	<title>WebMedias</title>
	<link>rtmp://iptv.web-medias.net/live playpath=alhayat_series swfUrl=http://www.web-medias.net/jwplayer.swf pageUrl=http://www.web-medias.net/iptv/%3Fch%3Dalhayat_series live=true timeout=15</link>
	</item>
</streaminginfo>


<streaminginfo>
     <cname>Alhayat Cinema</cname>
	<item>
	<title>WebMedias</title>
	<link>rtmp://iptv.web-medias.net/live playpath=alhayat_cinema swfUrl=http://www.web-medias.net/jwplayer.swf pageUrl=http://www.web-medias.net/iptv/%3Fch%3Dalhayat_cinema live=true timeout=15</link>
	</item>
</streaminginfo>
<streaminginfo>
     <cname>Alhayat 1</cname>
	<item>
	<title>WebMedias</title>
	<link>rtmp://iptv.web-medias.net/live playpath=alhayat_1 swfUrl=http://www.web-medias.net/jwplayer.swf pageUrl=http://www.web-medias.net/iptv/%3Fch%3Dalhayat_1 live=true timeout=15</link>
	</item>
</streaminginfo>
<streaminginfo>
     <cname>MBC Drama+ plus</cname>
	<item>
	<title>WebMedias</title>
	<link>rtmp://iptv.web-medias.net/live playpath=mbc_plus swfUrl=http://www.web-medias.net/jwplayer.swf pageUrl=http://www.web-medias.net/iptv/%3Fch%3Dmbc_plus live=true timeout=15</link>
	</item>
</streaminginfo>
<streaminginfo>
     <cname>MBC Max</cname>
	<item>
	<title>WebMedias</title>
	<link>rtmp://iptv.web-medias.net/live playpath=mbc_max swfUrl=http://www.web-medias.net/jwplayer.swf pageUrl=http://www.web-medias.net/iptv/%3Fch%3Dmbc_max live=true timeout=15</link>
	</item>
</streaminginfo>
<streaminginfo>
     <cname>Al Haneen Music</cname>
	<item>
	<title>You need Justin addon. need time to start</title>
	<link>plugin://plugin.video.jtv.archives/?mode=get_channel&amp;name=musichaneentv&amp;play=1</link>
	</item>
</streaminginfo>
<streaminginfo>
     <cname>Zaitouna</cname>
	<item>
	<title>You need Justin addon. need time to start</title>
	<link>plugin://plugin.video.jtv.archives/?mode=get_channel&amp;name=zaytounatv&amp;play=1</link>
	</item>
</streaminginfo>




<streaminginfo>
     <cname>Qatar</cname>
	 <item>
<title>Qatar Gini</title>
<link>$doregex[url]</link>
<regex>
<name>url</name>
<expres>file: "([^"]*)</expres>
<page>http://giniko.com/watch.php?id=11</page>
</regex>
<thumbnail>http://giniko.com/logos/190x110/11.jpeg</thumbnail>
</item>
</streaminginfo>

<streaminginfo>
     <cname>Oman</cname>
	 <item>
<title>Oman Gini</title>
<link>$doregex[url]</link>
<regex>
<name>url</name>
<expres>file: "([^"]*)</expres>
<page>http://giniko.com/watch.php?id=184</page>
</regex>
<thumbnail>http://giniko.com/logos/190x110/184.jpg</thumbnail>
</item>
</streaminginfo>

<streaminginfo>
     <cname>Aliraqiya</cname>
	 <item>
<title>Aliraqiya Gini</title>
<link>$doregex[url]</link>
<regex>
<name>url</name>
<expres>file: "([^"]*)</expres>
<page>http://giniko.com/watch.php?id=182</page>
</regex>
<thumbnail>http://giniko.com/logos/190x110/182.jpg</thumbnail>
</item>
</streaminginfo>

<streaminginfo>
     <cname>Jordan</cname>
	 <item>
<title>Jordan Gini</title>
<link>$doregex[url]</link>
<regex>
<name>url</name>
<expres>file: "([^"]*)</expres>
<page>http://giniko.com/watch.php?id=186</page>
</regex>
<thumbnail>http://giniko.com/logos/190x110/186.jpg</thumbnail>
</item>
</streaminginfo>

<streaminginfo>
     <cname>Abu Dhabi</cname>
<item>
<title>AD Aloula Gini</title>
<link>$doregex[url]</link>
<regex>
<name>url</name>
<expres>file: "([^"]*)</expres>
<page>http://giniko.com/watch.php?id=80</page>
</regex>
<thumbnail>http://www.lyngsat-logo.com/hires/aa/abu_dhabi_tv.png</thumbnail>
</item>

</streaminginfo>
<streaminginfo>
     <cname>Aghanina</cname>
	<item>
	<title>You need to install Justin addon: Low quality</title>
	<link>plugin://plugin.video.jtv.archives/?mode=get_channel&amp;name=aghanina2014&amp;play=true</link>
	</item>
</streaminginfo>
<streaminginfo>
     <cname>Al Sumaria</cname>
	<item>
	<title>itworkscdn</title>
	<link>http://livestreaming2.itworkscdn.net/sumarialive/smil:sumariamob.smil/playlist.m3u8</link>
	</item>
</streaminginfo>
<streaminginfo>
     <cname>Remas</cname>
	<item>
	<title>itworkscdn</title>
	<link>http://livestreaming.itworkscdn.net/alremaslive/remastv/playlist.m3u8</link>
	</item>
</streaminginfo>
<streaminginfo>
     <cname>AlGeria</cname>
	<item>
	<title>Elahmad source</title>
	<link>http://www.elahmad.com/tv/m3u8/fr__a.m3u8?id=algerie</link>
	</item>
</streaminginfo>
<streaminginfo>
     <cname>Coran</cname>
	<item>
	<title>Elahmad source</title>
	<link>http://www.elahmad.com/tv/m3u8/fr__a.m3u8?id=coran</link>
	</item>
</streaminginfo>
<streaminginfo>
     <cname>Tamazigh Algeria</cname>
	<item>
	<title>Algeria Elahmad source</title>
	<link>http://www.elahmad.com/tv/m3u8/fr__a.m3u8?id=tamazight</link>
	</item>
</streaminginfo>

<streaminginfo>
     <cname>2M</cname>
	<item>
	<title>Elahmad source</title>
	<link>http://www.elahmad.com/tv/m3u8/fr__a.m3u8?id=maroc2</link>
	</item>
</streaminginfo>

<streaminginfo>
     <cname>Al Resoul TV</cname>
	<item>
	<title>ustream</title>
	<link>http://iphone-streaming.ustream.tv/ustreamVideo/12677236/streams/live/playlist.m3u8</link>
	</item>
</streaminginfo>

<streaminginfo>
     <cname>FM TV</cname>
	<item>
	<title>Low quality</title>
	<link>rtmp://fml.4120.gravlab.net/204120/fmtv swfUrl=http://fmtv.gravlab.net/004120/jwplayer/player.swf live=1 pageUrl=http://www.fmtv.tv/fm/fmtv.html live=true swfVfy=true</link>
	</item>
</streaminginfo>

<streaminginfo>
     <cname>Sharjah</cname>
	<item>
	<title>itworkscdn</title>
	<link>rtmp://livestreaming.itworkscdn.net/smc1live/ playpath=smc1tv_360p swfUrl=http://www.smc.ae/smcplayer/smcplayer/jwplayer.flash.swf pageUrl=http://www.smc.ae/stream.html swfVfy=true live=true timeout=15</link>
	</item>
</streaminginfo>

<streaminginfo>
     <cname>Hawacom</cname>
	<item>
	<title>low quality</title>
	<link>http://mobilestreaming.itworkscdn.com/hawacom/hawacomlive/playlist.m3u8</link>
	</item>
</streaminginfo>
<streaminginfo>
    <cname>Aghani</cname>
	<item>
	<title>Original Source</title>
	<link>rtmp://mobilestreaming.itworkscdn.com/aghanitv/aghanitv app=aghanitv/ pageUrl=http://www.freetv247.com/content/aghani-aghani-tv swfUrl=http://p.jwpcdn.com/6/7/jwplayer.flash.swf playPath=aghanitv swfVfy=true live=true timeout=10</link>
	</item>
</streaminginfo>
<streaminginfo>
        <cname>Sharjah</cname>
	<item>
	<title>itworkscdn</title>
	<link>rtmp://livestreaming.itworkscdn.net/smc1live/ playpath=smc1tv_360p swfUrl=http://www.smc.ae/smcplayer/smcplayer/jwplayer.flash.swf pageUrl=http://www.smc.ae/stream.html swfVfy=true live=true timeout=15</link>
	</item>
</streaminginfo>
<streaminginfo>
        <cname>Aljazeera Doc</cname>
	<item>
	<title>High Quality</title>
	<link>rtmp://aljazeeraflashlivefs.fplive.net/aljazeeraflashlive-live/ playpath=aljazeera_doc_high swfUrl=http://www.watcharab.com/tv/swf/aljazeera_documentary.swf pageUrl=http://www.elahmad.com/tv/aljazeera_documentary.php swfVfy=true live=true timeout=60</link>
	</item>
</streaminginfo>

<streaminginfo>
        <cname>Aljazeera Doc</cname>
	<item>
	<title>Medium Quality</title>
	<link>rtmp://aljazeeraflashlivefs.fplive.net/aljazeeraflashlive-live/-live playpath=aljazeera_doc_med swfUrl=http://www.arabztv.net/player.swf live=1 pageUrl=http://www.arabztv.com/ live=true swfVfy=true</link>
	</item>
</streaminginfo>
<streaminginfo>
        <cname>Alarabiya</cname>
	<item>
	<title>Original source</title>
	<link>http://livestream2.alarabiya.tv/files/mainarabia.m3u8</link>
	</item>
</streaminginfo>

<streaminginfo>
        <cname>Aljazeera Mubasher Masr</cname>
	<item>
	<title>High Quality</title>
	<link>rtmp://aljazeeraflashlivefs.fplive.net/aljazeeraflashlive-live playpath=aljazeera_misr_high swfUrl=http://www.arabztv.net/player.swf live=1 pageUrl=http://www.arabztv.com/ live=true swfVfy=true</link>
	</item>
</streaminginfo>
<streaminginfo>
    <cname>Albadawiya</cname>
	<item>
	<title>Original source: you need to install Justin addons</title>
	<link>plugin://plugin.video.f4mTester/?url=http://streamer11.elementssys.com:8080/albadawiyah-800-hdsx/archive/1400931061/now/manifest.f4m</link>
	</item>
</streaminginfo>

<streaminginfo>
    <cname>alkass</cname>
	<item>
	<title>Alkass +HD 720p</title>
	<link>http://alkass-i.akamaihd.net/hls/live/205534/kassPlusHD/zq_180s20.m3u8</link>
	</item>
</streaminginfo>
<streaminginfo>
    <cname>Al Alam</cname>
	<item>
	<title>Medium Quality</title>
	<link>rtmp://hd6.lsops.net/live playpath=alalam_ar_584 swfUrl="http://static.ls-cdn.com/player/5.10/livestation-player.swf" swfVfy=true live=true</link>
	</item>
</streaminginfo>

<streaminginfo>
    <cname>Al Alam</cname>
	<item>
	<title>Low Quality</title>
	<link>rtmp://hd6.lsops.net/live playpath=alalam_ar_162 swfUrl="http://static.ls-cdn.com/player/5.10/livestation-player.swf" swfVfy=true live=true</link>
	</item>
</streaminginfo>
<streaminginfo>
    <cname>alnabaa</cname>
	<item>
	<title>Medium Quality</title>
	<link>rtmp://alnabaa.lsops.net/live/ playpath=alnabaa_ar_364 swfUrl="http://static.ls-cdn.com/player/5.10/livestation-player.swf" swfVfy=true live=true</link>
	</item>
</streaminginfo>
<streaminginfo>
    <cname>alnabaa</cname>
	<item>
	<title>Low Quality</title>
	<link>rtmp://alnabaa.lsops.net/live/ playpath=alnabaa_ar_162 swfUrl="http://static.ls-cdn.com/player/5.10/livestation-player.swf" swfVfy=true live=true</link>
	</item>
</streaminginfo>
<streaminginfo>
    <cname>alnabaa</cname>
	<item>
	<title>Mobile Quality</title>
	<link>http://alnabaa.lsops.net/live/alnabaa_ar_hls.smil/playlist.m3u8</link>
	</item>
</streaminginfo>
<streaminginfo>
        <cname>Euro News Arabic</cname>
	<item>
	<title>High</title>
	<link>rtmp://fr-par-3.stream-relay.hexaglobe.net:1935/rtpeuronewslive/ar_video750_rtp.sdp swfUrl=http://arabic.euronews.com/media/player_live_1_13.swf pageUrl=http://www.elahmad.com/tv/euronews.php swfVfy=true live=true timeout=60</link>
	</item>
</streaminginfo>
<streaminginfo>
    <cname>Euro News Arabic</cname>
	<item>
	<title>Source1</title>
	<link>rtmp://fr-par-10-stream-relay.hexaglobe.net/rtpeuronewslive/ar_video750_rtp.sdp swfUrl=http://www.euronews.com/media/player_live_1_14.swf swfVfy=true live=true</link>
	</item>
</streaminginfo>
<streaminginfo>
        <cname>Russia Alyaum</cname>
	<item>
	<title>HD 720p Original source</title>
	<link>http://odna.octoshape.net/f3f5m2v4/cds/ch3_720p/chunklist.m3u8</link>
	</item>
</streaminginfo>

<streaminginfo>
        <cname>Russia Alyaum</cname>
	<item>
	<title>High Quality 420p Original source</title>
	<link>http://odna.octoshape.net/f3f5m2v4/cds/ch3_480p/chunklist.m3u8</link>
	</item>
</streaminginfo>

<streaminginfo>
        <cname>Russia Alyaum</cname>
	<item>
	<title>Medium Quality 320p Original Source</title>
	<link>http://odna.octoshape.net/f3f5m2v4/cds/ch3_320p/chunklist.m3u8</link>
	</item>
</streaminginfo>


<streaminginfo>
        <cname>Aljazeera</cname>
	<item>
	<title>High Quality</title>
	<link>rtmp://hd3.lsops.net/live playpath=aljazeer_ar_838 swfUrl="http://static.ls-cdn.com/player/5.10/livestation-player.swf" swfVfy=true live=true</link>
	</item>
</streaminginfo>
<streaminginfo>
        <cname>Aljazeera</cname>
	<item>
	<title>Medium Quality</title>
	<link>rtmp://hd3.lsops.net/live playpath=aljazeer_ar_372 swfUrl="http://static.ls-cdn.com/player/5.10/livestation-player.swf" swfVfy=true live=true</link>
	</item>
</streaminginfo>
<streaminginfo>
        <cname>Aljazeera</cname>
	<item>
	<title>Mobile Quality</title>
	<link>http://hd3.lsops.net/live/aljazeer_ar_hls.smil/playlist.m3u8</link>
	</item>
</streaminginfo>
<streaminginfo>
        <cname>Aljazeera</cname>
	<item>
	<title>Low Quality</title>
	<link>rtmp://hd3.lsops.net/live playpath=aljazeer_ar_145 swfUrl="http://static.ls-cdn.com/player/5.10/livestation-player.swf" swfVfy=true live=true</link>
	</item>
</streaminginfo>
<streaminginfo>
        <cname>AlJazeera En</cname>
	<item>
	<title>High Quality</title>
	<link>rtmp://hd2.lsops.net/live playpath=aljazeer_en_838 swfUrl="http://static.ls-cdn.com/player/5.10/livestation-player.swf" swfVfy=true live=true</link>
	</item>
</streaminginfo>
<streaminginfo>
        <cname>AlJazeera En</cname>
	<item>
	<title>Medium Quality</title>
	<link>rtmp://hd2.lsops.net/live playpath=aljazeer_en_372 swfUrl="http://static.ls-cdn.com/player/5.10/livestation-player.swf" swfVfy=true live=true</link>
	</item>
</streaminginfo>
<streaminginfo>
        <cname>AlJazeera En</cname>
	<item>
	<title>Mobile Quality</title>
	<link>http://hd2.lsops.net/live/aljazeer_en_hls.smil/playlist.m3u8</link>
	</item>
</streaminginfo>
<streaminginfo>
        <cname>AlJazeera En</cname>
	<item>
	<title>Low Quality</title>
	<link>rtmp://hd2.lsops.net/live playpath=aljazeer_en_145 swfUrl="http://static.ls-cdn.com/player/5.10/livestation-player.swf" swfVfy=true live=true</link>
	</item>
</streaminginfo>
<streaminginfo>
        <cname>AlJazeera US</cname>
	<item>
	<title>High Quality</title>
	<link>rtmp://ajam.lsops.net/live/ playpath=ajam_en_584 swfUrl="http://static.ls-cdn.com/player/5.10/livestation-player.swf" swfVfy=true live=true</link>
	</item>
</streaminginfo>
<streaminginfo>
        <cname>AlJazeera US</cname>
	<item>
	<title>Medium Quality</title>
	<link>rtmp://ajam.lsops.net/live/ playpath=ajam_en_364 swfUrl="http://static.ls-cdn.com/player/5.10/livestation-player.swf" swfVfy=true live=true</link>
	</item>
</streaminginfo>
<streaminginfo>
        <cname>AlJazeera US</cname>
	<item>
	<title>Mobile Quality</title>
	<link>http://ajam.lsops.net/live/ajam_en_hls.smil/playlist.m3u8</link>
	</item>
</streaminginfo>

<streaminginfo>
        <cname>AlJazeera US</cname>
	<item>
	<title>Low Quality</title>
	<link>rtmp://ajam.lsops.net/live/ playpath=ajam_en_162 swfUrl="http://static.ls-cdn.com/player/5.10/livestation-player.swf" swfVfy=true live=true</link>
	</item>
</streaminginfo>



<streaminginfo>
        <cname>BBC Arabic</cname>
	<item>
	<title>You need to install f4m_tester addon from Shani Repo</title>
	<link>plugin://plugin.video.f4mTester/?url=http://bbcwshdlive01-lh.akamaihd.net/z/atv_1@61433/manifest.f4m?hdcore=2.11.3</link>
	</item>
</streaminginfo>
<streaminginfo>
	<cname>BBC Arabic</cname>
	<item>
	<title>m3u8</title>
	<link>http://hd7.lsops.net/live/bbcarab_ar_hls.smil/playlist.m3u8</link>
	</item>
</streaminginfo>
<streaminginfo>
    	<cname>France 24</cname>
	<item>
	<title>Arabic</title>
	<link>http://vipwowza.yacast.net/f24_hlslive_ar/smil:iphone.fr24ar.smil/playlist.m3u8</link>
	</item>
</streaminginfo>
<streaminginfo>
    	<cname>France 24</cname>
	<item>
	<title>English</title>
	<link>http://vipwowza.yacast.net/f24_hlslive_en/smil:iphone.fr24en.smil/playlist.m3u8</link>
	</item>
</streaminginfo>

<streaminginfo>
    	<cname>France 24</cname>
	<item>
	<title>France</title>
	<link>http://vipwowza.yacast.net/f24_hlslive_fr/smil:iphone.fr24fr.smil/playlist.m3u8</link>
	</item>
</streaminginfo>

<streaminginfo>
    	<cname>France 24 FR</cname>
	<item>
	<title>France</title>
	<link>http://vipwowza.yacast.net/f24_hlslive_fr/smil:iphone.fr24fr.smil/playlist.m3u8</link>
	</item>
</streaminginfo>
<streaminginfo>
    	<cname>Ajyal</cname>
	<item>
	<title>Original Source</title>
	<link>rtmp://ib12.islambox.tv/live/?v=hghpl]=a2V5bGl2ZTIxNy0yMzAtMjIzLTIwMjIwMTQtMDUtMjQtMTEtNTAtNDY=/vb008_ajial.stream?</link>
	</item>
</streaminginfo>
<streaminginfo>
    <cname>Al sahraa</cname>
	<item>
	<title>Original Source</title>
	<link>rtmp://79.134.137.65:1935/live/Sahraa.stream swfVfy=true live=true</link>
	</item>
</streaminginfo>
<streaminginfo>
    <cname>CBC Sofra</cname>
	<item>
	<title>Original Source</title>
	<link>rtmp://41.196.200.11:9900/live//ssoofra.stream</link>
	</item>
</streaminginfo>

<streaminginfo>
        <cname>New Media</cname>
	<item>
	<title>Original Source</title>
	<link>http://130.255.190.142:1935/live/numidia/chunklist_w1397340134.m3u8</link>
	</item>
</streaminginfo>
<streaminginfo>
        <cname>Sepida</cname>
	<item>
	<title>Original Source</title>
	<link>rtmp://sepidehlive.nanocdn.com:1935/live/sepideh256</link>
	</item>
</streaminginfo>
<streaminginfo>
        <cname>Al-hurra Iraq</cname>
	<item>
	<title>Original Source</title>
	<link>rtmp://cp51007.live.edgefcs.net:80/live?ovpfv=2.1.6/Alhurra_Flash@15 swfUrl=http://p.jwpcdn.com/6/7/jwplayer.flash.swf live=1 pageUrl=http://www.alhurra.com/info/english/112.html</link>
	</item>
</streaminginfo>

<streaminginfo>
        <cname>Al Alam</cname>
	<item>
	<title>Original Source</title>
	<link>rtmp://hd6.lsops.net/live/alalam_ar_928</link>
	</item>
</streaminginfo>

<streaminginfo>
        <cname>Euro News Arabic</cname>
	<item>
	<title>Original Source</title>
	<link>http://hd1.lsops.net/live/smil:euronews_ar.smil/playlist.m3u8</link>
	</item>
</streaminginfo>

<streaminginfo>
        <cname>LBC</cname>
	<item>
	<title>itworkscdn Source</title>
	<link>rtmp://livestreaming.itworkscdn.net/lbclive playpath=lbc_1 swfUrl=http://www.lbcgroup.tv/livemedia4/jwplayer.flash.swf pageUrl=http://www.lbcgroup.tv/watch-lbci-live</link>
	</item>
</streaminginfo>
<streaminginfo>
        <cname>MTV</cname>
	<item>
	<title>itworkscdn Source</title>
	<link>rtmp://livestreaming1.itworkscdn.net/mtvlive playpath=murrtelevision_360p swfUrl=http://mtv.com.lb/Player/400/jwplayer.flash.swf pageUrl=http://mtv.com.lb/Player/600/400</link>
	</item>
</streaminginfo>

<streaminginfo>
        <cname>Orient News</cname>
	<item>
	<title>Original Source</title>
	<link>rtmp://67.228.105.241/live/ playpath=live3 swfUrl=http://orient-tv.net/live/jwplayer/player.swf pageUrl=http://orient-tv.net/live/ live=true</link>
	</item>
</streaminginfo>
<streaminginfo>
        <cname>Al Manar</cname>
	<item>
	<title>38.96 source</title>
	<link>rtmp://38.96.148.200/live/livestream playpath=livestream conn=S:OK swfUrl=http://wwitv.com/player/player15.swf live=1 pageUrl=http://wwitv.com/tv_channels/7668.htm</link>
	</item>
</streaminginfo>
<streaminginfo>
        <cname>Mekamleen</cname>
	<item>
	<title>85.111 Source</title>
	<link>rtmp://85.111.14.52/r_mekameleen?a2V5bGl2ZTY5LTE4MC0yNDYtMTA0MjAxNC0wNS0xNC0yMC01OS0wMQ==/live1</link>
	</item>
</streaminginfo>

<streaminginfo>
        <cname>Alrabi3a Egypt</cname>
	<item>
	<title>Ustream Source</title>
	<link>http://iphone-streaming.ustream.tv/ustreamVideo/16697328/streams/live/playlist.m3u8</link>
	</item>
</streaminginfo>


<streaminginfo>
        <cname>Nile Sport</cname>
	<item>
	<title>Original Source</title>
	<link>rtmp://livestreaming4.onlinehorizons.net/NTNNileSport playpath=livestream swfUrl=http://niletc.tv/player/player.swf live=1 pageUrl=http://niletc.tv/stream.php?ch=sport swfVfy=true live=true timeout=60</link>
	</item>
</streaminginfo>


<streaminginfo>
        <cname>Nile Comedy</cname>
	<item>
	<title>Original Source</title>
	<link>rtmp://livestreaming4.onlinehorizons.net/NTNNileComedy/ playpath=livestream swfUrl=http://niletc.tv/player/player.swf pageUrl=http://niletc.tv/stream.php?ch=comedy swfVfy=true live=true timeout=60</link>
	</item>
</streaminginfo>

<streaminginfo>
        <cname>Nile Cinema</cname>
	<item>
	<title>Original Source</title>
	<link>rtmp://livestreaming4.onlinehorizons.net/NTNNileCinema playpath=livestream swfUrl=http://niletc.tv/player/player.swf live=1 pageUrl=http://niletc.tv/stream.php?ch=cinema</link>
	</item>
</streaminginfo>

<streaminginfo>
        <cname>Nile Culture</cname>
	<item>
	<title>Original Source</title>
	<link>rtmp://livestreaming4.onlinehorizons.net/NTNNileCulture playpath=livestream swfUrl=http://niletc.tv/player/player.swf live=1 pageUrl=http://niletc.tv/stream.php?ch=culture</link>
	</item>
</streaminginfo>

<streaminginfo>
        <cname>Nile Family</cname>
	<item>
	<title>Original Source</title>
	<link>rtmp://livestreaming4.onlinehorizons.net/NTNNileFamily playpath=livestream swfUrl=http://niletc.tv/player/player.swf live=1 pageUrl=http://niletc.tv/stream.php?ch=family</link>
	</item>
</streaminginfo>
<streaminginfo>
        <cname>Nile Life</cname>
	<item>
	<title>Original Source</title>
	<link>rtmp://livestreaming4.onlinehorizons.net/NTNNileLife playpath=livestream swfUrl=http://niletc.tv/player/player.swf live=1 pageUrl=http://niletc.tv/stream.php?ch=life</link>
	</item>
</streaminginfo>

<streaminginfo>
        <cname>Nile Drama</cname>
	<item>
	<title>Original Source</title>
	<link>rtmp://livestreaming4.onlinehorizons.net/NTNNileDrama playpath=livestream?ch=drama swfUrl=http://ntn.onlinehorizons.net/player/player.swf pageUrl=http://www.ntnegypt.net/stream.php live=1</link>
	</item>
</streaminginfo>


<streaminginfo>
        <cname>Al Nahar Sport</cname>
		<item>
		<title>Original Source</title>
		<link>http://50.7.180.18:1935/nahar1/smil:naharsports-smil.smil/playlist.m3u8</link>
		</item>
</streaminginfo>
<streaminginfo>
        <cname>Al Nahar</cname>
		<item>
		<title>Original Source</title>
		<link>http://50.7.180.18:1935/nahar1/smil:nahar1-smil.smil/playlist.m3u8</link>
		</item>
</streaminginfo>
<streaminginfo>
        <cname>Al-Nahar Drama</cname>
		<item>
		<title>Original Source</title>
		<link>http://50.7.180.18:1935/nahar1/smil:alnahardrama-smil.smil/playlist.m3u8</link>
		</item>
</streaminginfo>
<streaminginfo>
        <cname>Al Nahar 2</cname>
		<item>
		<title>Original Source</title>
		<link>http://50.7.180.18:1935/nahar1/smil:alnahar2-smil.smil/playlist.m3u8</link>
		</item>
</streaminginfo>
<streaminginfo>
        <cname>Dubai One</cname>
	<item>
	<title>You need to install f4m_tester addon from Shani Repo</title>
	<link>plugin://plugin.video.f4mTester/?url=http://cdnedvrdubaione.endavomedia.com/smil:dmilivedubaione.smil/manifest.f4m</link>
	</item>
</streaminginfo>


<streaminginfo>
        <cname>Moga Comedy</cname>
	<item>
	<title>you need to install Justin addons</title>
	<link>plugin://plugin.video.jtv.archives/?mode=get_channel&amp;name=20satttt&amp;play=1</link>
	</item>
</streaminginfo>

<streaminginfo>
        <cname>Al Hiwar</cname>
	<item>
	<title>185.2 Source</title>
	<link>rtmp://185.2.136.148:1935/livepkgr playpath=livestream swfUrl=http://fpdownload.adobe.com/strobe/FlashMediaPlayback.swf/[[DYNAMIC]]/1 live=1 pageUrl=http://habbabi.com/alhiwar-tv-live.aspx</link>
	</item>
</streaminginfo>

<streaminginfo>
        <cname>Alasr</cname>
	<item>
	<title>Mobi Source</title>
	<link>http://xtvalasrx.api.channel.livestream.com/3.0/playlist.m3u8</link>
	</item>
</streaminginfo>
<streaminginfo>
        <cname>Sudan TV</cname>
	<item>
	<title>Ukk Source</title>
	<link>http://ukk.live.net.sa:1935/live/africatv3/playlist.m3u8</link>
	</item>
</streaminginfo>

<streaminginfo>
        <cname>Sudan TV</cname>
	<item>
	<title>Ukk Source</title>
	<link>http://ukk.live.net.sa:1935/live/africatv/playlist.m3u8</link>
	</item>
</streaminginfo>
<streaminginfo>
        <cname>SkyNewsArabia</cname>
	<item>
	<title>Sky Source</title>
	<link>http://skynewsl.skynews.cshls.lldns.net/skynews/skynewsl/skynewsl/skynewsl_800.m3u8</link>
	</item>
</streaminginfo>

<streaminginfo>
        <cname>MBC 2</cname>
	<item>
	<title>Marocforum Source Low quality</title>
	<link>http://www.vlc.eu.pn@live-f01.vustream.net/live/livestream2/marocforum.m3u8</link>
	</item>
</streaminginfo>

<streaminginfo>
        <cname>Fatafeat</cname>
	<item>
	<title>Marocforum Source</title>
	<link>http://www.vlc.eu.pn@live-f01.vustream.net/live/livestream3/marocforum.m3u8</link>
	</item>
</streaminginfo>

<streaminginfo>
        <cname>Fatafeat</cname>
	<item>
	<title>212.179 Source</title>
	<link>http://212.179.77.42/live/livestream3/gmswf.m3u8</link>
	</item>
</streaminginfo>


<streaminginfo>
        <cname>Fatafeat</cname>
	<item>
	<title>Negmtv Source</title>
	<link>rtmp://live-f01.vustream.net:1935/live/livestream2</link>
	</item>
</streaminginfo>


<streaminginfo>
        <cname>Alwatan Plus</cname>
	<item>
	<title>Original Source</title>
	<link>http://alwatan_hls-lh.akamaihd.net/i/alwaplus_ar@91169/master.m3u8</link>
	</item>
</streaminginfo>

<streaminginfo>
        <cname>Alwatan Ghanawi</cname>
	<item>
	<title>Original Source</title>
	<link>http://alwatan_hls-lh.akamaihd.net/i/ghanawi_ar@51110/master.m3u8</link>
	</item>
</streaminginfo>

<streaminginfo>
        <cname>Oman</cname>
	<item>
	<title>Original Source</title>
	<link>http://38.96.148.30:1935/live/omantv1/chunklist.m3u8</link>
	</item>
</streaminginfo>

<streaminginfo>
        <cname>Bahrain</cname>
	<item>
	<title> </title>
	<link>http://155.obj.netromedia.net/alayam/alayam/playlist.m3u8</link>
	</item>
</streaminginfo>

<streaminginfo>
        <cname>Quran TV ksa</cname>
	<item>
	<title>m3u8 Source</title>
	<link>http://46.245.160.224/mekke/mekke/chunklist_w581447799.m3u8</link>
	</item>
</streaminginfo>


<streaminginfo>
        <cname>Quran TV ksa</cname>
	<item>
	<title>Original Source</title>
	<link>rtmp://208.75.224.165:1935/map-alquraan/map-alquraan.stream</link>
	</item>
</streaminginfo>


<streaminginfo>
        <cname>sunnah TV</cname>
	<item>
	<title>Original Source</title>
	<link>rtmp://myafricanmega.tulix.tv:1935/map-alsunnah/map-alsunnah.stream</link>
	</item>
</streaminginfo>

<streaminginfo>
        <cname>Dubai Racing</cname>
	<item>
	<title>Original Source</title>
	<link>http://cdnehlsdubairacing2.endavomedia.com/smil:dmilivedubairacing2.smil/gmswf.m3u8</link>
	</item>
</streaminginfo>


<streaminginfo>
        <cname>Dubai One</cname>
	<item>
	<title>Original Source</title>
	<link>http://cdnedvrdubaione.endavomedia.com/smil:dmilivedubaione.smil/playlist.m3u8</link>
	</item>
</streaminginfo>

<streaminginfo>
        <cname>Ahlulbayt</cname>
	<item>
	<title>Original Source</title>
	<link>rtmp://46.23.67.34:1935/live/livestream1.sdp</link>
	</item>
</streaminginfo>

<streaminginfo>
        <cname>TRT Arabic</cname>
	<item>
	<title>Original Source1</title>
	<link>rtmp://re.trtcdn.com/tv/ playpath=trtarapca_3 swfUrl=http://gusto.trt.net.tr/VideoPlayer/player.swf live=true pageUrl=http://radyodelisi.blogspot.com/2013/02/trt-arapca.htm</link>
	</item>
</streaminginfo>
<streaminginfo>
        <cname>TRT Arabic</cname>
	<item>
	<title>Original Source2</title>
	<link>rtmp://si.trtcdn.com/tv/trtarapca?hghpl]=a2V5bGl2ZTY4LTUzLTcxLTQyMDE0LTAyLTI0LTIxLTMyLTI3/trtarapca_3</link>
	</item>
</streaminginfo>
<streaminginfo>
   	<cname>Syria Nour</cname>
	<item>
	<title>Original Source</title>
	<link>http://live.rtv.gov.sy/live/Nour/Nour_LQ.m3u8</link>
	</item>
</streaminginfo>

<streaminginfo>
   	<cname>Syria Talaqie</cname>
	<item>
	<title>Original Source</title>
	<link>http://live.rtv.gov.sy/live/Talaqie/Talaqie_LQ.m3u8</link>
	</item>
</streaminginfo>

<streaminginfo>
   	<cname>Syria</cname>
	<item>
	<title>Original Source</title>
	<link>http://82.137.248.16:1935/Sat/livestream1/playlist.m3u8</link>
	</item>
</streaminginfo>
<streaminginfo>
   	<cname>Syria Sedu</cname>
	<item>
	<title>Original Source</title>
	<link>http://live.rtv.gov.sy/live/SEdu/SEdu_LQ.m3u8</link>
	</item>
</streaminginfo>

<streaminginfo>
   	<cname>Syria Drama</cname>
	<item>
	<title>Original Source</title>
	<link>http://live.rtv.gov.sy/live/Drama/Drama_MQ.m3u8</link>
	</item>
</streaminginfo>


<streaminginfo>
   	<cname>Al Ikhbaria</cname>
	<item>
	<title>Original Source</title>
	<link>http://live.rtv.gov.sy/live/Snews/Snews_DVR.m3u8</link>
	</item>
</streaminginfo>
<streaminginfo>
   	<cname>Baraem</cname>
	<item>
	<title>m3u8 Source</title>
	<link>http://78.100.40.198:1935/brm/brm/gmswf.m3u8?keylive87-163-224-792014-05-18-16-28-09&amp;v=hghpl]</link>
	</item>
</streaminginfo>

<streaminginfo>
   	<cname>Baraem</cname>
	<item>
	<title>Original Source</title>
	<link>rtmp://AgendaStreamer2.qna.org.qa/brm/brm</link>
	</item>
</streaminginfo>
<streaminginfo>
   	<cname>Sama Cinema</cname>
	<item>
	<title>Sama Cinema</title>
	<link>http://cdn-streamer1.magictvbox.com/live/10144.stream/playlist.m3u8</link>
	</item>
</streaminginfo>

<streaminginfo>
   	<cname>Melody Drama</cname>
	<item>
	<title>206</title>
	<link>rtmp://38.96.148.206/Melody/MDramaWeb</link>
	</item>
</streaminginfo>

<streaminginfo>
   	<cname>Melody Drama</cname>
	<item>
	<title>24</title>
	<link>http://38.96.148.24//MelodyDrama/MDrama_576p/playlist.m3u8</link>
	</item>
</streaminginfo>

<streaminginfo>
	<cname>Melody Drama</cname>
	<item>
	<title>26</title>
	<link>http://38.96.148.24//MelodyDrama/MDrama_576p/playlist.m3u8</link>
	</item>
</streaminginfo>

<streaminginfo>
	<cname>Melody Classic</cname>
	<item>
	<title>206</title>
	<link>rtmp://38.96.148.206/Melody/MClassicWeb</link>
	</item>
</streaminginfo>

<streaminginfo>
	<cname>Melody Classic</cname>
	<item>
	<title>24</title>
	<link>http://38.96.148.24//MelodyClassic/MClassic_576p/playlist.m3u8</link>
	</item>
</streaminginfo>
<streaminginfo>
	<cname>Melody Aflem</cname>
	<item>
	<title>206</title>
	<link>rtmp://38.96.148.206/Melody/MAflamWeb</link>
	</item>
</streaminginfo>

<streaminginfo>
	<cname>Melody Classic</cname>
	<item>
	<title>26</title>
	<link>http://38.96.148.26//MelodyClassic/MClassic_576p/playlist.m3u8</link>
	</item>
</streaminginfo>

<streaminginfo>
	<cname>Melody Aflem</cname>
	<item>
	<title>24</title>
	<link>http://38.96.148.24//MelodyAflam/MAflam_576p/playlist.m3u8</link>
	</item>
</streaminginfo>

<streaminginfo>
	<cname>Melody Aflem</cname>
	<item>
	<title>26</title>
	<link>http://38.96.148.26//MelodyAflam/MAflam_576p/playlist.m3u8</link>
	</item>
	</streaminginfo>

<streaminginfo>
		<cname>Maghreb24 Entertainment</cname>	
		<item>
			<title>Maghreb24 Entertainment</title>
			<thumbnail>http://www.maghreb24tv.com/commons/images/m24Entertainment.png</thumbnail>
			<link>rtmp://maghreb24.tv:1935/view/8_261/stream8 swfUrl=http://www.maghreb24.tv/public/flash/expressInstall.swf live=true pageUrl=http://www.television.maghreb24tv.com/m24channel.php?dsTp=OurChannels&amp;dsId=136&amp;lang=fr</link>
		</item>
	</streaminginfo>


	<streaminginfo>
		<cname>Melody Hits</cname>	
		<item>
			<title>Melody Hits.206</title>
			<thumbnail>https://lh3.ggpht.com/-DE3GqoUaC4g/UuNmaROcywI/AAAAAAAABDM/trn-g__hU7M/s1600/melody_hits.png</thumbnail>
			<link>rtmp://38.96.148.206/Melody/ playpath=MHitsWeb swfUrl=http://p.jwpcdn.com/6/7/jwplayer.flash.swf pageUrl=http://freetv247.com/content/melody-hits-channel live=1 timeout=15</link>
		</item>
	</streaminginfo>


	<streaminginfo>
		<cname>Melody Hits</cname>	
		<item>
			<title>Melody Hits.206</title>
			<thumbnail>https://lh3.ggpht.com/-DE3GqoUaC4g/UuNmaROcywI/AAAAAAAABDM/trn-g__hU7M/s1600/melody_hits.png</thumbnail>
			<link>rtmp://38.96.148.206/Melody/ playpath=MHitsWeb swfUrl=http://p.jwpcdn.com/6/7/jwplayer.flash.swf pageUrl=http://freetv247.com/content/melody-hits-channel live=1 timeout=15</link>
		</item>
	</streaminginfo>

	<streaminginfo>
		<cname>Melody Hits</cname>

		<item>
			<title>Melody Hits .24 sab9a</title>
			<thumbnail>https://lh3.ggpht.com/-DE3GqoUaC4g/UuNmaROcywI/AAAAAAAABDM/trn-g__hU7M/s1600/melody_hits.png</thumbnail>
			<link>http://38.96.148.24//MelodyHits/MHits_576p/playlist.m3u8</link>
		</item>
	</streaminginfo>

        	<streaminginfo>
        
		<cname>Echorouk Tv</cname>
        <item>
    <title>Echorouk Tv</title>
<link>rtmp://live.echoroukonline.com/live/EchoroukTV</link>
<thumbnail></thumbnail>
</item>
</streaminginfo>

    	<streaminginfo>
        
		<cname>Al Baghdadia Drama</cname>
        <item>
    <title>Al Baghdadia 2</title>
<link>rtmp://cp88746.live.edgefcs.net:1935/live playpath=ALBAG_2_248@180445 swfUrl=http://player.longtailvideo.com/player.swf live=true timeout=15 pageUrl=http://freetv247.com/tags/al-baghdadia-2-live-tv</link>
<thumbnail>http://a1.mzstatic.com/us/r1000/107/Purple/cf/aa/5c/mzl.bjffmkul.jpg</thumbnail>
</item>
</streaminginfo>
	<streaminginfo>
		<cname>Melody Arabia</cname>

		<item>
			<title>Melody arabia HD.24 sab9a</title>
			<thumbnail>http://www.lyngsat-logo.com/hires/mm/melody_arabia.png</thumbnail>
			<link>http://38.96.148.24/MelodyArabia/MArabia_576p/playlist.m3u8</link>
		</item>
	</streaminginfo>

	<streaminginfo>
		<cname>Melody Arabia</cname>

		<item>
			<title>Melody arabia HD.206</title>
			<thumbnail>http://www.lyngsat-logo.com/hires/mm/melody_arabia.png</thumbnail>
			<link>rtmp://38.96.148.206/Melody/ playpath=MArabiaWeb swfUrl=http://p.jwpcdn.com/6/7/jwplayer.flash.swf pageUrl=http://freetv247.com/content/melody-hits-channel live=1 swfVfy=1 timeout=15</link>
		</item>
	</streaminginfo>
	<streaminginfo>
		<cname>Al Magharibia</cname>

		<item>
			<title>Al Magharibia (Direct)</title>
			<thumbnail>http://almagharibia.tv/neue/web/assets/almagharibia.png</thumbnail>
			<link>rtmp://37.130.230.45/livepkgr/ playpath=livestream swfUrl=http://p.jwpcdn.com/6/8/jwplayer.flash.swf live=true timeout=15 pageUrl=http://almagharibia.tv/livestream</link>
		</item>
	</streaminginfo>

</streamingInfos>
