<streaminginfos>

<streaminginfo>
<cname>Baraem</cname>
<item>
<title>Low Quality Glarab</title><link>http://38.99.146.43:7777/Baraem.m3u8?session=bdc4847b38fe5ede816551e38b136d11b11d92e4505e5a6a7adfe8e9a6301e82a299017ce29bf1aa&amp;hlsid=HLS_2487419</link>
</item>
</streaminginfo>

<streaminginfo>
<cname>Huda</cname>
<item>
<title>Low Quality Glarab</title><link>http://38.99.146.43:7777/Huda.m3u8?session=bdc4847b38fe5ede816551e38b136d11b11d92e4505e5a6a7adfe8e9a6301e82a299017ce29bf1aa&amp;hlsid=HLS_2487419</link>
</item>
</streaminginfo>

<streaminginfo>
<cname>Scope</cname>
<item><title>Low Quality Glarab</title><link>http://38.99.146.43:7777/ScopeTV.m3u8?session=bdc4847b38fe5ede816551e38b136d11b11d92e4505e5a6a7adfe8e9a6301e82a299017ce29bf1aa&amp;hlsid=HLS_2487419</link></item>
</streaminginfo>

<streaminginfo>
<cname>MTV Arabia</cname>
<item><title>Low Quality Glarab</title><link>http://38.99.146.43:7777/MTVArabia.m3u8?session=bdc4847b38fe5ede816551e38b136d11b11d92e4505e5a6a7adfe8e9a6301e82a299017ce29bf1aa&amp;hlsid=HLS_2487419</link></item>
</streaminginfo>

<streaminginfo>
<cname>Ishtar</cname>
<item><title>Low Quality Glarab</title><link>http://38.99.146.43:7777/Ishtar.m3u8?session=bdc4847b38fe5ede816551e38b136d11b11d92e4505e5a6a7adfe8e9a6301e82a299017ce29bf1aa&amp;hlsid=HLS_2487419</link></item>
</streaminginfo>
<streaminginfo>
<cname>Nourmina</cname>
<item><title>Low Quality Glarab</title><link>http://38.99.146.43:7777/Nourmina.m3u8?session=bdc4847b38fe5ede816551e38b136d11b11d92e4505e5a6a7adfe8e9a6301e82a299017ce29bf1aa&amp;hlsid=HLS_2487419</link></item>
</streaminginfo>
<streaminginfo>
<cname>Mara7</cname>
<item><title>Low Quality Glarab</title><link>http://38.99.146.43:7777/Mara7.m3u8?session=bdc4847b38fe5ede816551e38b136d11b11d92e4505e5a6a7adfe8e9a6301e82a299017ce29bf1aa&amp;hlsid=HLS_2487419</link></item>
</streaminginfo>
<streaminginfo>
<cname>Mahbooba</cname>
<item><title>Low Quality Glarab</title><link>http://38.99.146.43:7777/Mahbooba.m3u8?session=bdc4847b38fe5ede816551e38b136d11b11d92e4505e5a6a7adfe8e9a6301e82a299017ce29bf1aa&amp;hlsid=HLS_2487419</link></item>
</streaminginfo>

<streaminginfo>
<cname>7Stars</cname>
<item><title>Low Quality Glarab</title><link>http://38.99.146.43:7777/7Stars.m3u8?session=bdc4847b38fe5ede816551e38b136d11b11d92e4505e5a6a7adfe8e9a6301e82a299017ce29bf1aa&amp;hlsid=HLS_2487419</link></item>

</streaminginfo>
<streaminginfo>
<cname>Noursat</cname>
<item><title>Low Quality Glarab</title><link>http://38.99.146.43:7777/NourAlShabab.m3u8?session=bdc4847b38fe5ede816551e38b136d11b11d92e4505e5a6a7adfe8e9a6301e82a299017ce29bf1aa&amp;hlsid=HLS_2487419</link></item>

</streaminginfo>
<streaminginfo>
<cname>Coptic_Christian</cname>
<item><title>Low Quality Glarab</title><link>http://38.99.146.43:7777/CTVEgypt.m3u8?session=bdc4847b38fe5ede816551e38b136d11b11d92e4505e5a6a7adfe8e9a6301e82a299017ce29bf1aa&amp;hlsid=HLS_2487419</link></item>
</streaminginfo>
<streaminginfo>
<cname>Almas</cname>
<item><title>Low Quality Glarab</title><link>http://38.99.146.43:7777/AlMas.m3u8?session=bdc4847b38fe5ede816551e38b136d11b11d92e4505e5a6a7adfe8e9a6301e82a299017ce29bf1aa&amp;hlsid=HLS_2487419</link></item>
</streaminginfo>
<streaminginfo>
<cname>Mea</cname>
<item><title>Low Quality Glarab</title><link>http://38.99.146.43:7777/MeaTV.m3u8?session=bdc4847b38fe5ede816551e38b136d11b11d92e4505e5a6a7adfe8e9a6301e82a299017ce29bf1aa&amp;hlsid=HLS_2487419</link></item>
</streaminginfo>
<streaminginfo>
<cname>DW Arabic</cname>
<item><title>Low Quality Glarab</title><link>http://38.99.146.43:7777/DWTVArabia.m3u8?session=bdc4847b38fe5ede816551e38b136d11b11d92e4505e5a6a7adfe8e9a6301e82a299017ce29bf1aa&amp;hlsid=HLS_2487419</link></item>
</streaminginfo>
<streaminginfo>
<cname>Tahrir</cname>
<item><title>Low Quality Glarab</title><link>http://38.99.146.43:7777/Tahrir.m3u8?session=bdc4847b38fe5ede816551e38b136d11b11d92e4505e5a6a7adfe8e9a6301e82a299017ce29bf1aa&amp;hlsid=HLS_2487419</link></item>
</streaminginfo>
<streaminginfo>
<cname>Aghapy</cname>
<item><title>Low Quality Glarab</title><link>http://38.99.146.43:7777/Aghapy.m3u8?session=bdc4847b38fe5ede816551e38b136d11b11d92e4505e5a6a7adfe8e9a6301e82a299017ce29bf1aa&amp;hlsid=HLS_2487419</link></item>
</streaminginfo>

<streaminginfo>
<cname>Arabica Music</cname>
<item><title>Low Quality Glarab</title><link>http://38.99.146.43:7777/ArabicaMusic.m3u8?session=bdc4847b38fe5ede816551e38b136d11b11d92e4505e5a6a7adfe8e9a6301e82a299017ce29bf1aa&amp;hlsid=HLS_2487419</link></item>
</streaminginfo>

<streaminginfo>
<cname>Wanasah</cname>
<item><title>Low Quality Glarab</title><link>http://38.99.146.43:7777/Wanasah.m3u8?session=bdc4847b38fe5ede816551e38b136d11b11d92e4505e5a6a7adfe8e9a6301e82a299017ce29bf1aa&amp;hlsid=HLS_2487419</link></item>
</streaminginfo>

<streaminginfo>
<cname>Music+</cname>
<item><title>Low Quality Glarab</title><link>http://38.99.146.43:7777/MusicPlus.m3u8?session=bdc4847b38fe5ede816551e38b136d11b11d92e4505e5a6a7adfe8e9a6301e82a299017ce29bf1aa&amp;hlsid=HLS_2487419</link></item>
</streaminginfo>



    <streaminginfo>
        <cname>AlBabeleyia</cname>
        <item>
            <title>Low Quality Glarab</title>
            <link>http://38.99.146.43:7777/AlBabeleyia.m3u8?session=bdc4847b38fe5ede816551e38b136d11b11d92e4505e5a6a7adfe8e9a6301e82a299017ce29bf1aa&amp;hlsid=HLS_2487419</link>
        </item>
    </streaminginfo>
    <streaminginfo>
        <cname>Massaya</cname>
        <item>
            <title>Low Quality Glarab</title>
            <link>http://38.99.146.43:7777/Massaya.m3u8?session=bdc4847b38fe5ede816551e38b136d11b11d92e4505e5a6a7adfe8e9a6301e82a299017ce29bf1aa&amp;hlsid=HLS_2487419</link>
        </item>
    </streaminginfo>
    <streaminginfo>
        <cname>Nojoom1</cname>
        <item>
            <title>Low Quality Glarab</title>
            <link>http://38.99.146.43:7777/Nojoom1.m3u8?session=bdc4847b38fe5ede816551e38b136d11b11d92e4505e5a6a7adfe8e9a6301e82a299017ce29bf1aa&amp;hlsid=HLS_2487419</link>
        </item>
    </streaminginfo>

    <streaminginfo>
        <cname>Cairo Cinema</cname>
        <item>
            <title>Glarab</title>
            <link>http://38.99.146.43:7777/CairoCinema.m3u8?session=bdc4847b38fe5ede816551e38b136d11b11d92e4505e5a6a7adfe8e9a6301e82a299017ce29bf1aa&amp;hlsid=HLS_2487419</link>
        </item>
    </streaminginfo>
    <streaminginfo>
        <cname>AAAMusic</cname>
        <item>
            <title>Low Quality Glarab</title>
            <link>http://38.99.146.43:7777/AAAMusic.m3u8?session=bdc4847b38fe5ede816551e38b136d11b11d92e4505e5a6a7adfe8e9a6301e82a299017ce29bf1aa&amp;hlsid=HLS_2487419</link>
        </item>
    </streaminginfo>
    <streaminginfo>
        <cname>Taha</cname>
        <item>
            <title>Low Quality Glarab</title>
            <link>http://38.99.146.43:7777/Taha.m3u8?session=bdc4847b38fe5ede816551e38b136d11b11d92e4505e5a6a7adfe8e9a6301e82a299017ce29bf1aa&amp;hlsid=HLS_2487419</link>
        </item>
    </streaminginfo>
    <streaminginfo>
        <cname>Al oula Maroc</cname>
        <item>
            <title>Low Quality Glarab</title>
            <link>http://38.99.146.43:7777/AlAoulaEurope.m3u8?session=bdc4847b38fe5ede816551e38b136d11b11d92e4505e5a6a7adfe8e9a6301e82a299017ce29bf1aa&amp;hlsid=HLS_2487419</link>
        </item>
    </streaminginfo>
    <streaminginfo>
        <cname>Aghanina</cname>
        <item>
            <title>Low Quality Glarab</title>
            <link>http://38.99.146.43:7777/Aghanina.m3u8?session=bdc4847b38fe5ede816551e38b136d11b11d92e4505e5a6a7adfe8e9a6301e82a299017ce29bf1aa&amp;hlsid=HLS_2487419</link>
        </item>
    </streaminginfo>
    <streaminginfo>
        <cname>HodHod</cname>
        <item>
            <title>Low Quality Glarab</title>
            <link>http://38.99.146.43:7777/HodHod.m3u8?session=bdc4847b38fe5ede816551e38b136d11b11d92e4505e5a6a7adfe8e9a6301e82a299017ce29bf1aa&amp;hlsid=HLS_2487419</link>
        </item>
    </streaminginfo>
    <streaminginfo>
        <cname>SM SM KIDS</cname>
        <item>
            <title>Low Quality Glarab</title>
            <link>http://38.99.146.43:7777/Semsem.m3u8?session=bdc4847b38fe5ede816551e38b136d11b11d92e4505e5a6a7adfe8e9a6301e82a299017ce29bf1aa&amp;hlsid=HLS_2487419</link>
        </item>
    </streaminginfo>

    <streaminginfo>
        <cname>Blue Nile</cname>
        <item>
            <title>Low Quality Glarab</title>
            <link>http://38.99.146.43:7777/BlueNile.m3u8?session=bdc4847b38fe5ede816551e38b136d11b11d92e4505e5a6a7adfe8e9a6301e82a299017ce29bf1aa&amp;hlsid=HLS_2487419</link>
        </item>
    </streaminginfo> 
    <streaminginfo>
        <cname>Dubai Sport 3</cname>
        <item>
            <title>Low Quality Glarab</title>
            <link>http://38.99.146.43:7777/DubaiSports.m3u8?session=bdc4847b38fe5ede816551e38b136d11b11d92e4505e5a6a7adfe8e9a6301e82a299017ce29bf1aa&amp;hlsid=HLS_2487419</link>
        </item>
    </streaminginfo> 
    <streaminginfo>
        <cname>Abu Dhabi Sports 1</cname>
        <item>
            <title>Low Quality Glarab</title>
            <link>http://38.99.146.43:7777/ADSport.m3u8?session=bdc4847b38fe5ede816551e38b136d11b11d92e4505e5a6a7adfe8e9a6301e82a299017ce29bf1aa&amp;hlsid=HLS_2487419</link>
        </item>
    </streaminginfo>
    <streaminginfo>
        <cname>Nile Sport</cname>
        <item>
            <title>Low Quality Glarab</title>
            <link>http://38.99.146.43:7777/NileSport.m3u8?session=bdc4847b38fe5ede816551e38b136d11b11d92e4505e5a6a7adfe8e9a6301e82a299017ce29bf1aa&amp;hlsid=HLS_2487419</link>
        </item>
    </streaminginfo> 
    <streaminginfo>
        <cname>BAHRAIN SPORTS</cname>
        <item>
            <title>Low Quality Glarab</title>
            <link>http://38.99.146.43:7777/BahrainSport.m3u8?session=bdc4847b38fe5ede816551e38b136d11b11d92e4505e5a6a7adfe8e9a6301e82a299017ce29bf1aa&amp;hlsid=HLS_2487419</link>
        </item>
    </streaminginfo> 
    <streaminginfo>
        <cname>alkass</cname>
        <item>
            <title>Low Quality Glarab</title>
            <link>http://38.99.146.43:7777/AlDawriAlKassSport.m3u8?session=bdc4847b38fe5ede816551e38b136d11b11d92e4505e5a6a7adfe8e9a6301e82a299017ce29bf1aa&amp;hlsid=HLS_2487419</link>
        </item>
    </streaminginfo> 
    <streaminginfo>
        <cname>TRT Arabic</cname>
        <item>
            <title>Low Quality Glarab</title>
            <link>http://38.99.146.43:7777/TRTArabic.m3u8?session=bdc4847b38fe5ede816551e38b136d11b11d92e4505e5a6a7adfe8e9a6301e82a299017ce29bf1aa&amp;hlsid=HLS_2487419</link>
        </item>
    </streaminginfo> 
    <streaminginfo>
        <cname>Russia Alyaum</cname>
        <item>
            <title>Low Quality Glarab</title>
            <link>http://38.99.146.43:7777/RussiyaAlYaum.m3u8?session=bdc4847b38fe5ede816551e38b136d11b11d92e4505e5a6a7adfe8e9a6301e82a299017ce29bf1aa&amp;hlsid=HLS_2487419</link>
        </item>
    </streaminginfo> 
    <streaminginfo>
        <cname>BBC Arabic</cname>
        <item>
            <title>Low Quality Glarab</title>
            <link>http://38.99.146.43:7777/BBCArabic.m3u8?session=bdc4847b38fe5ede816551e38b136d11b11d92e4505e5a6a7adfe8e9a6301e82a299017ce29bf1aa&amp;hlsid=HLS_2487419</link>
        </item>
    </streaminginfo> 
    <streaminginfo>
        <cname>France 24</cname>
        <item>
            <title>Low Quality Glarab</title>
            <link>http://38.99.146.43:7777/France24Arabic.m3u8?session=bdc4847b38fe5ede816551e38b136d11b11d92e4505e5a6a7adfe8e9a6301e82a299017ce29bf1aa&amp;hlsid=HLS_2487419</link>
        </item>
    </streaminginfo> 
    <streaminginfo>
        <cname>CCTV Arabic</cname>
        <item>
            <title>Low Quality Glarab</title>
            <link>http://38.99.146.43:7777/CCTVArabia.m3u8?session=bdc4847b38fe5ede816551e38b136d11b11d92e4505e5a6a7adfe8e9a6301e82a299017ce29bf1aa&amp;hlsid=HLS_2487419</link>
        </item>
    </streaminginfo> 
    <streaminginfo>
        <cname>Al Hiwar</cname>
        <item>
            <title>Low Quality Glarab</title>
            <link>http://38.99.146.43:7777/AlHiwar.m3u8?session=bdc4847b38fe5ede816551e38b136d11b11d92e4505e5a6a7adfe8e9a6301e82a299017ce29bf1aa&amp;hlsid=HLS_2487419</link>
        </item>
    </streaminginfo> 
    <streaminginfo>
        <cname>Al Moustakilla</cname>
        <item>
            <title>Low Quality Glarab</title>
            <link>http://38.99.146.43:7777/AlMustakila.m3u8?session=bdc4847b38fe5ede816551e38b136d11b11d92e4505e5a6a7adfe8e9a6301e82a299017ce29bf1aa&amp;hlsid=HLS_2487419</link>
        </item>
    </streaminginfo> 
    <streaminginfo>
        <cname>Zee Aflam</cname>
        <item>
            <title>Low Quality Glarab</title>
            <link>http://38.99.146.43:7777/ZeeAflam.m3u8?session=bdc4847b38fe5ede816551e38b136d11b11d92e4505e5a6a7adfe8e9a6301e82a299017ce29bf1aa&amp;hlsid=HLS_2487419</link>
        </item>
    </streaminginfo> 
    <streaminginfo>
        <cname>Al Masriyah</cname>
        <item>
            <title>Low Quality Glarab</title>
            <link>http://38.99.146.43:7777/AlMasriyah.m3u8?session=bdc4847b38fe5ede816551e38b136d11b11d92e4505e5a6a7adfe8e9a6301e82a299017ce29bf1aa&amp;hlsid=HLS_2487419</link>
        </item>
    </streaminginfo>
    <streaminginfo>
        <cname>Egypt 2</cname>
        <item>
            <title>Low Quality Glarab</title>
            <link>http://38.99.146.43:7777/AlThanya.m3u8?session=bdc4847b38fe5ede816551e38b136d11b11d92e4505e5a6a7adfe8e9a6301e82a299017ce29bf1aa&amp;hlsid=HLS_2487419</link>
        </item>
    </streaminginfo>
    <streaminginfo>
        <cname>Algeria 3</cname>
        <item>
            <title>Low Quality Glarab</title>
            <link>http://38.99.146.43:7777/Thalitha.m3u8?session=bdc4847b38fe5ede816551e38b136d11b11d92e4505e5a6a7adfe8e9a6301e82a299017ce29bf1aa&amp;hlsid=HLS_2487419</link>
        </item>
    </streaminginfo>
    <streaminginfo>
        <cname>Nile Tv</cname>
        <item>
            <title>Low Quality Glarab</title>
            <link>http://38.99.146.43:7777/NileInt.m3u8?session=bdc4847b38fe5ede816551e38b136d11b11d92e4505e5a6a7adfe8e9a6301e82a299017ce29bf1aa&amp;hlsid=HLS_2487419</link>
        </item>
    </streaminginfo>
    <streaminginfo>
        <cname>Nile News</cname>
        <item>
            <title>Low Quality Glarab</title>
            <link>http://38.99.146.43:7777/NileNews.m3u8?session=bdc4847b38fe5ede816551e38b136d11b11d92e4505e5a6a7adfe8e9a6301e82a299017ce29bf1aa&amp;hlsid=HLS_2487419</link>
        </item>
    </streaminginfo>
    <streaminginfo>
        <cname>Nile Family</cname>
        <item>
            <title>Low Quality Glarab</title>
            <link>http://38.99.146.43:7777/NileFamily.m3u8?session=bdc4847b38fe5ede816551e38b136d11b11d92e4505e5a6a7adfe8e9a6301e82a299017ce29bf1aa&amp;hlsid=HLS_2487419</link>
        </item>
    </streaminginfo>
    <streaminginfo>
        <cname>Nile Life</cname>
        <item>
            <title>Low Quality Glarab</title>
            <link>http://38.99.146.43:7777/NileLife.m3u8?session=bdc4847b38fe5ede816551e38b136d11b11d92e4505e5a6a7adfe8e9a6301e82a299017ce29bf1aa&amp;hlsid=HLS_2487419</link>
        </item>
    </streaminginfo> 
    <streaminginfo>
        <cname>Nile Drama 2</cname>
        <item>
            <title>Low Quality Glarab</title>
            <link>http://38.99.146.43:7777/NileDrama2.m3u8?session=bdc4847b38fe5ede816551e38b136d11b11d92e4505e5a6a7adfe8e9a6301e82a299017ce29bf1aa&amp;hlsid=HLS_2487419</link>
        </item>
    </streaminginfo>
    <streaminginfo>
        <cname>Rotana Cinema</cname>
        <item>
            <title>Low Quality Glarab</title>
            <link>http://38.99.146.43:7777/RotanaCinema.m3u8?session=bdc4847b38fe5ede816551e38b136d11b11d92e4505e5a6a7adfe8e9a6301e82a299017ce29bf1aa&amp;hlsid=HLS_2487419</link>
        </item>
    </streaminginfo>
    <streaminginfo>
        <cname>Fox Movies</cname>
        <item>
            <title>Low Quality Glarab</title>
            <link>http://38.99.146.43:7777/FoxMovies.m3u8?session=bdc4847b38fe5ede816551e38b136d11b11d92e4505e5a6a7adfe8e9a6301e82a299017ce29bf1aa&amp;hlsid=HLS_2487419</link>
        </item>
    </streaminginfo>
    <streaminginfo>
        <cname>Oscar Drama</cname>
        <item>
            <title>Low Quality Glarab</title>
            <link>http://38.99.146.43:7777/OscarDrama.m3u8?session=bdc4847b38fe5ede816551e38b136d11b11d92e4505e5a6a7adfe8e9a6301e82a299017ce29bf1aa&amp;hlsid=HLS_2487419</link>
        </item>
    </streaminginfo>

    <streaminginfo>
        <cname>Cairo Drama</cname>
        <item>
            <title>Low Quality Glarab</title>
            <link>http://38.99.146.43:7777/CairoDrama.m3u8?session=bdc4847b38fe5ede816551e38b136d11b11d92e4505e5a6a7adfe8e9a6301e82a299017ce29bf1aa&amp;hlsid=HLS_2487419</link>
        </item>
    </streaminginfo>
    <streaminginfo>
        <cname>Nile Comedy</cname>
        <item>
            <title>Low Quality Glarab</title>
            <link>http://38.99.146.43:7777/NileComedy.m3u8?session=bdc4847b38fe5ede816551e38b136d11b11d92e4505e5a6a7adfe8e9a6301e82a299017ce29bf1aa&amp;hlsid=HLS_2487419</link>
        </item>
    </streaminginfo>
    <streaminginfo>
        <cname>Nile Drama</cname>
        <item>
            <title>Low Quality Glarab</title>
            <link>http://38.99.146.43:7777/NileDrama.m3u8?session=bdc4847b38fe5ede816551e38b136d11b11d92e4505e5a6a7adfe8e9a6301e82a299017ce29bf1aa&amp;hlsid=HLS_2487419</link>
        </item>
    </streaminginfo>
    <streaminginfo>
        <cname>Nile Cinema</cname>
        <item>
            <title>Low Quality Glarab</title>
            <link>http://38.99.146.43:7777/NileCinema.m3u8?session=bdc4847b38fe5ede816551e38b136d11b11d92e4505e5a6a7adfe8e9a6301e82a299017ce29bf1aa&amp;hlsid=HLS_2487419</link>
        </item>
    </streaminginfo>
    <streaminginfo>
        <cname>Hanibal</cname>
        <item>
            <title>Low Quality Glarab</title>
            <link>http://38.99.146.43:7777/Hannibal.m3u8?session=bdc4847b38fe5ede816551e38b136d11b11d92e4505e5a6a7adfe8e9a6301e82a299017ce29bf1aa&amp;hlsid=HLS_2487419</link>
        </item>
    </streaminginfo>
    <streaminginfo>
        <cname>On TV</cname>
        <item>
            <title>Low Quality Glarab</title>
            <link>http://38.99.146.43:7777/ONTV.m3u8?session=bdc4847b38fe5ede816551e38b136d11b11d92e4505e5a6a7adfe8e9a6301e82a299017ce29bf1aa&amp;hlsid=HLS_2487419</link>
        </item>
    </streaminginfo>
    <streaminginfo>
        <cname>AL AHLY</cname>
        <item>
            <title>Low Quality Glarab</title>
            <link>http://38.99.146.43:7777/AlAhlyTV.m3u8?session=bdc4847b38fe5ede816551e38b136d11b11d92e4505e5a6a7adfe8e9a6301e82a299017ce29bf1aa&amp;hlsid=HLS_2487419</link>
        </item>
    </streaminginfo>
    <streaminginfo>
        <cname>Rotana Masriya</cname>
        <item>
            <title>Low Quality Glarab</title>
            <link>http://38.99.146.43:7777/RotanaMasriya.m3u8?session=bdc4847b38fe5ede816551e38b136d11b11d92e4505e5a6a7adfe8e9a6301e82a299017ce29bf1aa&amp;hlsid=HLS_2487419</link>
        </item>
    </streaminginfo>
    <streaminginfo>
        <cname>Rotana Khaligi</cname>
        <item>
            <title>Low Quality Glarab</title>
            <link>http://38.99.146.43:7777/RotanaKhalijiah.m3u8?session=bdc4847b38fe5ede816551e38b136d11b11d92e4505e5a6a7adfe8e9a6301e82a299017ce29bf1aa&amp;hlsid=HLS_2487419</link>
        </item>
    </streaminginfo>

    <streaminginfo>
        <cname>Alhayat Cinema</cname>
        <item>
            <title>Low Quality Glarab</title>
            <link>http://38.99.146.43:7777/AlHayatCinema.m3u8?session=bdc4847b38fe5ede816551e38b136d11b11d92e4505e5a6a7adfe8e9a6301e82a299017ce29bf1aa&amp;hlsid=HLS_2487419</link>
        </item>
    </streaminginfo>
 
    <streaminginfo>
        <cname>Tunisia national 1</cname>
        <item>
            <title>Low Quality Glarab</title>
            <link>http://38.99.146.43:7777/Tunisie7.m3u8?session=bdc4847b38fe5ede816551e38b136d11b11d92e4505e5a6a7adfe8e9a6301e82a299017ce29bf1aa&amp;hlsid=HLS_2487419</link>
        </item>
    </streaminginfo>
    <streaminginfo>
        <cname>Medi 1 Sat</cname>
        <item>
            <title>Low Quality Glarab</title>
            <link>http://38.99.146.43:7777/Medi1.m3u8?session=bdc4847b38fe5ede816551e38b136d11b11d92e4505e5a6a7adfe8e9a6301e82a299017ce29bf1aa&amp;hlsid=HLS_2487419</link>
        </item>
    </streaminginfo> 
    <streaminginfo>
        <cname>Nessma</cname>
        <item>
            <title>Low Quality Glarab</title>
            <link>http://38.99.146.43:7777/Nessma.m3u8?session=bdc4847b38fe5ede816551e38b136d11b11d92e4505e5a6a7adfe8e9a6301e82a299017ce29bf1aa&amp;hlsid=HLS_2487419</link>
        </item>
    </streaminginfo> 
    <streaminginfo>
        <cname>AlGeria</cname>
        <item>
            <title>Low Quality Glarab</title>
            <link>http://38.99.146.43:7777/CanalAlgerie.m3u8?session=bdc4847b38fe5ede816551e38b136d11b11d92e4505e5a6a7adfe8e9a6301e82a299017ce29bf1aa&amp;hlsid=HLS_2487419</link>
        </item>
    </streaminginfo> 
    <streaminginfo>
        <cname>2M</cname>
        <item>
            <title>Low Quality Glarab</title>
            <link>http://38.99.146.43:7777/M2Morocco.m3u8?session=bdc4847b38fe5ede816551e38b136d11b11d92e4505e5a6a7adfe8e9a6301e82a299017ce29bf1aa&amp;hlsid=HLS_2487419</link>
        </item>
    </streaminginfo> 
    <streaminginfo>
        <cname>Al Maghribia</cname>
        <item>
            <title>Low Quality Glarab</title>
            <link>http://38.99.146.43:7777/AlMaghribia.m3u8?session=bdc4847b38fe5ede816551e38b136d11b11d92e4505e5a6a7adfe8e9a6301e82a299017ce29bf1aa&amp;hlsid=HLS_2487419</link>
        </item>
    </streaminginfo> 
    <streaminginfo>
        <cname>Abu Dhabi</cname>
        <item>
            <title>Low Quality Glarab</title>
            <link>http://38.99.146.43:7777/ADAlOula.m3u8?session=bdc4847b38fe5ede816551e38b136d11b11d92e4505e5a6a7adfe8e9a6301e82a299017ce29bf1aa&amp;hlsid=HLS_2487419</link>
        </item>
    </streaminginfo> 
    <streaminginfo>
        <cname>Arrabia</cname>
        <item>
            <title>Low Quality Glarab</title>
            <link>http://38.99.146.43:7777/Arrabiaa.m3u8?session=bdc4847b38fe5ede816551e38b136d11b11d92e4505e5a6a7adfe8e9a6301e82a299017ce29bf1aa&amp;hlsid=HLS_2487419</link>
        </item>
    </streaminginfo> 
    <streaminginfo>
        <cname>Assadissa</cname>
        <item>
            <title>Low Quality Glarab</title>
            <link>http://38.99.146.43:7777/Assadissa.m3u8?session=bdc4847b38fe5ede816551e38b136d11b11d92e4505e5a6a7adfe8e9a6301e82a299017ce29bf1aa&amp;hlsid=HLS_2487419</link>
        </item>
    </streaminginfo> 
    <streaminginfo>
        <cname>Tamazigh Maroc</cname>
        <item>
            <title>Low Quality Glarab</title>
            <link>http://38.99.146.43:7777/Tamazight.m3u8?session=bdc4847b38fe5ede816551e38b136d11b11d92e4505e5a6a7adfe8e9a6301e82a299017ce29bf1aa&amp;hlsid=HLS_2487419</link>
        </item>
    </streaminginfo> 
    <streaminginfo>
        <cname>Alriadia Sport</cname>
        <item>
            <title>Low Quality Glarab</title>
            <link>http://38.99.146.43:7777/Arryadia.m3u8?session=bdc4847b38fe5ede816551e38b136d11b11d92e4505e5a6a7adfe8e9a6301e82a299017ce29bf1aa&amp;hlsid=HLS_2487419</link>
        </item>
    </streaminginfo> 
    <streaminginfo>
        <cname>Sudan TV</cname>
        <item>
            <title>Low Quality Glarab</title>
            <link>http://38.99.146.43:7777/Sudan.m3u8?session=bdc4847b38fe5ede816551e38b136d11b11d92e4505e5a6a7adfe8e9a6301e82a299017ce29bf1aa&amp;hlsid=HLS_2487419</link>
        </item>
    </streaminginfo> 
    <streaminginfo>
        <cname>Libya 2</cname>
        <item>
            <title>Low Quality Glarab</title>
            <link>http://38.99.146.43:7777/Libya.m3u8?session=bdc4847b38fe5ede816551e38b136d11b11d92e4505e5a6a7adfe8e9a6301e82a299017ce29bf1aa&amp;hlsid=HLS_2487419</link>
        </item>
    </streaminginfo> 
    <streaminginfo>
        <cname>Libya</cname>
        <item>
            <title>Low Quality Glarab</title>
            <link>http://38.99.146.43:7777/AlAhrar.m3u8?session=bdc4847b38fe5ede816551e38b136d11b11d92e4505e5a6a7adfe8e9a6301e82a299017ce29bf1aa&amp;hlsid=HLS_2487419</link>
        </item>
    </streaminginfo> 
    <streaminginfo>
        <cname>Mauritanie</cname>
        <item>
            <title>Low Quality Glarab</title>
            <link>http://38.99.146.43:7777/MauritaniaTV.m3u8?session=bdc4847b38fe5ede816551e38b136d11b11d92e4505e5a6a7adfe8e9a6301e82a299017ce29bf1aa&amp;hlsid=HLS_2487419</link>
        </item>
    </streaminginfo>
    <streaminginfo>
        <cname>Quran TV ksa1</cname>
        <item>
            <title>Low Quality Glarab</title>
            <link>http://38.99.146.43:7777/AlQuran.m3u8?session=bdc4847b38fe5ede816551e38b136d11b11d92e4505e5a6a7adfe8e9a6301e82a299017ce29bf1aa&amp;hlsid=HLS_2487419</link>
        </item>
    </streaminginfo>
    <streaminginfo>
        <cname>sunnah TV</cname>
        <item>
            <title>Low Quality Glarab</title>
            <link>http://38.99.146.43:7777/Alsunnah.m3u8?session=bdc4847b38fe5ede816551e38b136d11b11d92e4505e5a6a7adfe8e9a6301e82a299017ce29bf1aa&amp;hlsid=HLS_2487419</link>
        </item>
    </streaminginfo> 
    <streaminginfo>
        <cname>Iqra</cname>
        <item>
            <title>Low Quality Glarab</title>
            <link>http://38.99.146.43:7777/Iqraa.m3u8?session=bdc4847b38fe5ede816551e38b136d11b11d92e4505e5a6a7adfe8e9a6301e82a299017ce29bf1aa&amp;hlsid=HLS_2487419</link>
        </item>
    </streaminginfo> 
    <streaminginfo>
        <cname>Al-Resalah</cname>
        <item>
            <title>Low Quality Glarab</title>
            <link>http://38.99.146.43:7777/AlResala.m3u8?session=bdc4847b38fe5ede816551e38b136d11b11d92e4505e5a6a7adfe8e9a6301e82a299017ce29bf1aa&amp;hlsid=HLS_2487419</link>
        </item>
    </streaminginfo> 
    <streaminginfo>
        <cname>Al Majd</cname>
        <item>
            <title> SpaceLow Quality Glarab</title>
            <link>http://38.99.146.43:7777/AlmajdSpace.m3u8?session=bdc4847b38fe5ede816551e38b136d11b11d92e4505e5a6a7adfe8e9a6301e82a299017ce29bf1aa&amp;hlsid=HLS_2487419</link>
        </item>
    </streaminginfo> 
    <streaminginfo>
        <cname>KSA 1</cname>
        <item>
            <title>Low Quality Glarab</title>
            <link>http://38.99.146.43:7777/SaoudiArabia1.m3u8?session=bdc4847b38fe5ede816551e38b136d11b11d92e4505e5a6a7adfe8e9a6301e82a299017ce29bf1aa&amp;hlsid=HLS_2487419</link>
        </item>
    </streaminginfo> 
    <streaminginfo>
        <cname>KSA 2</cname>
        <item>
            <title>Low Quality Glarab</title>
            <link>http://38.99.146.43:7777/KSA2.m3u8?session=bdc4847b38fe5ede816551e38b136d11b11d92e4505e5a6a7adfe8e9a6301e82a299017ce29bf1aa&amp;hlsid=HLS_2487419</link>
        </item>
    </streaminginfo> 
    <streaminginfo>
        <cname>Al Ikhbaria</cname>
        <item>
            <title>Low Quality Glarab</title>
            <link>http://38.99.146.43:7777/AlEkhbariya.m3u8?session=bdc4847b38fe5ede816551e38b136d11b11d92e4505e5a6a7adfe8e9a6301e82a299017ce29bf1aa&amp;hlsid=HLS_2487419</link>
        </item>
    </streaminginfo> 
    <streaminginfo>
        <cname>Ajyal</cname>
        <item>
            <title>Low Quality Glarab</title>
            <link>http://38.99.146.43:7777/AjyalTV.m3u8?session=bdc4847b38fe5ede816551e38b136d11b11d92e4505e5a6a7adfe8e9a6301e82a299017ce29bf1aa&amp;hlsid=HLS_2487419</link>
        </item>
    </streaminginfo> 
    <streaminginfo>
        <cname>Al Rasheed</cname>
        <item>
            <title>Low Quality Glarab</title>
            <link>http://38.99.146.43:7777/AlRasheed.m3u8?session=bdc4847b38fe5ede816551e38b136d11b11d92e4505e5a6a7adfe8e9a6301e82a299017ce29bf1aa&amp;hlsid=HLS_2487419</link>
        </item>
    </streaminginfo> 
    <streaminginfo>
        <cname>Kuwait</cname>
        <item>
            <title>Low Quality Glarab</title>
            <link>http://38.99.146.43:7777/KuwaitSpace.m3u8?session=bdc4847b38fe5ede816551e38b136d11b11d92e4505e5a6a7adfe8e9a6301e82a299017ce29bf1aa&amp;hlsid=HLS_2487419</link>
        </item>
    </streaminginfo> 
    <streaminginfo>
        <cname>Funoon</cname>
        <item>
            <title>Low Quality Glarab</title>
            <link>http://38.99.146.43:7777/Funoon.m3u8?session=bdc4847b38fe5ede816551e38b136d11b11d92e4505e5a6a7adfe8e9a6301e82a299017ce29bf1aa&amp;hlsid=HLS_2487419</link>
        </item>
    </streaminginfo> 
    <streaminginfo>
        <cname>alwatan</cname>
        <item>
            <title>Low Quality Glarab</title>
            <link>http://38.99.146.43:7777/Alwatan.m3u8?session=bdc4847b38fe5ede816551e38b136d11b11d92e4505e5a6a7adfe8e9a6301e82a299017ce29bf1aa&amp;hlsid=HLS_2487419</link>
        </item>
    </streaminginfo> 
    <streaminginfo>
        <cname>Alwatan Plus</cname>
        <item>
            <title>Low Quality Glarab</title>
            <link>http://38.99.146.43:7777/AlwatanPlus.m3u8?session=bdc4847b38fe5ede816551e38b136d11b11d92e4505e5a6a7adfe8e9a6301e82a299017ce29bf1aa&amp;hlsid=HLS_2487419</link>
        </item>
    </streaminginfo> 
    <streaminginfo>
        <cname>GearOne</cname>
        <item>
            <title>Low Quality Glarab</title>
            <link>http://38.99.146.43:7777/GearOne.m3u8?session=bdc4847b38fe5ede816551e38b136d11b11d92e4505e5a6a7adfe8e9a6301e82a299017ce29bf1aa&amp;hlsid=HLS_2487419</link>
        </item>
    </streaminginfo> 
    <streaminginfo>
        <cname>Sharjah</cname>
        <item>
            <title>Low Quality Glarab</title>
            <link>http://38.99.146.43:7777/SharjahTV.m3u8?session=bdc4847b38fe5ede816551e38b136d11b11d92e4505e5a6a7adfe8e9a6301e82a299017ce29bf1aa&amp;hlsid=HLS_2487419</link>
        </item>
    </streaminginfo> 
    <streaminginfo>
        <cname>Dubai</cname>
        <item>
            <title>Low Quality Glarab</title>
            <link>http://38.99.146.43:7777/DubaiEurope.m3u8?session=bdc4847b38fe5ede816551e38b136d11b11d92e4505e5a6a7adfe8e9a6301e82a299017ce29bf1aa&amp;hlsid=HLS_2487419</link>
        </item>
    </streaminginfo> 
    <streaminginfo>
        <cname>Sama Dubai</cname>
        <item>
            <title>Low Quality Glarab</title>
            <link>http://38.99.146.43:7777/SamaDubai.m3u8?session=bdc4847b38fe5ede816551e38b136d11b11d92e4505e5a6a7adfe8e9a6301e82a299017ce29bf1aa&amp;hlsid=HLS_2487419</link>
        </item>
    </streaminginfo> 
    <streaminginfo>
        <cname>Fatafeat</cname>
        <item>
            <title>Low Quality Glarab</title>
            <link>http://38.99.146.43:7777/Fatafeat.m3u8?session=bdc4847b38fe5ede816551e38b136d11b11d92e4505e5a6a7adfe8e9a6301e82a299017ce29bf1aa&amp;hlsid=HLS_2487419</link>
        </item>
    </streaminginfo> 
    <streaminginfo>
        <cname>KTV2</cname>
        <item>
            <title>Low Quality Glarab</title>
            <link>http://38.99.146.43:7777/KTV2Kuwait.m3u8?session=bdc4847b38fe5ede816551e38b136d11b11d92e4505e5a6a7adfe8e9a6301e82a299017ce29bf1aa&amp;hlsid=HLS_2487419</link>
        </item>
    </streaminginfo> 
    <streaminginfo>
        <cname>Al sahraa</cname>
        <item>
            <title>Low Quality Glarab</title>
            <link>http://38.99.146.43:7777/AlSaharaa.m3u8?session=bdc4847b38fe5ede816551e38b136d11b11d92e4505e5a6a7adfe8e9a6301e82a299017ce29bf1aa&amp;hlsid=HLS_2487419</link>
        </item>
    </streaminginfo> 
    <streaminginfo>
        <cname>Bahrain</cname>
        <item>
            <title>Low Quality Glarab</title>
            <link>http://38.99.146.43:7777/Bahrain.m3u8?session=bdc4847b38fe5ede816551e38b136d11b11d92e4505e5a6a7adfe8e9a6301e82a299017ce29bf1aa&amp;hlsid=HLS_2487419</link>
        </item>
    </streaminginfo> 
    <streaminginfo>
        <cname>Qatar</cname>
        <item>
            <title>Low Quality Glarab</title>
            <link>http://38.99.146.43:7777/Qatar.m3u8?session=bdc4847b38fe5ede816551e38b136d11b11d92e4505e5a6a7adfe8e9a6301e82a299017ce29bf1aa&amp;hlsid=HLS_2487419</link>
        </item>
    </streaminginfo> 
    <streaminginfo>
        <cname>AlJazeera</cname>
        <item>
            <title>Low Quality Glarab</title>
            <link>http://38.99.146.43:7777/AlJazeera.m3u8?session=bdc4847b38fe5ede816551e38b136d11b11d92e4505e5a6a7adfe8e9a6301e82a299017ce29bf1aa&amp;hlsid=HLS_2487419</link>
        </item>
    </streaminginfo> 
    <streaminginfo>
        <cname>Aljazeera En</cname>
        <item>
            <title>Low Quality Glarab</title>
            <link>http://38.99.146.43:7777/AlJazeeraEnglish.m3u8?session=bdc4847b38fe5ede816551e38b136d11b11d92e4505e5a6a7adfe8e9a6301e82a299017ce29bf1aa&amp;hlsid=HLS_2487419</link>
        </item>
    </streaminginfo> 
    <streaminginfo>
        <cname>Yemen</cname>
        <item>
            <title>Low Quality Glarab</title>
            <link>http://38.99.146.43:7777/Yemen.m3u8?session=bdc4847b38fe5ede816551e38b136d11b11d92e4505e5a6a7adfe8e9a6301e82a299017ce29bf1aa&amp;hlsid=HLS_2487419</link>
        </item>
    </streaminginfo> 
    <streaminginfo>
        <cname>Roya</cname>
        <item>
            <title>Low Quality Glarab</title>
            <link>http://38.99.146.43:7777/Roya.m3u8?session=bdc4847b38fe5ede816551e38b136d11b11d92e4505e5a6a7adfe8e9a6301e82a299017ce29bf1aa&amp;hlsid=HLS_2487419</link>
        </item>
    </streaminginfo> 
    <streaminginfo>
        <cname>Karameesh</cname>
        <item>
            <title>Low Quality Glarab</title>
            <link>http://38.99.146.43:7777/Karameesh.m3u8?session=bdc4847b38fe5ede816551e38b136d11b11d92e4505e5a6a7adfe8e9a6301e82a299017ce29bf1aa&amp;hlsid=HLS_2487419</link>
        </item>
    </streaminginfo> 
    <streaminginfo>
        <cname>Toyor Al Janah</cname>
        <item>
            <title>Low Quality Glarab</title>
            <link>http://38.99.146.43:7777/ToyorAlJanah.m3u8?session=bdc4847b38fe5ede816551e38b136d11b11d92e4505e5a6a7adfe8e9a6301e82a299017ce29bf1aa&amp;hlsid=HLS_2487419</link>
        </item>
    </streaminginfo> 
    <streaminginfo>
        <cname>Toyor baby</cname>
        <item>
            <title>Low Quality Glarab</title>
            <link>http://38.99.146.43:7777/ToyorAlJanah2.m3u8?session=bdc4847b38fe5ede816551e38b136d11b11d92e4505e5a6a7adfe8e9a6301e82a299017ce29bf1aa&amp;hlsid=HLS_2487419</link>
        </item>
    </streaminginfo>
    <streaminginfo>
        <cname>Palestine</cname>
        <item>
            <title>Low Quality Glarab</title>
            <link>http://38.99.146.43:7777/Palestinian.m3u8?session=bdc4847b38fe5ede816551e38b136d11b11d92e4505e5a6a7adfe8e9a6301e82a299017ce29bf1aa&amp;hlsid=HLS_2487419</link>
        </item>
    </streaminginfo> 
    <streaminginfo>
        <cname>Alqudis</cname>
        <item>
            <title>Low Quality Glarab</title>
            <link>http://38.99.146.43:7777/Alquds.m3u8?session=bdc4847b38fe5ede816551e38b136d11b11d92e4505e5a6a7adfe8e9a6301e82a299017ce29bf1aa&amp;hlsid=HLS_2487419</link>
        </item>
    </streaminginfo> 
    <streaminginfo>
        <cname>Al Jadeed</cname>
        <item>
            <title>Low Quality Glarab</title>
            <link>http://38.99.146.43:7777/AlJadeed.m3u8?session=bdc4847b38fe5ede816551e38b136d11b11d92e4505e5a6a7adfe8e9a6301e82a299017ce29bf1aa&amp;hlsid=HLS_2487419</link>
        </item>
    </streaminginfo> 
    <streaminginfo>
        <cname>MTV</cname>
        <item>
            <title>Low Quality Glarab</title>
            <link>http://38.99.146.43:7777/MTVLebanon.m3u8?session=bdc4847b38fe5ede816551e38b136d11b11d92e4505e5a6a7adfe8e9a6301e82a299017ce29bf1aa&amp;hlsid=HLS_2487419</link>
        </item>
    </streaminginfo> 
    <streaminginfo>
        <cname>NBN</cname>
        <item>
            <title>larab</title>
            <link>http://38.99.146.43:7777/NBNLebanon.m3u8?session=bdc4847b38fe5ede816551e38b136d11b11d92e4505e5a6a7adfe8e9a6301e82a299017ce29bf1aa&amp;hlsid=HLS_2487419</link>
        </item>
    </streaminginfo> 
    <streaminginfo>
        <cname>Tele Liban</cname>
        <item>
            <title>Low Quality Glarab</title>
            <link>http://38.99.146.43:7777/TeleLiban.m3u8?session=bdc4847b38fe5ede816551e38b136d11b11d92e4505e5a6a7adfe8e9a6301e82a299017ce29bf1aa&amp;hlsid=HLS_2487419</link>
        </item>
    </streaminginfo> 
    <streaminginfo>
        <cname>Al Manar</cname>
        <item>
            <title>Low Quality Glarab</title>
            <link>http://38.99.146.43:7777/AlManar.m3u8?session=bdc4847b38fe5ede816551e38b136d11b11d92e4505e5a6a7adfe8e9a6301e82a299017ce29bf1aa&amp;hlsid=HLS_2487419</link>
        </item>
    </streaminginfo> 
    <streaminginfo>
        <cname>Syria Drama</cname>
        <item>
            <title>Low Quality Glarab</title>
            <link>http://38.99.146.43:7777/SyriaDrama.m3u8?session=bdc4847b38fe5ede816551e38b136d11b11d92e4505e5a6a7adfe8e9a6301e82a299017ce29bf1aa&amp;hlsid=HLS_2487419</link>
        </item>
    </streaminginfo> 
    <streaminginfo>
        <cname>Syria</cname>
        <item>
            <title>Low Quality Glarab</title>
            <link>http://38.99.146.43:7777/SyriaSat.m3u8?session=bdc4847b38fe5ede816551e38b136d11b11d92e4505e5a6a7adfe8e9a6301e82a299017ce29bf1aa&amp;hlsid=HLS_2487419</link>
        </item>
    </streaminginfo> 
    <streaminginfo>
        <cname>Sama Syria</cname>
        <item>
            <title>Low Quality Glarab</title>
            <link>http://38.99.146.43:7777/SamaTV.m3u8?session=bdc4847b38fe5ede816551e38b136d11b11d92e4505e5a6a7adfe8e9a6301e82a299017ce29bf1aa&amp;hlsid=HLS_2487419</link>
        </item>
    </streaminginfo> 
    <streaminginfo>
        <cname>Syria Nour</cname>
        <item>
            <title>Low Quality Glarab</title>
            <link>http://38.99.146.43:7777/NourElSham.m3u8?session=bdc4847b38fe5ede816551e38b136d11b11d92e4505e5a6a7adfe8e9a6301e82a299017ce29bf1aa&amp;hlsid=HLS_2487419</link>
        </item>
    </streaminginfo> 
    <streaminginfo>
        <cname>Syria Sedu</cname>
        <item>
            <title>Low Quality Glarab</title>
            <link>http://38.99.146.43:7777/SyrianEducation.m3u8?session=bdc4847b38fe5ede816551e38b136d11b11d92e4505e5a6a7adfe8e9a6301e82a299017ce29bf1aa&amp;hlsid=HLS_2487419</link>
        </item>
    </streaminginfo> 
    <streaminginfo>
        <cname>Al Baghdadia</cname>
        <item>
            <title>Low Quality Glarab</title>
            <link>http://38.99.146.43:7777/AlBaghdadia.m3u8?session=bdc4847b38fe5ede816551e38b136d11b11d92e4505e5a6a7adfe8e9a6301e82a299017ce29bf1aa&amp;hlsid=HLS_2487419</link>
        </item>
    </streaminginfo> 
    <streaminginfo>
        <cname>Al Sharqiya</cname>
        <item>
            <title>Low Quality Glarab</title>
            <link>http://38.99.146.43:7777/AlSharqiya.m3u8?session=bdc4847b38fe5ede816551e38b136d11b11d92e4505e5a6a7adfe8e9a6301e82a299017ce29bf1aa&amp;hlsid=HLS_2487419</link>
        </item>
    </streaminginfo> 
    <streaminginfo>
        <cname>Al Sharqiya News</cname>
        <item>
            <title>Low Quality Glarab</title>
            <link>http://38.99.146.43:7777/AlsharqiyaNews.m3u8?session=bdc4847b38fe5ede816551e38b136d11b11d92e4505e5a6a7adfe8e9a6301e82a299017ce29bf1aa&amp;hlsid=HLS_2487419</link>
        </item>
    </streaminginfo> 
    <streaminginfo>
        <cname>Al-hurra Iraq</cname>
        <item>
            <title>Low Quality Glarab</title>
            <link>http://38.99.146.43:7777/AlhurraIraq.m3u8?session=bdc4847b38fe5ede816551e38b136d11b11d92e4505e5a6a7adfe8e9a6301e82a299017ce29bf1aa&amp;hlsid=HLS_2487419</link>
        </item>
    </streaminginfo> 
    <streaminginfo>
        <cname>Aliraqiya</cname>
        <item>
            <title>Low Quality Glarab</title>
            <link>http://38.99.146.43:7777/AlIraqiya.m3u8?session=bdc4847b38fe5ede816551e38b136d11b11d92e4505e5a6a7adfe8e9a6301e82a299017ce29bf1aa&amp;hlsid=HLS_2487419</link>
        </item>
    </streaminginfo> 
    <streaminginfo>
        <cname>Al Masar</cname>
        <item>
            <title>Low Quality Glarab</title>
            <link>http://38.99.146.43:7777/AlMasar.m3u8?session=bdc4847b38fe5ede816551e38b136d11b11d92e4505e5a6a7adfe8e9a6301e82a299017ce29bf1aa&amp;hlsid=HLS_2487419</link>
        </item>
    </streaminginfo> 
    <streaminginfo>
        <cname>Tayba</cname>
        <item>
            <title>Low Quality Glarab</title>
            <link>http://38.99.146.43:7777/Tayba.m3u8?session=bdc4847b38fe5ede816551e38b136d11b11d92e4505e5a6a7adfe8e9a6301e82a299017ce29bf1aa&amp;hlsid=HLS_2487419</link>
        </item>
    </streaminginfo> 
    <streaminginfo>
        <cname>Om Durman</cname>
        <item>
            <title>Low Quality Glarab</title>
            <link>http://38.99.146.43:7777/OmDurman.m3u8?session=bdc4847b38fe5ede816551e38b136d11b11d92e4505e5a6a7adfe8e9a6301e82a299017ce29bf1aa&amp;hlsid=HLS_2487419</link>
        </item>
    </streaminginfo>
    <streaminginfo>
        <cname>Libya AlWataniya</cname>
        <item>
            <title>Low Quality Glarab</title>
            <link>http://38.99.146.43:7777/LibyaAlWataniya.m3u8?session=bdc4847b38fe5ede816551e38b136d11b11d92e4505e5a6a7adfe8e9a6301e82a299017ce29bf1aa&amp;hlsid=HLS_2487419</link>
        </item>
    </streaminginfo> 
    <streaminginfo>
        <cname>Djibouti</cname>
        <item>
            <title>Low Quality Glarab</title>
            <link>http://38.99.146.43:7777/RTD.m3u8?session=bdc4847b38fe5ede816551e38b136d11b11d92e4505e5a6a7adfe8e9a6301e82a299017ce29bf1aa&amp;hlsid=HLS_2487419</link>
        </item>
    </streaminginfo>
    <streaminginfo>
        <cname>Al Eqtisadiyah</cname>
        <item>
            <title>Low Quality Glarab</title>
            <link>http://38.99.146.43:7777/AlEqtisadiyah.m3u8?session=bdc4847b38fe5ede816551e38b136d11b11d92e4505e5a6a7adfe8e9a6301e82a299017ce29bf1aa&amp;hlsid=HLS_2487419</link>
        </item>
    </streaminginfo> 
    <streaminginfo>
        <cname>Al Thakafiyah</cname>
        <item>
            <title>Low Quality Glarab</title>
            <link>http://38.99.146.43:7777/AlThakafiyah.m3u8?session=bdc4847b38fe5ede816551e38b136d11b11d92e4505e5a6a7adfe8e9a6301e82a299017ce29bf1aa&amp;hlsid=HLS_2487419</link>
        </item>
    </streaminginfo> 
    <streaminginfo>
        <cname>Al Amaken</cname>
        <item>
            <title>Low Quality Glarab</title>
            <link>http://38.99.146.43:7777/AlAmakenDrama.m3u8?session=bdc4847b38fe5ede816551e38b136d11b11d92e4505e5a6a7adfe8e9a6301e82a299017ce29bf1aa&amp;hlsid=HLS_2487419</link>
        </item>
    </streaminginfo> 
    <streaminginfo>
        <cname>Al Adala</cname>
        <item>
            <title>Low Quality Glarab</title>
            <link>http://38.99.146.43:7777/AlAdala.m3u8?session=bdc4847b38fe5ede816551e38b136d11b11d92e4505e5a6a7adfe8e9a6301e82a299017ce29bf1aa&amp;hlsid=HLS_2487419</link>
        </item>
    </streaminginfo> 
    <streaminginfo>
        <cname>Al Kout</cname>
        <item>
            <title>Low Quality Glarab</title>
            <link>http://38.99.146.43:7777/AlKout.m3u8?session=bdc4847b38fe5ede816551e38b136d11b11d92e4505e5a6a7adfe8e9a6301e82a299017ce29bf1aa&amp;hlsid=HLS_2487419</link>
        </item>
    </streaminginfo> 
    <streaminginfo>
        <cname>Ajman</cname>
        <item>
            <title>Low Quality Glarab</title>
            <link>http://38.99.146.43:7777/Ajman.m3u8?session=bdc4847b38fe5ede816551e38b136d11b11d92e4505e5a6a7adfe8e9a6301e82a299017ce29bf1aa&amp;hlsid=HLS_2487419</link>
        </item>
    </streaminginfo> 
    <streaminginfo>
        <cname>DM</cname>
        <item>
            <title>Low Quality Glarab</title>
            <link>http://38.99.146.43:7777/DM.m3u8?session=bdc4847b38fe5ede816551e38b136d11b11d92e4505e5a6a7adfe8e9a6301e82a299017ce29bf1aa&amp;hlsid=HLS_2487419</link>
        </item>
    </streaminginfo> 
    <streaminginfo>
        <cname>Oyoun Jeddah</cname>
        <item>
            <title>Low Quality Glarab</title>
            <link>http://38.99.146.43:7777/OyounJeddah.m3u8?session=bdc4847b38fe5ede816551e38b136d11b11d92e4505e5a6a7adfe8e9a6301e82a299017ce29bf1aa&amp;hlsid=HLS_2487419</link>
        </item>
    </streaminginfo> 
    <streaminginfo>
        <cname>Aden</cname>
        <item>
            <title>Low Quality Glarab</title>
            <link>http://38.99.146.43:7777/Aden.m3u8?session=bdc4847b38fe5ede816551e38b136d11b11d92e4505e5a6a7adfe8e9a6301e82a299017ce29bf1aa&amp;hlsid=HLS_2487419</link>
        </item>
    </streaminginfo> 
    <streaminginfo>
        <cname>Sheba</cname>
        <item>
            <title>Low Quality Glarab</title>
            <link>http://38.99.146.43:7777/Sheba.m3u8?session=bdc4847b38fe5ede816551e38b136d11b11d92e4505e5a6a7adfe8e9a6301e82a299017ce29bf1aa&amp;hlsid=HLS_2487419</link>
        </item>
    </streaminginfo> 
    <streaminginfo>
        <cname>Al Shaab</cname>
        <item>
            <title>Low Quality Glarab</title>
            <link>http://38.99.146.43:7777/AlShaab.m3u8?session=bdc4847b38fe5ede816551e38b136d11b11d92e4505e5a6a7adfe8e9a6301e82a299017ce29bf1aa&amp;hlsid=HLS_2487419</link>
        </item>
    </streaminginfo> 
    <streaminginfo>
        <cname>Al Eman</cname>
        <item>
            <title>Low Quality Glarab</title>
            <link>http://38.99.146.43:7777/AlEman.m3u8?session=bdc4847b38fe5ede816551e38b136d11b11d92e4505e5a6a7adfe8e9a6301e82a299017ce29bf1aa&amp;hlsid=HLS_2487419</link>
        </item>
    </streaminginfo> 
    <streaminginfo>
        <cname>Al Sabah</cname>
        <item>
            <title>Low Quality Glarab</title>
            <link>http://38.99.146.43:7777/AlSabah.m3u8?session=bdc4847b38fe5ede816551e38b136d11b11d92e4505e5a6a7adfe8e9a6301e82a299017ce29bf1aa&amp;hlsid=HLS_2487419</link>
        </item>
    </streaminginfo> 
    <streaminginfo>
        <cname>Al Ordonia</cname>
        <item>
            <title>Low Quality Glarab</title>
            <link>http://38.99.146.43:7777/AlOrdoni.m3u8?session=bdc4847b38fe5ede816551e38b136d11b11d92e4505e5a6a7adfe8e9a6301e82a299017ce29bf1aa&amp;hlsid=HLS_2487419</link>
        </item>
    </streaminginfo> 
    <streaminginfo>
        <cname>Al Haqeeqa</cname>
        <item>
            <title>Low Quality Glarab</title>
            <link>http://38.99.146.43:7777/AlHaqeeqa.m3u8?session=bdc4847b38fe5ede816551e38b136d11b11d92e4505e5a6a7adfe8e9a6301e82a299017ce29bf1aa&amp;hlsid=HLS_2487419</link>
        </item>
    </streaminginfo> 
    <streaminginfo>
        <cname>Zweina Bladna</cname>
        <item>
            <title>Low Quality Glarab</title>
            <link>http://38.99.146.43:7777/ZweinaBaladna.m3u8?session=bdc4847b38fe5ede816551e38b136d11b11d92e4505e5a6a7adfe8e9a6301e82a299017ce29bf1aa&amp;hlsid=HLS_2487419</link>
        </item>
    </streaminginfo>

    <streaminginfo>
        <cname>Alqsa</cname>
        <item>
            <title>Low Quality Glarab</title>
            <link>http://38.99.146.43:7777/AqsaSatch.m3u8?session=bdc4847b38fe5ede816551e38b136d11b11d92e4505e5a6a7adfe8e9a6301e82a299017ce29bf1aa&amp;hlsid=HLS_2487419</link>
        </item>
    </streaminginfo> 

    <streaminginfo>
        <cname>Palestine AlYawm</cname>
        <item>
            <title>Low Quality Glarab</title>
            <link>http://38.99.146.43:7777/PalestineAlYawm.m3u8?session=bdc4847b38fe5ede816551e38b136d11b11d92e4505e5a6a7adfe8e9a6301e82a299017ce29bf1aa&amp;hlsid=HLS_2487419</link>
        </item>
    </streaminginfo> 
    <streaminginfo>
        <cname>Palestine Live</cname>
        <item>
            <title>Low Quality Glarab</title>
            <link>http://38.99.146.43:7777/PalestineLive.m3u8?session=bdc4847b38fe5ede816551e38b136d11b11d92e4505e5a6a7adfe8e9a6301e82a299017ce29bf1aa&amp;hlsid=HLS_2487419</link>
        </item>
    </streaminginfo> 
    <streaminginfo>
        <cname>Baghdad</cname>
        <item>
            <title>Low Quality Glarab</title>
            <link>http://38.99.146.43:7777/Baghdad.m3u8?session=bdc4847b38fe5ede816551e38b136d11b11d92e4505e5a6a7adfe8e9a6301e82a299017ce29bf1aa&amp;hlsid=HLS_2487419</link>
        </item>
    </streaminginfo> 
    <streaminginfo>
        <cname>Al Rafidain</cname>
        <item>
            <title>Low Quality Glarab</title>
            <link>http://38.99.146.43:7777/AlRafidain.m3u8?session=bdc4847b38fe5ede816551e38b136d11b11d92e4505e5a6a7adfe8e9a6301e82a299017ce29bf1aa&amp;hlsid=HLS_2487419</link>
        </item>
    </streaminginfo> 
    <streaminginfo>
        <cname>Al Fayhaa</cname>
        <item>
            <title>Low Quality Glarab</title>
            <link>http://38.99.146.43:7777/AlFayhaa.m3u8?session=bdc4847b38fe5ede816551e38b136d11b11d92e4505e5a6a7adfe8e9a6301e82a299017ce29bf1aa&amp;hlsid=HLS_2487419</link>
        </item>
    </streaminginfo> 
    <streaminginfo>
        <cname>Aldiyar</cname>
        <item>
            <title>Low Quality Glarab</title>
            <link>http://38.99.146.43:7777/AldiyarSat.m3u8?session=bdc4847b38fe5ede816551e38b136d11b11d92e4505e5a6a7adfe8e9a6301e82a299017ce29bf1aa&amp;hlsid=HLS_2487419</link>
        </item>
    </streaminginfo> 
    <streaminginfo>
        <cname>Al Forat</cname>
        <item>
            <title>Low Quality Glarab</title>
            <link>http://38.99.146.43:7777/AlForat.m3u8?session=bdc4847b38fe5ede816551e38b136d11b11d92e4505e5a6a7adfe8e9a6301e82a299017ce29bf1aa&amp;hlsid=HLS_2487419</link>
        </item>
    </streaminginfo> 
    <streaminginfo>
        <cname>Beladi</cname>
        <item>
            <title>Low Quality Glarab</title>
            <link>http://38.99.146.43:7777/Beladi.m3u8?session=bdc4847b38fe5ede816551e38b136d11b11d92e4505e5a6a7adfe8e9a6301e82a299017ce29bf1aa&amp;hlsid=HLS_2487419</link>
        </item>
    </streaminginfo> 
    <streaminginfo>
        <cname>Al iraq AL Tarba</cname>
        <item>
            <title>Low Quality Glarab</title>
            <link>http://38.99.146.43:7777/AlIraqATarbawiyah.m3u8?session=bdc4847b38fe5ede816551e38b136d11b11d92e4505e5a6a7adfe8e9a6301e82a299017ce29bf1aa&amp;hlsid=HLS_2487419</link>
        </item>
    </streaminginfo>
    <streaminginfo>
        <cname>Saudia Sport</cname>
        <item>
            <title>Low Quality Glarab</title>
            <link>http://38.99.146.43:7777/AlRiyadiah.m3u8?session=bdc4847b38fe5ede816551e38b136d11b11d92e4505e5a6a7adfe8e9a6301e82a299017ce29bf1aa&amp;hlsid=HLS_2487419</link>
        </item>
    </streaminginfo> 
    <streaminginfo>
        <cname>Goan</cname>
        <item>
            <title>Low Quality Glarab</title>
            <link>http://38.99.146.43:7777/GoanTV.m3u8?session=bdc4847b38fe5ede816551e38b136d11b11d92e4505e5a6a7adfe8e9a6301e82a299017ce29bf1aa&amp;hlsid=HLS_2487419</link>
        </item>
    </streaminginfo> 
    <streaminginfo>
        <cname>Libya Sport 1</cname>
        <item>
            <title>Low Quality Glarab</title>
            <link>http://38.99.146.43:7777/LibyaSportChannel1.m3u8?session=bdc4847b38fe5ede816551e38b136d11b11d92e4505e5a6a7adfe8e9a6301e82a299017ce29bf1aa&amp;hlsid=HLS_2487419</link>
        </item>
    </streaminginfo> 
 
    <streaminginfo>
        <cname>Neelain Sport</cname>
        <item>
            <title>Low Quality Glarab</title>
            <link>http://38.99.146.43:7777/NeelainSport.m3u8?session=bdc4847b38fe5ede816551e38b136d11b11d92e4505e5a6a7adfe8e9a6301e82a299017ce29bf1aa&amp;hlsid=HLS_2487419</link>
        </item>
    </streaminginfo> 
    <streaminginfo>
        <cname>Rotana Classic</cname>
        <item>
            <title>Low Quality Glarab</title>
            <link>http://38.99.146.43:7777/RotanaZaman.m3u8?session=bdc4847b38fe5ede816551e38b136d11b11d92e4505e5a6a7adfe8e9a6301e82a299017ce29bf1aa&amp;hlsid=HLS_2487419</link>
        </item>
    </streaminginfo>
    <streaminginfo>
        <cname>Moga Comedy</cname>
        <item>
            <title>Low Quality Glarab</title>
            <link>http://38.99.146.43:7777/MogaComedy.m3u8?session=bdc4847b38fe5ede816551e38b136d11b11d92e4505e5a6a7adfe8e9a6301e82a299017ce29bf1aa&amp;hlsid=HLS_2487419</link>
        </item>
    </streaminginfo>
    <streaminginfo>
        <cname>Panorama film</cname>
        <item>
            <title>Low Quality Glarab</title>
            <link>http://38.99.146.43:7777/PanoramaFilm.m3u8?session=bdc4847b38fe5ede816551e38b136d11b11d92e4505e5a6a7adfe8e9a6301e82a299017ce29bf1aa&amp;hlsid=HLS_2487419</link>
        </item>
    </streaminginfo>
    <streaminginfo>
        <cname>I Film</cname>
        <item>
            <title>Low Quality Glarab</title>
            <link>http://38.99.146.43:7777/iFilm.m3u8?session=bdc4847b38fe5ede816551e38b136d11b11d92e4505e5a6a7adfe8e9a6301e82a299017ce29bf1aa&amp;hlsid=HLS_2487419</link>
        </item>
    </streaminginfo>
    <streaminginfo>
        <cname>MBC 1</cname>
        <item>
            <title>Low Quality Glarab</title>
            <link>http://38.99.146.43:7777/MBC1.m3u8?session=bdc4847b38fe5ede816551e38b136d11b11d92e4505e5a6a7adfe8e9a6301e82a299017ce29bf1aa&amp;hlsid=HLS_2487419</link>
        </item>
    </streaminginfo>
    <streaminginfo>
        <cname>MBC 2</cname>
        <item>
            <title>Low Quality Glarab</title>
            <link>http://38.99.146.43:7777/MBC2.m3u8?session=bdc4847b38fe5ede816551e38b136d11b11d92e4505e5a6a7adfe8e9a6301e82a299017ce29bf1aa&amp;hlsid=HLS_2487419</link>
        </item>
    </streaminginfo>
    <streaminginfo>
        <cname>MBC 3</cname>
        <item>
            <title>Low Quality Glarab</title>
            <link>http://38.99.146.43:7777/MBC3.m3u8?session=bdc4847b38fe5ede816551e38b136d11b11d92e4505e5a6a7adfe8e9a6301e82a299017ce29bf1aa&amp;hlsid=HLS_2487419</link>
        </item>
    </streaminginfo>
    <streaminginfo>
        <cname>MBC 4</cname>
        <item>
            <title>Low Quality Glarab</title>
            <link>http://38.99.146.43:7777/MBC4.m3u8?session=bdc4847b38fe5ede816551e38b136d11b11d92e4505e5a6a7adfe8e9a6301e82a299017ce29bf1aa&amp;hlsid=HLS_2487419</link>
        </item>
    </streaminginfo>
    <streaminginfo>
        <cname>MBC Action</cname>
        <item>
            <title>Low Quality Glarab</title>
            <link>http://38.99.146.43:7777/MBCAction.m3u8?session=bdc4847b38fe5ede816551e38b136d11b11d92e4505e5a6a7adfe8e9a6301e82a299017ce29bf1aa&amp;hlsid=HLS_2487419</link>
        </item>
    </streaminginfo>
    <streaminginfo>
        <cname>MBC Max</cname>
        <item>
            <title>Low Quality Glarab</title>
            <link>http://38.99.146.43:7777/MBCMax.m3u8?session=bdc4847b38fe5ede816551e38b136d11b11d92e4505e5a6a7adfe8e9a6301e82a299017ce29bf1aa&amp;hlsid=HLS_2487419</link>
        </item>
    </streaminginfo>
    <streaminginfo>
        <cname>MBC Drama</cname>
        <item>
            <title>Low Quality Glarab</title>
            <link>http://38.99.146.43:7777/MBCDrama.m3u8?session=bdc4847b38fe5ede816551e38b136d11b11d92e4505e5a6a7adfe8e9a6301e82a299017ce29bf1aa&amp;hlsid=HLS_2487419</link>
        </item>
    </streaminginfo>
    <streaminginfo>
        <cname>CBC</cname>
        <item>
            <title>Low Quality Glarab</title>
            <link>http://38.99.146.43:7777/CBC.m3u8?session=bdc4847b38fe5ede816551e38b136d11b11d92e4505e5a6a7adfe8e9a6301e82a299017ce29bf1aa&amp;hlsid=HLS_2487419</link>
        </item>
    </streaminginfo>
    <streaminginfo>
        <cname>CBC 2</cname>
        <item>
            <title>Low Quality Glarab</title>
            <link>http://38.99.146.43:7777/CBC2.m3u8?session=bdc4847b38fe5ede816551e38b136d11b11d92e4505e5a6a7adfe8e9a6301e82a299017ce29bf1aa&amp;hlsid=HLS_2487419</link>
        </item>
    </streaminginfo>
    <streaminginfo>
        <cname>CBC Drama</cname>
        <item>
            <title>Low Quality Glarab</title>
            <link>http://38.99.146.43:7777/CBCDrama.m3u8?session=bdc4847b38fe5ede816551e38b136d11b11d92e4505e5a6a7adfe8e9a6301e82a299017ce29bf1aa&amp;hlsid=HLS_2487419</link>
        </item>
    </streaminginfo>
    <streaminginfo>
        <cname>Al-Nahar Drama</cname>
        <item>
            <title>Low Quality Glarab</title>
            <link>http://38.99.146.43:7777/AlNaharDrama.m3u8?session=bdc4847b38fe5ede816551e38b136d11b11d92e4505e5a6a7adfe8e9a6301e82a299017ce29bf1aa&amp;hlsid=HLS_2487419</link>
        </item>
    </streaminginfo>
    <streaminginfo>
        <cname>Dream 1</cname>
        <item>
            <title>Low Quality Glarab</title>
            <link>http://38.99.146.43:7777/Dream1.m3u8?session=bdc4847b38fe5ede816551e38b136d11b11d92e4505e5a6a7adfe8e9a6301e82a299017ce29bf1aa&amp;hlsid=HLS_2487419</link>
        </item>
    </streaminginfo>
    <streaminginfo>
        <cname>Dream 2</cname>
        <item>
            <title>Low Quality Glarab</title>
            <link>http://38.99.146.43:7777/Dream2.m3u8?session=bdc4847b38fe5ede816551e38b136d11b11d92e4505e5a6a7adfe8e9a6301e82a299017ce29bf1aa&amp;hlsid=HLS_2487419</link>
        </item>
    </streaminginfo>
    <streaminginfo>
        <cname>Panorama Drama</cname>
        <item>
            <title>Low Quality Glarab</title>
            <link>http://38.99.146.43:7777/PanoramaDrama.m3u8?session=bdc4847b38fe5ede816551e38b136d11b11d92e4505e5a6a7adfe8e9a6301e82a299017ce29bf1aa&amp;hlsid=HLS_2487419</link>
        </item>
    </streaminginfo>
    <streaminginfo>
        <cname>Panorama Drama 2</cname>
        <item>
            <title>Low Quality Glarab</title>
            <link>http://38.99.146.43:7777/PanoramaDrama2.m3u8?session=bdc4847b38fe5ede816551e38b136d11b11d92e4505e5a6a7adfe8e9a6301e82a299017ce29bf1aa&amp;hlsid=HLS_2487419</link>
        </item>
    </streaminginfo>
    <streaminginfo>
        <cname>Al Sumaria</cname>
        <item>
            <title>Low Quality Glarab</title>
            <link>http://38.99.146.43:7777/Alsumaria.m3u8?session=bdc4847b38fe5ede816551e38b136d11b11d92e4505e5a6a7adfe8e9a6301e82a299017ce29bf1aa&amp;hlsid=HLS_2487419</link>
        </item>
    </streaminginfo>
    <streaminginfo>
        <cname>Top Movies</cname>
        <item>
            <title>Low Quality Glarab</title>
            <link>http://38.99.146.43:7777/TopMovies.m3u8?session=bdc4847b38fe5ede816551e38b136d11b11d92e4505e5a6a7adfe8e9a6301e82a299017ce29bf1aa&amp;hlsid=HLS_2487419</link>
        </item>
    </streaminginfo>
    <streaminginfo>
        <cname>Al Anwar</cname>
        <item>
            <title>Low Quality Glarab</title>
            <link>http://38.99.146.43:7777/AlAnwar.m3u8?session=bdc4847b38fe5ede816551e38b136d11b11d92e4505e5a6a7adfe8e9a6301e82a299017ce29bf1aa&amp;hlsid=HLS_2487419</link>
        </item>
    </streaminginfo>
    <streaminginfo>
        <cname>Rotana Music</cname>
        <item>
            <title>Low Quality Glarab</title>
            <link>http://38.99.146.43:7777/RotanaMusic.m3u8?session=bdc4847b38fe5ede816551e38b136d11b11d92e4505e5a6a7adfe8e9a6301e82a299017ce29bf1aa&amp;hlsid=HLS_2487419</link>
        </item>
    </streaminginfo>
    <streaminginfo>
        <cname>Rotana Clip</cname>
        <item>
            <title>Low Quality Glarab</title>
            <link>http://38.99.146.43:7777/RotanaClip.m3u8?session=bdc4847b38fe5ede816551e38b136d11b11d92e4505e5a6a7adfe8e9a6301e82a299017ce29bf1aa&amp;hlsid=HLS_2487419</link>
        </item>
    </streaminginfo>
    <streaminginfo>
        <cname>OTV Lebanon</cname>
        <item>
            <title>Low Quality Glarab</title>
            <link>http://38.99.146.43:7777/OTV.m3u8?session=bdc4847b38fe5ede816551e38b136d11b11d92e4505e5a6a7adfe8e9a6301e82a299017ce29bf1aa&amp;hlsid=HLS_2487419</link>
        </item>
    </streaminginfo> 


</streaminginfos>
