<streaminginfos>
<streaminginfo>
        <cname>Mazeka zoom</cname>
		<item><title>magictvbox</title><link>http://cdn.magictvbox.com/live/10143.stream/playlist.m3u8</link></item>
</streaminginfo>

<streaminginfo>
        <cname>Mazzika</cname>
	<item><title>magictvbox</title><link>http://cdn.magictvbox.com/live/10142.stream/playlist.m3u8</link></item>
</streaminginfo>

<streaminginfo>
        <cname>Nile Sport</cname>
<item><title>magictvbox</title><link>http://cdn.magictvbox.com/live/10134.stream/playlist.m3u8</link></item>
</streaminginfo>
<streaminginfo>
        <cname>Nile News</cname>
<item><title>magictvbox</title><link>http://cdn.magictvbox.com/live/10133.stream/playlist.m3u8</link></item>
</streaminginfo>
<streaminginfo>
        <cname>Alqithara</cname>
<item><title>magictvbox</title><link>http://cdn.magictvbox.com/live/10128.stream/playlist.m3u8</link></item>
</streaminginfo>
<streaminginfo>
        <cname>Cairo Cinema</cname>
<item><title>magictvbox</title><link>http://cdn.magictvbox.com/live/10126.stream/playlist.m3u8</link></item>
</streaminginfo>
<streaminginfo>
        <cname>Cairo Drama</cname>
<item><title>magictvbox</title><link>http://cdn.magictvbox.com/live/10127.stream/playlist.m3u8</link></item>
</streaminginfo>
<streaminginfo>
        <cname>Al Sharqiya</cname>
<item><title>magictvbox</title><link>http://cdn.magictvbox.com/live/10110.stream/playlist.m3u8</link></item>
</streaminginfo>
<streaminginfo>
        <cname>Al Sumaria</cname>
<item><title>magictvbox</title><link>http://cdn.magictvbox.com/live/10113.stream/playlist.m3u8</link></item>
</streaminginfo>
<streaminginfo>
        <cname>TRT6</cname>
<item><title>magictvbox</title><link>http://cdn.magictvbox.com/live/10100.stream/playlist.m3u8</link></item>
</streaminginfo>
    <streaminginfo>
        <cname>BBC Arabic</cname>
        <item>
            <title>magictvbox</title>
            <link>http://cdn.magictvbox.com/live/10136.stream/playlist.m3u8</link>
        </item>
    </streaminginfo>
    <streaminginfo>
        <cname>Sama Dubai</cname>
        <item>
            <title>magictvbox</title>
            <link>http://cdn.magictvbox.com/live/10112.stream/playlist.m3u8</link>
        </item>
    </streaminginfo>
    <streaminginfo>
        <cname>Nessma</cname>
        <item>
            <title>magictvbox</title>
            <link>http://cdn.magictvbox.com/live/10135.stream/playlist.m3u8</link>
        </item>
    </streaminginfo>
    <streaminginfo>
        <cname>Panorama Drama</cname>
        <item>
            <title>magictvbox</title>
            <link>http://cdn.magictvbox.com/live/10129.stream/playlist.m3u8</link>
        </item>
    </streaminginfo>
	<streaminginfo>
		<cname>Panorama Drama</cname>
		<item>
			<title>magictvbox</title>			
			<link>http://cdn-streamer1.magictvbox.com/live/10163.stream/playlist.m3u8</link>
		</item>
	</streaminginfo>
	<streaminginfo>
		<cname>Panorama film</cname>
		<item>
			<title> magictv</title>
			<link>http://cdn-streamer1.magictvbox.com/live/10176.stream/playlist.m3u8</link>
		</item>
	</streaminginfo>
    <streaminginfo>
        <cname>Al Baghdadia Drama</cname>
        <item>
            <title>magictvbox</title>
            <link>http://cdn.magictvbox.com/live/10125.stream/chunklist.m3u8</link>
        </item>
    </streaminginfo>
    <streaminginfo>
        <cname>Aljazeera Mubasher</cname>
        <item>
            <title>magictvbox</title>
            <link>http://cdn.magictvbox.com/live/71.stream/playlist.m3u8</link>
        </item>
    </streaminginfo>
    <streaminginfo>
        <cname>Dubai One</cname>
        <item>
            <title>magictvbox</title>
            <link>http://cdn.magictvbox.com/live/10111.stream/chunklist.m3u8</link>
        </item>
    </streaminginfo>
    <streaminginfo>
        <cname>Alkarama_Christian</cname>
        <item>
            <title>magictvbox SRV1</title>
            <link>http://cdn-streamer2.magictvbox.com/41.m3u8</link>
        </item>
    </streaminginfo>
    <streaminginfo>
        <cname>Alkarama_Christian</cname>
        <item>
            <title>magictvbox SVR2</title>
            <link>http://cdn.magictvbox.com/live/karma-me.stream/playlist.m3u8</link>
        </item>
    </streaminginfo>
    <streaminginfo>
        <cname>Alfaraeena</cname>
        <item>
            <title>magictvbox SVR1</title>
            <link>http://cdn.magictvbox.com/live/10188.stream/chunklist.m3u8</link>
        </item>
    </streaminginfo>
    <streaminginfo>
        <cname>Nile Comedy</cname>
        <item>
            <title> magictvbox</title>
            <link>http://cdn.magictvbox.com/live/10131.stream/playlist.m3u8</link>
        </item>
    </streaminginfo>
    <streaminginfo>
        <cname>Wesal Tv</cname>
        <item>
            <title>magictvbox</title>
            <link>http://repeater-sd1.magictvbox.com:1935/rep/wesal.stream/playlist.m3u8</link>
        </item>
    </streaminginfo>
    <streaminginfo>
        <cname>Coran Time</cname>
        <item>
            <title>magictvbox</title>
            <link>http://cdn-streamer1.magictvbox.com/live/10182.stream/playlist.m3u8</link>
        </item>
    </streaminginfo>
	<streaminginfo>
		<cname>Time Comedy</cname>
		<item>
			<title>magictvbox</title>
			<link>http://cdn-streamer1.magictvbox.com/live/10145.stream/playlist.m3u8</link>
		</item>
	</streaminginfo>
    <streaminginfo>
        <cname>Koky Kids</cname>
        <item>
            <title>magictvbox</title>
            <link>http://cdn.magictvbox.com/live/10107.stream/chunklist.m3u8</link>
        </item>
    </streaminginfo>
    <streaminginfo>
        <cname>Sat7</cname>
        <item>
            <title>magictvbox</title>
            <link>http://cdn.magictvbox.com/live/10116.stream/playlist.m3u8</link>
        </item>
    </streaminginfo>
    <streaminginfo>
        <cname>On TV</cname>
        <item>
            <title>magictvbox</title>
            <link>http://cdn-delay1.magictvbox.com/OnTV-SD.m3u8</link>
        </item>
    </streaminginfo>
    <streaminginfo>
        <cname>Azhari</cname>
        <item>
            <title>magictvbox</title>
            <link>http://cdn-streamer1.magictvbox.com/live/10171.stream/playlist.m3u8</link>
        </item>
    </streaminginfo>
    <streaminginfo>
        <cname>Nile Cinema</cname>
        <item>
            <title>magictvbox</title>
            <link>http://cdn.magictvbox.com/live/10130.stream/playlist.m3u8</link>
        </item>
    </streaminginfo>
    <streaminginfo>
        <cname>Toktok</cname>
        <item>
            <title>magictvbox</title>
            <link>http://origin.magictvbox.com/live/10123.stream/playlist.m3u8</link>
        </item>
    </streaminginfo>
    <streaminginfo>
        <cname>Sat7 Kids</cname>
        <item>
            <title>magictvbox</title>
            <link>http://cdn.magictvbox.com/live/10117.stream/playlist.m3u8</link>
        </item>
    </streaminginfo>
	<streaminginfo>
		<cname>Sada Al Balad</cname>
		<item>
			<title>magictvbox</title>			
			<link>http://cdn-streamer1.magictvbox.com/live/10172.stream/playlist.m3u8</link>
		</item>
	</streaminginfo>
	<streaminginfo>
		<cname>Sada Al Balad Drama</cname>
		<item>
			<title>magictvbox</title>			
			<link>http://cdn-streamer1.magictvbox.com/live/10169.stream/playlist.m3u8</link>
		</item>
	</streaminginfo>
	<streaminginfo>
		<cname>SHAABIYAT</cname>
		<item>
			<title>magictvbox</title>			
			<link>http://cdn-streamer1.magictvbox.com/live/10175.stream/playlist.m3u8</link>
		</item>
	</streaminginfo>
    <streaminginfo>
        <cname>SM SM KIDS</cname>
        <item>
            <title>magictvbox</title>
            <link>http://cdn-streamer1.magictvbox.com/live/10156.stream/chunklist.m3u8</link>
        </item>
    </streaminginfo>
    <streaminginfo>
        <cname>Taxi El Sahra</cname>
        <item>
            <title>magictvbox</title>
            <link>http://cdn.magictvbox.com/live/10102.stream/playlist.m3u8</link>
        </item>
    </streaminginfo>
    <streaminginfo>
        <cname>Al Nahar 2</cname>
        <item>
            <title>Alnahar+2 magictvbox</title>
            <link>http://cdn.magictvbox.com/live/10140.stream/playlist.m3u8</link>
        </item>
    </streaminginfo>
    <streaminginfo>
        <cname>KTV SPORT</cname>
        <item>
            <title>magictvbox</title>
            <link>http://cdn-streamer2.magictvbox.com/62.m3u8</link>
        </item>
    </streaminginfo>
    <streaminginfo>
        <cname>Cario Film</cname>
        <item>
            <title>magictvbox</title>
            <link>http://cdn.magictvbox.com/live/10101.stream/chunklist.m3u8</link>
        </item>
    </streaminginfo>
    <streaminginfo>
        <cname>TRT Arabic</cname>
        <item>
            <title>magictvbox</title>
            <link>http://cdn.magictvbox.com/live/10100.stream/playlist.m3u8</link>
        </item>
    </streaminginfo>
    <streaminginfo>
        <cname>Alfaraeena</cname>
        <item>
            <title>magictvbox SVR2</title>
            <link>http://glo.li/1nhzld0#37.48.66.245:80/magictv3</link>
        </item>
    </streaminginfo>
	<streaminginfo>
		<cname>Star 2 Cinema +7</cname>
		<item>
			<title>magictvbox</title>			
			<link>http://cdn-delay1.magictvbox.com/4.m3u8</link>
		</item>
	</streaminginfo>
	
    <streaminginfo>
		<cname>Star 2 Cinema</cname>
		<item>
			<title>magictvbox</title>			
			<link>http://cdn-streamer1.magictvbox.com/live/10146.stream/playlist.m3u8</link>
		</item>
	</streaminginfo>
	<streaminginfo>
		<cname>Star 1 Cinema</cname>
		<item>
			<title> magictv</title>
			<link>http://cdn-streamer1.magictvbox.com/live/10147.stream/chunklist.m3u8</link>
		</item>
	</streaminginfo>
	
    <streaminginfo>
		<cname>Star 1 Cinema +7</cname>
		<item>
			<title>magictvbox</title>			
			<link>http://cdn-delay1.magictvbox.com/2.m3u8</link>
		</item>
	</streaminginfo>
	<streaminginfo>
		<cname>Syria</cname>
		<item>
			<title>magictvbox</title>			
			<link>http://cdn-streamer2.magictvbox.com/37.m3u8</link>
		</item>
	</streaminginfo>
    <streaminginfo>
        <cname>Syria Drama</cname>
        <item>
            <title>SYRIA DRAMA magictvbox</title>
            <link>http://cdn-streamer2.magictvbox.com/95.m3u8</link>
        </item>
    </streaminginfo>
    <streaminginfo>
        <cname>Nile Cinema +7</cname>
        <item>
            <title>magictvbox</title>
            <link>http://cdn-delay1.magictvbox.com/14.m3u8</link>
        </item>
    </streaminginfo>
    <streaminginfo>
        <cname>Coptic_Christian</cname>
        <item>
            <title>magictvbox</title>
            <link>http://cdn-streamer2.magictvbox.com/32.m3u8</link>
        </item>
    </streaminginfo>
    <streaminginfo>
        <cname>Al Smile-of-a-Child_Christian</cname>
        <item>
            <title>magictvbox</title>
            <link>http://cdn-streamer2.magictvbox.com/59.m3u8</link>
        </item>
    </streaminginfo>
    <streaminginfo>
        <cname>Kingdom_Christian</cname>
        <item>
            <title>magictvbox</title>
            <link>http://cdn-streamer2.magictvbox.com/56.m3u8</link>
        </item>
    </streaminginfo>
    <streaminginfo>
        <cname>Csat_Christian</cname>
        <item>
            <title>magictvbox</title>
            <link>http://cdn-streamer2.magictvbox.com/55.m3u8</link>
        </item>
    </streaminginfo>
    <streaminginfo>
        <cname>The Way_Christian</cname>
        <item>
            <title>magictvbox</title>
            <link>http://cdn-streamer2.magictvbox.com/43.m3u8</link>
        </item>
    </streaminginfo>
    <streaminginfo>
        <cname>Elkeraza_Christian</cname>
        <item>
            <title>magictvbox</title>
            <link>http://cdn-streamer2.magictvbox.com/58.m3u8</link>
        </item>
    </streaminginfo>
    <streaminginfo>
        <cname>Logos_Christian</cname>
        <item>
            <title>magictvbox</title>
            <link>http://cdn-streamer2.magictvbox.com/33.m3u8</link>
        </item>
    </streaminginfo>
    <streaminginfo>
        <cname>Alkarama_Christian</cname>
        <item>
            <title>magictvbox</title>
            <link>http://cdn-streamer2.magictvbox.com/41.m3u8</link>
        </item>
    </streaminginfo>
    <streaminginfo>
        <cname>CYC_Christian</cname>
        <item>
            <title>magictvbox</title>
            <link>http://cdn-streamer2.magictvbox.com/34.m3u8</link>
        </item>
    </streaminginfo>
    <streaminginfo>
        <cname>Alhorreya_Christian</cname>
        <item>
            <title>magictvbox</title>
            <link>http://cdn-streamer2.magictvbox.com/35.m3u8</link>
        </item>
    </streaminginfo>
    <streaminginfo>
        <cname>AlHayat_Christian</cname>
        <item>
            <title>magictvbox</title>
            <link>http://cdn-streamer2.magictvbox.com/63.m3u8</link>
        </item>
    </streaminginfo>

    <streaminginfo>
        <cname>Sama Cinema</cname>
        <item>
            <title>Sama Cinema</title>
            <link>http://cdn-streamer1.magictvbox.com/live/10144.stream/playlist.m3u8</link>
        </item>
    </streaminginfo>
	<streaminginfo>
		<cname>Time cinema</cname>
		<item>
			<title>magictvbox</title>			
			<link>http://cdn-streamer1.magictvbox.com/live/10174.stream/playlist.m3u8</link>
		</item>
	</streaminginfo>
	<streaminginfo>
		<cname>Time Comedy +7</cname>
		<item>
			<title> magictv srv2</title>
			<link>http://cdn-delay1.magictvbox.com/15.m3u8</link>
		</item>
	</streaminginfo>
	
	<streaminginfo>
		<cname>On TV +7</cname>
		<item>
			<title> magictv</title>
			<link>http://cdn-delay1.magictvbox.com/10.m3u8</link>
		</item>
	</streaminginfo>
	<streaminginfo>
		<cname>Nile Sport</cname>
		<item>
			<title>magictvbox</title>			
			<link>http://cdn-streamer1.magictvbox.com/live/10179.stream/playlist.m3u8</link>
		</item>
	</streaminginfo>
	<streaminginfo>
		<cname>Libya Alhurra</cname>
		<item>
			<title>magictvbox</title>			
			<link>http://cdn-streamer1.magictvbox.com/live/10187.stream/playlist.m3u8</link>
		</item>
	</streaminginfo>
	<streaminginfo>
		<cname>Kuwait</cname>
		<item>
			<title>magictv </title>
			<link>http://cdn-streamer2.magictvbox.com/60.m3u8</link>
		</item>
	</streaminginfo>
	
	<streaminginfo>
		<cname>LCD AFLAM</cname>
		<item>
			<title>magictvbox</title>			
			<link>http://cdn-streamer1.magictvbox.com/live/10186.stream/chunklist.m3u8</link>
		</item>
	</streaminginfo>
	<streaminginfo>
		<cname>KTV ARABE</cname>
		<item>
			<title>magictv </title>
			<link>http://cdn-streamer2.magictvbox.com/62.m3u8f</link>
		</item>
	</streaminginfo>

	
	
	
	<streaminginfo>
		<cname>KTV SPORT</cname>
		<item>
			<title> magictv</title>
			<link>http://cdn-streamer2.magictvbox.com/62.m3u8</link>
		</item>
	</streaminginfo>
	<streaminginfo>
		<cname>Jordan</cname>
		<item>
			<title>magictvbox</title>			
			<link>http://cdn-streamer2.magictvbox.com/38.m3u8</link>
		</item>
	</streaminginfo>
	

	
	<streaminginfo>
		<cname>KTV 2</cname>
		<item>
			<title>magictv </title>
			<link>http://cdn-streamer2.magictvbox.com/61.m3u8</link>
		</item>
	</streaminginfo>
	<streaminginfo>
		<cname>Aliraqiya</cname>
		<item>
			<title>magictv </title>
			<link>http://cdn-streamer2.magictvbox.com/39.m3u8 </link>
		</item>
	</streaminginfo>
	<streaminginfo>
		<cname>E 1 KIDS</cname>
		<item>
			<title>magictvbox</title>			
			<link>http://cdn-streamer2.magictvbox.com/59.m3u8</link>
		</item>
	</streaminginfo>
	<streaminginfo>
		<cname>CBC</cname>
		<item>
			<title> magictv SRV 3</title>
			<link>http://cdn-streamer1.magictvbox.com/live/10148.stream/playlist.m3u8</link>
		</item>
	</streaminginfo>
	
	
	<streaminginfo>
		<cname>CBC Drama</cname>
		<item>
			<title>magictvbox</title>			
			<link>http://cdn-streamer1.magictvbox.com/live/10149.stream/chunklist.m3u8</link>
		</item>
	</streaminginfo><streaminginfo>
		<cname>CBC +7</cname>
		<item>
			<title>magictvbox</title>			
			<link>http://cdn-delay1.magictvbox.com/13.m3u8</link>
		</item>
	</streaminginfo>
	<streaminginfo>
		<cname>CBC Drama +7</cname>
		<item>
			<title> magictv  SRV 2</title>
			<link>http://cdn-delay1.magictvbox.com/6.m3u8</link>
		</item>
	</streaminginfo>
	<streaminginfo>
		<cname>Cairo Cinema +7</cname>
		<item>
			<title> magictv</title>
			<link>http://cdn-delay1.magictvbox.com/1.m3u8</link>
		</item>
	</streaminginfo>
	<streaminginfo>
		<cname>Cairo Drama +7</cname>
		<item>
			<title>magictvbox</title>			
			<link>http://cdn-delay1.magictvbox.com/3.m3u8</link>
		</item>
	</streaminginfo>	
	<streaminginfo>
		<cname>AlQahera W Elnas</cname>
		<item>
			<title> magictv  </title>
			<link>http://cdn-streamer1.magictvbox.com/live/10170.stream/playlist.m3u8</link>
		</item>
	</streaminginfo>
	<streaminginfo>
		<cname>Al-Nahar Drama</cname>
		<item>
			<title>magictvbox</title>			
			<link>http://cdn-streamer1.magictvbox.com/live/10151.stream/playlist.m3u8</link>
		</item>
	</streaminginfo>
	
	<streaminginfo>
		<cname>Al-Nahar Drama +7</cname>
		<item>
			<title> magictv  </title>
			<link>http://cdn-delay1.magictvbox.com/11.m3u8</link>
		</item>
	</streaminginfo>
		
	<streaminginfo>
		<cname>Al Nahar</cname>
		<item>
			<title> magictv SRV 2</title>
			<link>http://cdn-streamer1.magictvbox.com/live/10150.stream/chunklist.m3u8</link>
		</item>
	</streaminginfo>
	<streaminginfo>
		<cname>Al Nahar +7</cname>
		<item>
			<title> magictv SRV 3</title>
			<link>http://cdn-delay1.magictvbox.com/5.m3u8</link>
		</item>
	</streaminginfo>
	<streaminginfo>
		<cname>Al Nahar</cname>
		<item>
			<title> magictv</title>
			<link>http://cdn-streamer1.magictvbox.com/live/10150.stream/chunklist.m3u8</link>
		</item>
	</streaminginfo>
	<streaminginfo>
		<cname>Al Maghribia</cname>
		<item>
			<title>magictv</title>
			<link>http://cdn-streamer2.magictvbox.com/30.m3u8</link>
		</item>
	</streaminginfo>
	<streaminginfo>
		<cname>AL AHLY</cname>
		<item>
			<title>magictv</title>
			<link>http://cdn-streamer1.magictvbox.com/live/10165.stream/playlist.m3u8</link>
		</item>
	</streaminginfo>
	<streaminginfo>
		<cname>Abu Dhabi</cname>
		<item>
			<title>magictv</title>
			<link>http://cdn-streamer2.magictvbox.com/40.m3u8</link>
		</item>
	</streaminginfo>
	<streaminginfo>
		<cname>2M</cname>
		<item>
			<title>magictv</title>
			<link>http://cdn-streamer2.magictvbox.com/96.m3u8</link>
		</item>
	</streaminginfo>

</streaminginfos>
