<streamingInfos>
<streaminginfo>
	<cname>Noursat</cname>
	<item>
		<title>noursat.tv</title>
		<link>rtmp://fl1.viastreaming.net/noursat/ playpath=livestream swfUrl=http://www.noursat.tv/ar/player.swf live=true timeout=15 pageUrl=http://noursat.tv/channels2/en/live.php?id=2</link>
	</item>
</streaminginfo>
<streaminginfo>
	<cname>NoursatAlShabab</cname>
	<item>
		<title>noursat.tv</title>
		<link>rtmp://fl1.viastreaming.net/nouralchabab/ playpath=livestream swfUrl=http://www.noursat.tv/ar/player.swf live=true timeout=15 pageUrl=http://noursat.tv/channels2/en/live.php?id=3</link>
	</item>
</streaminginfo>
<streaminginfo>
	<cname>NoursatAlsharq</cname>
	<item>
		<title>noursat.tv</title>
		<link>rtmp://fl1.viastreaming.net/nouralshark/ playpath=livestream swfUrl=http://www.noursat.tv/ar/player.swf live=true timeout=15 pageUrl=http://noursat.tv/channels2/en/live.php?id=4</link>
	</item>
</streaminginfo>
<streaminginfo>
	<cname>NoursatAlkalima</cname>
	<item>
		<title>noursat.tv</title>
		<link>rtmp://fl1.viastreaming.net/nouralkalima/ playpath=livestream swfUrl=http://www.noursat.tv/ar/player.swf live=true timeout=15 pageUrl=http://noursat.tv/channels2/en/live.php?id=5</link>
	</item>
</streaminginfo>
<streaminginfo>
	<cname>Noursatkids</cname>
	<item>
		<title>noursat.tv</title>
		<link>rtmp://fl1.viastreaming.net/nourkids/ playpath=livestream swfUrl=http://www.noursat.tv/ar/player.swf live=true timeout=15 pageUrl=http://noursat.tv/channels2/en/live.php?id=6</link>
	</item>
</streaminginfo>
<streaminginfo>
	<cname>NoursatAlkoddass</cname>
	<item>
		<title>noursat.tv</title>
		<link>rtmp://fl1.viastreaming.net/nourelkoddass/ playpath=livestream swfUrl=http://www.noursat.tv/ar/player.swf live=true timeout=15 pageUrl=http://noursat.tv/channels2/en/live.php?id=7</link>
	</item>
</streaminginfo>
<streaminginfo>
	<cname>Noursatmusic</cname>
	<item>
		<title>noursat.tv</title>
		<link>rtmp://fl1.viastreaming.net/nourmusic/ playpath=livestream swfUrl=http://www.noursat.tv/ar/player.swf live=true timeout=15 pageUrl=http://noursat.tv/channels2/en/live.php?id=8</link>
	</item>
</streaminginfo>
<streaminginfo>
	<cname>Noursatmariam</cname>
	<item>
		<title>noursat.tv</title>
		<link>rtmp://fl1.viastreaming.net/mariam/ playpath=livestream swfUrl=http://www.noursat.tv/ar/player.swf live=true timeout=15 pageUrl=http://noursat.tv/channels2/en/live.php?id=9</link>
	</item>
</streaminginfo>
<streaminginfo>
	<cname>Noursatspirit</cname>
	<item>
		<title>noursat.tv</title>
		<link>rtmp://fl1.viastreaming.net/nourspirit/ playpath=livestream swfUrl=http://www.noursat.tv/ar/player.swf live=true timeout=15 pageUrl=http://noursat.tv/channels2/en/live.php?id=10</link>
	</item>
</streaminginfo>
<streaminginfo>
    <cname>Selah</cname>
	<item>
	<title>Low: You need to install f4m_tester addon from Shani Repo</title>
	<link>plugin://plugin.video.f4mTester/?url=http://streamer11.elementssys.com:8080/selah/archive/1415734692/now/manifest.f4m</link>
	</item>
</streaminginfo>
<streaminginfo>
    <cname>MTV</cname>
	<item>
	<title>Low</title>
	<link>rtmp://livestreaming1.itworkscdn.net/mtvlive playpath=murrtelevision_160p swfUrl=http://mtv.com.lb/Player/400/jwplayer.flash.swf pageUrl=http://mtv.com.lb/Player/600/400</link>
	</item>
</streaminginfo>
<streaminginfo>
    <cname>MTV</cname>
	<item>
	<title>Med</title>
	<link>rtmp://livestreaming1.itworkscdn.net/mtvlive playpath=murrtelevision_240p swfUrl=http://mtv.com.lb/Player/400/jwplayer.flash.swf pageUrl=http://mtv.com.lb/Player/600/400</link>
	</item>
</streaminginfo>
<streaminginfo>
    <cname>MTV</cname>
	<item>
	<title>High</title>
	<link>rtmp://livestreaming1.itworkscdn.net/mtvlive playpath=murrtelevision_360p swfUrl=http://mtv.com.lb/Player/400/jwplayer.flash.swf pageUrl=http://mtv.com.lb/Player/600/400</link>
	</item>
</streaminginfo>
<streaminginfo>
	<cname>Al Manar</cname>
	<item>
	<title>Low_M_256P</title>
	<link>http://38.96.148.199:1935/liveedge1/livestream_m256p/playlist.m3u8</link>
	</item>
</streaminginfo>
<streaminginfo>
	<cname>Al Manar</cname>
	<item>
	<title>Low_160P</title>
	<link>http://38.96.148.199:1935/liveedge1/livestream_160p/playlist.m3u8</link>
	</item>
</streaminginfo>
<streaminginfo>
	<cname>Al Manar</cname>
	<item>
	<title>Med_240P</title>
	<link>http://38.96.148.199:1935/liveedge1/livestream_240p/playlist.m3u8</link>
	</item>
</streaminginfo>

<streaminginfo>
	<cname>Al Manar</cname>
	<item>
	<title>Med_360P</title>
	<link>http://38.96.148.199:1935/liveedge1/livestream_360p/playlist.m3u8</link>
	</item>
</streaminginfo>
<streaminginfo>
	<cname>Al Manar</cname>
	<item>
	<title>High_720P</title>
	<link>http://38.96.148.199:1935/liveedge1/livestream_720p/playlist.m3u8</link>
	</item>
</streaminginfo>

<streaminginfo>
	<cname>Canal plus</cname>
	<item>
	<title>Canal+ en clair</title>
	<link>rtmp://live-fms.canalplus.fr:1935/live/canalplusclair_1500@42246 timeout=15</link>
	</item>
</streaminginfo>
<streaminginfo>
	<cname>Future TV</cname>
	<item>
	<title>Future TV Live</title>
	<link>rtmp://livestreaming2.itworkscdn.net/ftvlive/ playpath=ftvlive swfUrl=http://p.jwpcdn.com/6/6/jwplayer.flash.swf pageUrl=http://itworks-me.net/ftvent/index.html timeout=15 live=1 swfvfy=1</link> 
	</item>
</streaminginfo>
<streaminginfo>
	<cname>Al Ahad</cname>
	<item>
	<title>Low</title>
	<link>http://38.96.175.119:1935/alahadtv/maramhost3/playlist.m3u8?DVR</link>
	</item>
</streaminginfo>
<streaminginfo>
	<cname>Al Ahad</cname>
	<item>
	<title>Med</title>
	<link>http://38.96.175.119:1935/alahadtv/maramhost2/playlist.m3u8?DVR</link>
	</item>
</streaminginfo>
<streaminginfo>
	<cname>Al Ahad</cname>
	<item>
	<title>High</title>
	<link>http://38.96.175.119:1935/alahadtv/maramhost1/playlist.m3u8?DVR</link>
	</item>
</streaminginfo>
<streaminginfo>
    <cname>Al Ahad</cname>
	<item>
	<title>Med: You need to install f4m_tester addon from Shani Repo</title>
	<link>plugin://plugin.video.f4mTester/?url=http://38.96.175.119:1935/alahadtv/maramhost1/manifest.f4m?DVR</link>
	</item>
</streaminginfo>
<streaminginfo>
    <cname>Al Baghdadia</cname>
	<item>
	<title>Med: You need to install f4m_tester addon from Shani Repo</title>
	<link>plugin://plugin.video.f4mTester/?url=http://albaghdadiahds-lh.akamaihd.net/z/albaghdadia_1@199052/manifest.f4m?hdcore=true</link>
	</item>
</streaminginfo>
<streaminginfo>
	<cname>RTS 1</cname>
	<item>
	<title>Low</title>
	<link>$doregex[url]</link>
	<regex>
	<name>url</name>
	<expres>rtspURL = '([^']*)</expres>
	<page>http://acanlinks.com/secureplayer/player.php?ch=rtssecure1.stream_LOW</page>
	</regex>
	</item>
</streaminginfo>

<streaminginfo>
	<cname>RTS 1</cname>
	<item>
	<title>SD</title>
	<link>$doregex[url]</link>
	<regex>
	<name>url</name>
	<expres>rtspURL = '([^']*)</expres>
	<page>http://acanlinks.com/secureplayer/player.php?ch=rtssecure1.stream_SD</page>
	</regex>
	</item>
</streaminginfo>
<streaminginfo>
	<cname>RTS 1</cname>
	<item>
	<title>High</title>
	<link>$doregex[url]</link>
	<regex>
	<name>url</name>
	<expres>rtspURL = '([^']*)</expres>
	<page>http://acanlinks.com/secureplayer/player.php?ch=rtssecure1.stream_HD</page>
	</regex>
	</item>
</streaminginfo>
<streaminginfo>
		<cname>Arabica Music</cname>
		<item>
		<title>Matster</title>
		<link>http://live.itworkscdn.net/arabicalive/arabicatv/playlist.m3u8</link>
		</item>
</streaminginfo>
<streaminginfo>
		<cname>Arabica Music</cname>
		<item>
		<title>Low_254</title>
		<link>http://37.48.80.50/arabicalive/arabicatv/chunklist_w260000.m3u8</link>
		</item>
</streaminginfo>
<streaminginfo>
		<cname>Arabica Music</cname>
		<item>
		<title>Med_371</title>
		<link>http://37.48.80.50/arabicalive/arabicatv/chunklist_w380000.m3u8</link>
		</item>
</streaminginfo>
<streaminginfo>
		<cname>Arabica Music</cname>
		<item>
		<title>High_513</title>
		<link>http://37.48.80.48/arabicalive/arabicatv/chunklist_w525000.m3u8</link>
		</item>
</streaminginfo>

<streaminginfo>
	<cname>Bzaf</cname>
	<item>
	<title>Low</title>
	<link>rtmp://fujtv.dyndns.org:4425/bzaftv/bzaftv swfUrl=http://player.longtailvideo.com/player.swf live=1 pageUrl=http://bzaf.tv/wp/?page_id=111</link>
	</item>
</streaminginfo>
<streaminginfo>
	<cname>Dubai Sport HD2</cname>
	<item>
	<title>Low</title>
	<link>http://cdnehlsdubaisportsspecial.endavomedia.com/smil:dubaisportsspecialhls.smil/chunklist_b391600.m3u8</link>
	</item>
</streaminginfo>
<streaminginfo>
	<cname>Dubai Sport HD2</cname>
	<item>
	<title>Med</title>
	<link>http://cdnehlsdubaisportsspecial.endavomedia.com/smil:dubaisportsspecialhls.smil/chunklist_b666600.m3u8</link>
	</item>
</streaminginfo>
<streaminginfo>
	<cname>Dubai Sport HD2</cname>
	<item>
	<title>High480</title>
	<link>http://cdnehlsdubaisportsspecial.endavomedia.com/smil:dubaisportsspecialhls.smil/chunklist_b1161600.m3u8</link>
	</item>
</streaminginfo>
<streaminginfo>
	<cname>Dubai Sport HD2</cname>
	<item>
	<title>High</title>
	<link>http://cdnehlsdubaisportsspecial.endavomedia.com/smil:dubaisportsspecialhls.smil/chunklist_b2151600.m3u8</link>
	</item>
</streaminginfo>



<streaminginfo>
	<cname>Al Iraqiya Sport</cname>
	<item>
	<title>Low</title>
	<link>http://212.7.205.5:1935/sport/live/playlist.m3u8</link>
	</item>
</streaminginfo>
<streaminginfo>
	<cname>Alnahar Alyoum</cname>
	<item>
	<title>Low</title>
	<link>rtmp://50.7.180.18/elnahar_tv/nahar_youmprofile2.stream timeout=20</link>
	</item>
</streaminginfo>
<streaminginfo>
	<cname>Alnahar Alyoum</cname>
	<item>
	<title>Med</title>
	<link>rtmp://50.7.180.18/elnahar_tv/nahar_youmprofile1.stream timeout=20</link>
	</item>
</streaminginfo>
<streaminginfo>
	<cname>Alnahar Alyoum</cname>
	<item>
	<title>High</title>
	<link>rtmp://50.7.180.18/elnahar_tv/nahar_youm.stream timeout=20</link>
	</item>
</streaminginfo>
<streaminginfo>
		<cname>Maannews</cname>
		<item>
		<title>HD</title>
		<link>http://217.21.0.14:1935/maan/maan_1/playlist.m3u8</link>
		</item>
</streaminginfo>
<streaminginfo>
        <cname>elbiladtv</cname>
		<item>
		<title>elbilad.net</title>
		<link>rtmp://strfla13.streamakaci.com:80/elbilad?ovpfv=2.1.6 playpath=elbilad.stream swfUrl=http://lb.streamakaci.com/streamakaci/library/AkamaiMultiPlayer.swf live=1 pageUrl=http://www.elbilad.net/static/tv</link>
		</item>
</streaminginfo>
<streaminginfo>
        <cname>elbiladtv</cname>
		<item>
		<title>elbilad.net190</title>
		<link>http://strfla13.streamakaci.com/elbilad/elbilad.stream/chunklist_w1901230950.m3u8</link>
		</item>
</streaminginfo>
<streaminginfo>
        <cname>elbiladtv</cname>
		<item>
		<title>elbilad.net170</title>
		<link>http://strfla13.streamakaci.com/elbilad/elbilad.stream/chunklist_w170688385.m3u8</link>
		</item>
</streaminginfo>
<streaminginfo>
        <cname>Aljazeera En</cname>
		<item>
		<title>Mobile</title>
		<link>http://vizrthlsaje-i.akamaihd.net/hls/live/206524/AJEnglish/2873287_iOS/64.m3u8</link>
		</item>
</streaminginfo>
<streaminginfo>
        <cname>Aljazeera En</cname>
		<item>
		<title>Low</title>
		<link>http://vizrthlsaje-i.akamaihd.net/hls/live/206524/AJEnglish/2873287_iOS/100.m3u8</link>
		</item>
</streaminginfo>
<streaminginfo>
        <cname>Aljazeera En</cname>
		<item>
		<title>Med_300</title>
		<link>http://vizrthlsaje-i.akamaihd.net/hls/live/206524/AJEnglish/2873287_iOS/300.m3u8</link>
		</item>
</streaminginfo>
<streaminginfo>
        <cname>Aljazeera En</cname>
		<item>
		<title>Med_400</title>
		<link>http://vizrthlsaje-i.akamaihd.net/hls/live/206524/AJEnglish/2873287_iOS/400.m3u8</link>
		</item>
</streaminginfo>
<streaminginfo>
        <cname>Aljazeera En</cname>
		<item>
		<title>High_500</title>
		<link>http://vizrthlsaje-i.akamaihd.net/hls/live/206524/AJEnglish/2873287_iOS/500.m3u8</link>
		</item>
</streaminginfo>
<streaminginfo>
        <cname>Aljazeera En</cname>
		<item>
		<title>High</title>
		<link>http://vizrthlsaje-i.akamaihd.net/hls/live/206524/AJEnglish/2873287_iOS/700.m3u8</link>
		</item>
</streaminginfo>

<streaminginfo>
        <cname>Aljazeera Doc</cname>
		<item>
		<title>Low</title>
		<link>http://aljazeera-doc-apple-live.adaptive.level3.net/apple/aljazeera/hq-doc/600kStream.m3u8</link>
		</item>
</streaminginfo>
<streaminginfo>
        <cname>Aljazeera Doc</cname>
		<item>
		<title>Med</title>
		<link>http://aljazeera-doc-apple-live.adaptive.level3.net/apple/aljazeera/hq-doc/800kStream.m3u8</link>
		</item>
</streaminginfo>
<streaminginfo>
        <cname>Aljazeera Doc</cname>
		<item>
		<title>High</title>
		<link>http://aljazeera-doc-apple-live.adaptive.level3.net/apple/aljazeera/hq-doc/1200kStream.m3u8</link>
		</item>
</streaminginfo>
<streaminginfo>
        <cname>Aljazeera Doc</cname>
		<item>
		<title>Highst</title>
		<link>http://aljazeera-doc-apple-live.adaptive.level3.net/apple/aljazeera/hq-doc/1600kStream.m3u8</link>
		</item>
</streaminginfo>

<streaminginfo>
        <cname>Aljazeera Doc</cname>
		<item>
		<title>High_Master</title>
		<link>http://aljazeera-doc-apple-live.adaptive.level3.net/apple/aljazeera/hq-doc/stb.m3u8</link>
		</item>
</streaminginfo>


<streaminginfo>
	<cname>BBC Arabic</cname>
	<item>
	<title>Low</title>
	<link>http://bbcwshdlive01-lh.akamaihd.net/i/atv_1@61433/index_192_av-b.m3u8?sd=10&amp;rebase=on</link>
	</item>
</streaminginfo>
<streaminginfo>
	<cname>BBC Arabic</cname>
	<item>
	<title>Med</title>
	<link>http://bbcwshdlive01-lh.akamaihd.net/i/atv_1@61433/index_400_av-p.m3u8?sd=10&amp;rebase=on</link>
	</item>
</streaminginfo>
<streaminginfo>
	<cname>BBC Arabic</cname>
	<item>
	<title>High</title>
	<link>http://bbcwshdlive01-lh.akamaihd.net/i/atv_1@61433/index_800_av-p.m3u8?sd=10&amp;rebase=on</link>
	</item>
</streaminginfo>
<streaminginfo>
	<cname>BBC Arabic</cname>
	<item>
	<title>High_mast</title>
	<link>http://bbcwshdlive01-lh.akamaihd.net/i/atv_1@61433/master.m3u8</link>
	</item>
</streaminginfo>
<streaminginfo>
    <cname>Tchad</cname>
	<item>
	<title>Med</title>
	<link>rtmp://tchad.streamakaci.com/tchad/tchad.stream timeout=20</link>
	</item>
</streaminginfo>

<streaminginfo>
    <cname>Al Kawthar</cname>
	<item>
	<title>Low: You need to install f4m_tester addon from Shani Repo</title>
	<link>plugin://plugin.video.f4mTester/?url=http%3A%2F%2Flive.pgmedia.ir%3A1935%2Flive-35895787%2Falkosar-320.sdp%2Fmanifest.f4m%3FDVR</link>
	</item>
</streaminginfo>
<streaminginfo>
    <cname>Al Kawthar</cname>
	<item>
	<title>Low</title>
	<link>http://live.pgmedia.ir:1935/live-35895787/alkosar-320.sdp/playlist.m3u8?DVR</link>
	</item>
</streaminginfo>
<streaminginfo>
    <cname>Al Kawthar</cname>
	<item>
	<title>Med</title>
	<link>http://live.pgmedia.ir:1935/live-35895787/alkosar-512.sdp/playlist.m3u8?DVR</link>
	</item>
</streaminginfo>
<streaminginfo>
    <cname>Al Kawthar</cname>
	<item>
	<title>High</title>
	<link>http://live.pgmedia.ir:1935/live-35895787/alkosar-1024.sdp/playlist.m3u8?DVR</link>
	</item>
</streaminginfo>
<streaminginfo>
	<cname>Funoon</cname>
	<item>
	<title>Low</title>
	<link>http://wpc.C56B.edgecastcdn.net/hls-live/20C56B/default/ThompsanECWTV/tsecwatanfunoonlow.m3u8</link>
	</item>
</streaminginfo>

<streaminginfo>
	<cname>Funoon</cname>
	<item>
	<title>Med</title>
	<link>http://wpc.C56B.edgecastcdn.net/hls-live/20C56B/default/ThompsanECWTV/tsecwatanfunoonmed.m3u8</link>
	</item>
</streaminginfo>
<streaminginfo>
	<cname>Funoon</cname>
	<item>
	<title>High</title>
	<link>http://wpc.C56B.edgecastcdn.net/hls-live/20C56B/default/ThompsanECWTV/tsecwatanfunoonhigh.m3u8</link>
	</item>
</streaminginfo>

<streaminginfo>
<cname>Yemen</cname>
	<item>
	<title> yementv</title>
	<link>$doregex[url]$doregex[video] timeout=20</link>
	<regex>
	<name>url</name>
	<expres>base="(.*?)"</expres>
	<page>http://rrr.sz.xlcdn.com/?account=ygcrtv&amp;file=yementv&amp;ref=http://www.alemantv.net/LiveBrodcastPage.aspx&amp;type=live&amp;service=wowza&amp;protocol=rtmp&amp;port=80&amp;output=smil</page>
	</regex>
	<regex>
	<name>video</name>
	<expres>src="(.*)"</expres>
	<page>http://rrr.sz.xlcdn.com/?account=ygcrtv&amp;file=yementv&amp;ref=http://www.alemantv.net/LiveBrodcastPage.aspx&amp;type=live&amp;service=wowza&amp;protocol=rtmp&amp;port=80&amp;output=smil</page>
	</regex>
	</item>
</streaminginfo>


<streaminginfo>
     <cname>Al Sumaria</cname>
	<item>
	<title>Low</title>
	<link>rtmp://livestreaming2.itworkscdn.net/sumarialive playpath=live_160p swfUrl=http://www.alsumaria.tv/LiveMedia4/jwplayer.flash.swf live=true timeout=15 pageUrl=http://www.alsumaria.tv/watch-Alsumaria-Live</link>
	</item>
</streaminginfo>
<streaminginfo>
     <cname>Al Sumaria</cname>
	<item>
	<title>Med</title>
	<link>rtmp://livestreaming2.itworkscdn.net/sumarialive playpath=live_240p swfUrl=http://www.alsumaria.tv/LiveMedia4/jwplayer.flash.swf live=true timeout=15 pageUrl=http://www.alsumaria.tv/watch-Alsumaria-Live</link>
	</item>
</streaminginfo>
<streaminginfo>
     <cname>Al Sumaria</cname>
	<item>
	<title>High</title>
	<link>rtmp://livestreaming2.itworkscdn.net/sumarialive playpath=live_360p swfUrl=http://www.alsumaria.tv/LiveMedia4/jwplayer.flash.swf live=true timeout=15 pageUrl=http://www.alsumaria.tv/watch-Alsumaria-Live</link>
	</item>
</streaminginfo>

<streaminginfo>
     <cname>Al Sumaria</cname>
	<item>
	<title>High</title>
	<link>http://livestreaming2.itworkscdn.net/sumarialive/smil:sumariamob.smil/playlist.m3u8</link>
	</item>
</streaminginfo>
<streaminginfo>
     <cname>Al Sumaria</cname>
	<item>
	<title>Highst</title>
	<link>rtmp://livestreaming2.itworkscdn.net/sumarialive playpath=live swfUrl=http://www.alsumaria.tv/LiveMedia4/jwplayer.flash.swf live=true timeout=15 pageUrl=http://www.alsumaria.tv/watch-Alsumaria-Live</link>
	</item>
</streaminginfo>
<streaminginfo>
	<cname>Al Rasheed</cname>
	<item>
	<title>Low</title>
	<link>http://http.mmp.streamuk.com/live/smil:0_fk07czmb.smil/chunklist_b307200.m3u8</link>
	</item>
</streaminginfo>
<streaminginfo>
	<cname>Al Rasheed</cname>
	<item>
	<title>Med</title>
	<link>http://http.mmp.streamuk.com/live/smil:0_fk07czmb.smil/chunklist_b614400.m3u8</link>
	</item>
</streaminginfo>
<streaminginfo>
	<cname>Al Rasheed</cname>
	<item>
	<title>High</title>
	<link>http://http.mmp.streamuk.com/live/smil:0_fk07czmb.smil/chunklist_b1228800.m3u8</link>
	</item>
</streaminginfo>
<streaminginfo>
	<cname>Al Rasheed</cname>
	<item>
	<title>High</title>
	<link>http://http.mmp.streamuk.com/live/smil:0_fk07czmb.smil/playlist.m3u8?nva=20140706164332&amp;token=0717f08dd7e175f0f4379</link>
	</item>
</streaminginfo>

<streaminginfo>
     <cname>Oman Sport</cname>
	<item>
	<title>Low</title>
	<link>http://38.96.148.30:1935/live/omantv2/chunklist.m3u8?wowzasessionid=65335900</link>
	</item>
</streaminginfo>
<streaminginfo>
     <cname>Oman Sport</cname>
	<item>
	<title>Med</title>
	<link>http://38.96.148.30:1935/live/omantv2/chunklist.m3u8?wowzasessionid=453125211</link>
    </item>
</streaminginfo>
<streaminginfo>
     <cname>Aleman</cname>
<item>
<title>Low</title>
<link>$doregex[url]$doregex[video] timeout=20</link>
<regex>
<name>url</name>
<expres>base="(.*?)"</expres>
<page>http://rrr.sz.xlcdn.com/?account=ygcrtv&amp;file=aleman_tvhmd&amp;ref=http://www.alemantv.net/LiveBrodcastPage.aspx&amp;type=live&amp;service=wowza&amp;protocol=rtmp&amp;port=80&amp;output=smil</page>
</regex>
<regex>
<name>video</name>
<expres>src="(.*)"</expres>
<page>http://rrr.sz.xlcdn.com/?account=ygcrtv&amp;file=aleman_tvhmd&amp;ref=http://www.alemantv.net/LiveBrodcastPage.aspx&amp;type=live&amp;service=wowza&amp;protocol=rtmp&amp;port=80&amp;output=smil</page>
</regex>
</item>
</streaminginfo>


<streaminginfo>
	<cname>Ahmadiyya</cname>
	<item>
	<title>Low</title>
	<link>http://mtaintl.mpl.miisolutions.net:1935/mtaintl-live-1/_definst_/smil:mta3.smil/chunklist_w30371555_b56000.m3u8</link>
	</item>
</streaminginfo>
<streaminginfo>
	<cname>Ahmadiyya</cname>
	<item>
	<title>Med</title>
	<link>http://mtaintl.mpl.miisolutions.net:1935/mtaintl-live-1/_definst_/smil:mta3.smil/chunklist_w30371555_b100000.m3u8</link>
	</item>
</streaminginfo>
<streaminginfo>
	<cname>Ahmadiyya</cname>
	<item>
	<title>High</title>
	<link>http://mtaintl.mpl.miisolutions.net:1935/mtaintl-live-1/_definst_/smil:mta3.smil/chunklist_w30371555_b300000.m3u8</link>
	</item>
</streaminginfo>
<streaminginfo>
	<cname>Ahmadiyya</cname>
	<item>
	<title>Highst</title>
	<link>http://mtaintl.mpl.miisolutions.net:1935/mtaintl-live-1/_definst_/smil:mta3.smil/chunklist_w30371555_b1000000.m3u8</link>
	</item>
</streaminginfo>
<streaminginfo>
    <cname>Ahl Alquran</cname>
	<item>
	<title>Low</title>
	<link>rtmp://ahl-alquran.tv/live/instanc/mycam swfUrl=http://www.ahl-alquran.tv/live/mediaplayer.swf pageUrl=http://www.ahl-alquran.tv/page.php?id=160 live=1 timeout=20</link>
	</item>
</streaminginfo>


<streaminginfo>
    <cname>Alfady</cname>
	<item>
	<title>Med</title>
	<link>http://stream.truth-voice.net:1935/FadyLive/FadyLive/playlist.m3u8</link>
	</item>
</streaminginfo>


<streaminginfo>
    <cname>ALTAGHEER TV</cname>
	<item>
	<title>Low: You need to install f4m_tester addon from Shani Repo</title>
	<link>plugin://plugin.video.f4mTester/?url=http://stream1.joinvisions.net:1935/taglive/taghier/manifest.f4m</link>
	</item>
</streaminginfo>
<streaminginfo>
    <cname>Assalamu Alayk</cname>
	<item>
	<title>Low</title>
	<link>http://5.9.96.232:1935/live/salam/playlist.m3u8</link>
	</item>
</streaminginfo>
<streaminginfo>
    <cname>Al Adala</cname>
	<item>
	<title>Low</title>
	<link>http://xaladalatvx.api.channel.livestream.com/3.0/playlist.m3u8</link>
	</item>
</streaminginfo>
<streaminginfo>
   	<cname>Sharjah Sport</cname>
	<item>
	<title>Low</title>
	<link>http://livestreaming.itworkscdn.net/smc4sportslive/smc4tv_160p/playlist.m3u8</link>
	</item>
</streaminginfo>
<streaminginfo>
   	<cname>Sharjah Sport</cname>
	<item>
	<title>Med</title>
	<link>http://livestreaming.itworkscdn.net/smc4sportslive/smc4tv_240p/playlist.m3u8</link>
	</item>
</streaminginfo>
<streaminginfo>
   	<cname>Sharjah Sport</cname>
	<item>
	<title>High</title>
	<link>http://livestreaming.itworkscdn.net/smc4sportslive/smc4tv_360p/playlist.m3u8</link>
	</item>
</streaminginfo>

<streaminginfo>
   	<cname>Sharjah Kabla</cname>
	<item>
	<title>Low</title>
	<link>http://livestreaming.itworkscdn.net/kablatvlive/kabtv_160p/playlist.m3u8</link>
	</item>
</streaminginfo>
<streaminginfo>
   	<cname>Sharjah Kabla</cname>
	<item>
	<title>Med</title>
	<link>http://livestreaming.itworkscdn.net/kablatvlive/kabtv_240p/playlist.m3u8</link>
	</item>
</streaminginfo>
<streaminginfo>
   	<cname>Sharjah Kabla</cname>
	<item>
	<title>High</title>
	<link>http://livestreaming.itworkscdn.net/kablatvlive/kabtv_360p/playlist.m3u8</link>
	</item>
</streaminginfo>
<streaminginfo>
     <cname>Sharjah</cname>
	<item>
	<title>Low</title>
	<link>rtmp://livestreaming.itworkscdn.net/smc1live/ playpath=smc1tv_160p swfUrl=http://www.smc.ae/smcplayer/smcplayer/jwplayer.flash.swf pageUrl=http://www.smc.ae/stream.html swfVfy=true live=true timeout=15</link>
	</item>
</streaminginfo>
<streaminginfo>
        <cname>Sharjah</cname>
	<item>
	<title>Med</title>
	<link>rtmp://livestreaming.itworkscdn.net/smc1live/ playpath=smc1tv_240p swfUrl=http://www.smc.ae/smcplayer/smcplayer/jwplayer.flash.swf pageUrl=http://www.smc.ae/stream.html swfVfy=true live=true timeout=15</link>
	</item>
</streaminginfo>
<streaminginfo>
        <cname>Sharjah</cname>
	<item>
	<title>High</title>
	<link>rtmp://livestreaming.itworkscdn.net/smc1live/ playpath=smc1tv_360p swfUrl=http://www.smc.ae/smcplayer/smcplayer/jwplayer.flash.swf pageUrl=http://www.smc.ae/stream.html swfVfy=true live=true timeout=15</link>
	</item>
</streaminginfo>
<streaminginfo>
	<cname>Alfath</cname>
	<item>
	<title>Low</title>
	<link>http://livestreaming2.itworkscdn.net/alfatehlive/fatehtv/playlist.m3u8</link>
	</item>
</streaminginfo>
<streaminginfo>
	<cname>Al oula Maroc</cname>
	<item>
	<title>Low Corcas</title>
	<link>http://chkg.tdf-cdn.com/5958/01.m3u8</link>
	</item>
</streaminginfo>

<streaminginfo>
	<cname>Al oula Maroc</cname>
	<item>
	<title>High SVR2 Corcas</title>
	<link>http://chkg.tdf-cdn.com/5958/index.m3u8</link>
	</item>
</streaminginfo>

<streaminginfo>
	<cname>Al oula Maroc</cname>
	<item>
	<title>High SVR1 Corcas</title>
	<link>http://chkg.tdf-cdn.com/5958/02.m3u8</link>
	</item>
</streaminginfo>
<streaminginfo>
	<cname>Canal Atlas</cname>
	<item>
	<title>Low</title>
	<link>rtmpt://canalatlas.streamakaci.com/canalatlas/canalatlas.stream swfUrl=http://lb.streamakaci.com/streamakaci/library/AkamaiMultiPlayer.swf pageUrl=http://www.canalatlas.com/Atlasmedia/ live=1 timeout=20</link>
	</item>
</streaminginfo>
<streaminginfo>
	<cname>Canal Atlas</cname>
	<item>
	<title>High</title>
	<link>http://canalatlas.streamakaci.com/canalatlas/canalatlas.stream/playlist.m3u8</link>
	</item>
</streaminginfo>
<streaminginfo>
     <cname>LLBN</cname>
	 <item><title>Low</title>
	 <link>http://telvuehls_t01587-i.akamaihd.net/hls/live/215639-b/T01587-arabic/master_1.m3u8</link>
	 </item>
</streaminginfo> 
<streaminginfo>
     <cname>LLBN</cname>
	 <item><title>Med</title>
	 <link>http://telvuehls_t01587-i.akamaihd.net/hls/live/215639-b/T01587-arabic/master_2.m3u8</link>
	 </item>
</streaminginfo> 
<streaminginfo>
     <cname>LLBN</cname>
	 <item><title>Med</title>
	 <link>http://telvuehls_t01587-i.akamaihd.net/hls/live/215639-b/T01587-arabic/master_3.m3u8</link>
	 </item>
</streaminginfo>
<streaminginfo>
     <cname>Beladi</cname>
	 <item><title>Med</title>
	 <link>rtmp://edge3.video.vaughnsoft.net:443/live?tDM41au4l3EQoMkJcnWJkro85HfmznjW/live_beladitv timeout=20</link>
	 </item>
</streaminginfo>  
<streaminginfo>
     <cname>Libya Alhurra</cname>
	<item>
	<title>Med</title>
	<link>http://108.178.42.58/live/10187.stream/gmswf.m3u8</link>
	</item>
</streaminginfo>   

<streaminginfo>
	<cname>LBC</cname>
	<item>
        <title>Low</title>
        <link>http://37.48.80.48/lbclive/smil:lbclive.smil/chunklist_w38025370_b240000.m3u8</link>
	</item>
</streaminginfo>


<streaminginfo>
	<cname>LBC</cname>
	<item>
        <title>Med</title>
        <link>http://37.48.80.48/lbclive/smil:lbclive.smil/chunklist_w38025370_b360000.m3u8</link>
	</item>
</streaminginfo>

<streaminginfo>
	<cname>LBC</cname>
	<item>
        <title>High</title>
        <link>http://37.48.80.48/lbclive/smil:lbclive.smil/chunklist_w38025370_b525000.m3u8</link>
	</item>
</streaminginfo>


<streaminginfo>
	<cname>LBC</cname>
	<item>
        <title>High</title>
        <link>http://livestreaming.itworkscdn.net/lbclive/smil:lbclive.smil/playlist.m3u8</link>
	</item>
</streaminginfo>
<streaminginfo>
	<cname>i24News</cname>
	<item>
        <title>English</title>
        <link>http://bcoveliveios-i.akamaihd.net/hls/live/215102/master_english/398/master.m3u8</link>
	</item>
</streaminginfo>

<streaminginfo>
	<cname>i24News</cname>
	<item>
        <title>French</title>
        <link>http://bcoveliveios-i.akamaihd.net/hls/live/215102/master_french/412/master.m3u8</link>
	</item>
</streaminginfo>

<streaminginfo>
	<cname>i24News</cname>
	<item>
        <title>Arabic</title>
        <link>http://bcoveliveios-i.akamaihd.net/hls/live/215102/master_arabic/391/master.m3u8</link>
	</item>
</streaminginfo>
<streaminginfo>
	<cname>Alquds Educ</cname>
	<item>
        <title>Low</title>
        <link>rtmp://178.214.64.156:1935/hd1-2/hd1-2 timeout=20</link>
	</item>
</streaminginfo>
<streaminginfo>
	<cname>Alquds Educ</cname>
	<item>
        <title>Med</title>
        <link>rtmp://178.214.64.156:1935/hd1-3/hd1-3 timeout=20</link>
	</item>
</streaminginfo>
<streaminginfo>
	<cname>Alquds Educ</cname>
	<item>
        <title>High</title>
        <link>rtmp://178.214.64.156:1935/live/MyStream timeout=20</link>
	</item>
</streaminginfo>
<streaminginfo>
	<cname>Nabaa</cname>
	<item><title>Med</title>
	<link>rtmp://31.14.40.238:1935/live/Nabaa swfUrl=http://www.serverroom.us/jwplayer5/player.swf pageUrl=http://nabaa.tv/%D9%85%D8%A8%D8%A7%D8%B4%D8%B1/ live=1 timeout=20</link>
	</item>
</streaminginfo>

<streaminginfo>
	<cname>CNBC Arabic</cname>
<item>
<title>livestream High</title>
<link>$doregex[get-m3u8]|Cookie=$get_cookies$&amp;User-Agent=AppleCoreMedia/1.0.0.11B554a (iPhone; U; CPU OS 7_0_4 like Mac OS X; en_gb)&amp;X-Playback-Session-Id=$GUID$</link>
<regex>
<name>get-m3u8</name>
<expres>76.*\s?(http.*?)\s</expres>
<page>$doregex[get-page]</page>
<agent>AppleCoreMedia/1.0.0.11B554a (iPhone; U; CPU OS 7_0_4 like Mac OS X; en_gb)</agent>
<cookieJar></cookieJar>
</regex>
<regex>
<name>get-page</name>
<expres>"m3u8_url":"(.*?)"</expres>
<page>http://new.livestream.com/accounts/3102016/events/1914609</page>

<cookieJar></cookieJar>
</regex>
</item>
</streaminginfo>

<streaminginfo>
<cname>CNBC Arabic</cname>
<item>
<title>livestream low</title>
<link>$doregex[get-url]</link>
<regex>
<name>get-url</name>
<expres>"rtsp_url":"(.*?)"</expres>
<page>http://new.livestream.com/accounts/3102016/events/1914609</page>
<agent>Mozilla/5.0 (Linux; U; Android 2.2; en-us; Nexus One Build/FRF91) AppleWebKit/533.1 (KHTML, like Gecko) Version/4.0 Mobile Safari/533.1</agent>
</regex>
</item>
</streaminginfo>


<streaminginfo>
<cname>Alghad Alarabi</cname>
<item>
<title>Livestream Low</title>
<link>$doregex[get-m3u8]|Cookie=$get_cookies$&amp;User-Agent=AppleCoreMedia/1.0.0.11B554a (iPhone; U; CPU OS 7_0_4 like Mac OS X; en_gb)&amp;X-Playback-Session-Id=$GUID$</link>
<regex>
<name>get-m3u8</name>
<expres>48.*\s?(http.*?)\s</expres>
<page>$doregex[get-page]</page>
<agent>AppleCoreMedia/1.0.0.11B554a (iPhone; U; CPU OS 7_0_4 like Mac OS X; en_gb)</agent>
<cookieJar></cookieJar>
</regex>
<regex>
<name>get-page</name>
<expres>"m3u8_url":"(.*?)"</expres>
<page>http://new.livestream.com/alghadtv/events/2330953</page>
<cookieJar></cookieJar>
</regex>
</item>
</streaminginfo>
<streaminginfo>
<cname>Alghad Alarabi</cname>
<item>
<title>Livestream Med</title>
<link>$doregex[get-m3u8]|Cookie=$get_cookies$&amp;User-Agent=AppleCoreMedia/1.0.0.11B554a (iPhone; U; CPU OS 7_0_4 like Mac OS X; en_gb)&amp;X-Playback-Session-Id=$GUID$</link>
<regex>
<name>get-m3u8</name>
<expres>76.*\s?(http.*?)\s</expres>
<page>$doregex[get-page]</page>
<agent>AppleCoreMedia/1.0.0.11B554a (iPhone; U; CPU OS 7_0_4 like Mac OS X; en_gb)</agent>
<cookieJar></cookieJar>
</regex>
<regex>
<name>get-page</name>
<expres>"m3u8_url":"(.*?)"</expres>
<page>http://new.livestream.com/alghadtv/events/2330953</page>
<cookieJar></cookieJar>
</regex>
</item>
</streaminginfo>
<streaminginfo>
<cname>Alghad Alarabi</cname>
<item>
<title>Livestream High</title>
<link>$doregex[get-m3u8]|Cookie=$get_cookies$&amp;User-Agent=AppleCoreMedia/1.0.0.11B554a (iPhone; U; CPU OS 7_0_4 like Mac OS X; en_gb)&amp;X-Playback-Session-Id=$GUID$</link>
<regex>
<name>get-m3u8</name>
<expres>86.*\s?(http.*?)\s</expres>
<page>$doregex[get-page]</page>
<agent>AppleCoreMedia/1.0.0.11B554a (iPhone; U; CPU OS 7_0_4 like Mac OS X; en_gb)</agent>
<cookieJar></cookieJar>
</regex>
<regex>
<name>get-page</name>
<expres>"m3u8_url":"(.*?)"</expres>
<page>http://new.livestream.com/alghadtv/events/2330953</page>
<cookieJar></cookieJar>
</regex>
</item>
</streaminginfo>



<streaminginfo>
		<cname>Al Magharibia</cname>
		<item>
		<title>Low</title>
		<link>$doregex[get-m3u8]&amp;hdnea=st=$doregex[get-hdnea]</link>
		<regex>
		<name>get-m3u8</name>
		<expres>270.*[^h]+(.*)</expres>
		<page>$doregex[get-page]</page>
		</regex>
		<regex>
		<name>get-page</name>
		<expres>"m3u8_url":"([^"]*)</expres>
		<page>http://new.livestream.com/almagharibia/events/3348791</page>
		</regex>
		<regex>
		<name>get-hdnea</name>
		<expres>hdnea=st=([^"]*)</expres>
		<page>http://new.livestream.com/almagharibia/events/3348791</page>
		</regex>
		</item>
</streaminginfo>
<streaminginfo>
		<cname>Al Magharibia</cname>
		<item>
		<title>Med</title>
		<link>$doregex[get-m3u8]&amp;hdnea=st=$doregex[get-hdnea]</link>
		<regex>
		<name>get-m3u8</name>
		<expres>432.*[^h]+(.*)</expres>
		<page>$doregex[get-page]</page>
		</regex>
		<regex>
		<name>get-page</name>
		<expres>"m3u8_url":"([^"]*)</expres>
		<page>http://new.livestream.com/almagharibia/events/3348791</page>
		</regex>
		<regex>
		<name>get-hdnea</name>
		<expres>hdnea=st=([^"]*)</expres>
		<page>http://new.livestream.com/almagharibia/events/3348791</page>
		</regex>
		</item>
</streaminginfo>
	<streaminginfo>
		<cname>Al Magharibia</cname>
		<item>
			<title>High</title>
			<link>$doregex[get-m3u8]&amp;hdnea=st=$doregex[get-hdnea]</link>
			<regex>
			<name>get-m3u8</name>
			<expres>486.*[^h]+(.*)</expres>
			<page>$doregex[get-page]</page>
			</regex>
			<regex>
			<name>get-page</name>
			<expres>"m3u8_url":"([^"]*)</expres>
			<page>http://new.livestream.com/almagharibia/events/3348791</page>
			</regex>
			<regex>
			<name>get-hdnea</name>
			<expres>hdnea=st=([^"]*)</expres>
			<page>http://new.livestream.com/almagharibia/events/3348791</page>
			</regex>
		</item>
	</streaminginfo>
	
	
	
<streaminginfo>
	<cname>Alan</cname><item><title>Low</title><link>http://livestreaming.itworkscdn.net/alaanlive/alaantv_160p/playlist.m3u8</link></item>
</streaminginfo>
<streaminginfo>
	<cname>Alan</cname><item><title>Med</title><link>http://livestreaming.itworkscdn.net/alaanlive/alaantv_240p/playlist.m3u8</link></item>
</streaminginfo>
<streaminginfo>
	<cname>Alan</cname><item><title>High</title><link>http://livestreaming.itworkscdn.net/alaanlive/alaantv_360p/playlist.m3u8</link></item>
</streaminginfo>

<streaminginfo>
	<cname>Dua</cname><item><title>Lower</title><link>http://live5.haditv.com:1935/liveTrans/mp4:channel5_110k/playlist.m3u8</link></item>
</streaminginfo>
<streaminginfo>
	<cname>Dua</cname><item><title>Low</title><link>http://live5.haditv.com:1935/liveTrans/mp4:channel5_190k/playlist.m3u8</link></item>
</streaminginfo>
<streaminginfo>
	<cname>Dua</cname><item><title>Med</title><link>http://live5.haditv.com:1935/liveTrans/mp4:channel5_450k/playlist.m3u8</link></item>
</streaminginfo>
<streaminginfo>
	<cname>Dua</cname><item><title>High 720p</title><link>http://live5.haditv.com:1935/liveTrans/mp4:channel5_800k/playlist.m3u8</link></item>
</streaminginfo>

<streaminginfo>
	<cname>Rudaw</cname>
	<item>
	<title>Low</title>
	<link>http://livestreaming.itworkscdn.net/rudawlive/rudawtv_160p/playlist.m3u8</link>
	</item>
</streaminginfo>
<streaminginfo>
	<cname>Rudaw</cname>
<item><title>Med</title><link>http://livestreaming.itworkscdn.net/rudawlive/rudawtv_240p/playlist.m3u8</link>
</item>
</streaminginfo>
<streaminginfo>
	<cname>Rudaw</cname>
	<item>
	<title>High</title>
	<link>http://livestreaming.itworkscdn.net/rudawlive/rudawtv_360p/playlist.m3u8</link>
	</item>
</streaminginfo>
<streaminginfo>
	<cname>Rudaw</cname>
<item><title>High rtmp</title><link>rtmp://livestreaming.itworkscdn.net/rudawlive/rudawtv swfUrl=http://rudaw.net/flowplayer/flowplayer.commercial-3.2.16.swf pageUrl=http://rudaw.net/sorani/onair/tv/live</link>
</item>
</streaminginfo>
<streaminginfo>
<cname>alkass</cname>
<item>
<title>Plus SD</title>
<link>$doregex[get-rtmp] playpath=$doregex[get-playpath] flashver=WIN\2013,0,0,214 pageUrl=http://shoof.alkass.net/shoof/live/live_5.php swfUrl=http://shoof.alkass.net/shoof/jwplayer/player.swf live=1 swfVfy=1 timeout=10</link>
<regex>
<name>get-rtmp</name>
<expres>streamer':'(.*?)'</expres>
<page>$doregex[get-unpacked]</page>
</regex>

<regex>
<name>get-playpath</name>
<expres>file':'(.*?)'</expres>
<page>$doregex[get-unpacked]</page>
</regex>

<regex>
<name>get-unpacked</name>
<expres>$pyFunction:get_unpacked('http://shoof.alkass.net/shoof/live/live_5.php','(eval.*)' )</expres>
<page></page>
</regex>
</item>
</streaminginfo>
<streaminginfo>
<cname>alkass</cname>
<item>
<title>HD 720p</title>
<link>$doregex[get-m3u8]</link>
<regex>
<name>get-m3u8</name>
<expres>(http.*?.m3u8)"</expres>
<page>$doregex[get-unpacked]</page>
<cookieJar></cookieJar>
</regex>
<regex>
<name>get-unpacked</name>
<expres>$pyFunction:get_unpacked('http://shoof.alkass.net/shoof/live/live_2.php','(eval.*)' )</expres>
<page></page>
</regex>
</item>
</streaminginfo>

<streaminginfo>
<cname>alkass</cname>
<item>
<title>Plus HD 720p</title>
<link>$doregex[get-m3u8]</link>
<regex>
<name>get-m3u8</name>
<expres>(http.*?.m3u8)"</expres>
<page>$doregex[get-unpacked]</page>
<cookieJar></cookieJar>
</regex>
<regex>
<name>get-unpacked</name>
<expres>$pyFunction:get_unpacked('http://shoof.alkass.net/shoof/live/live_3.php','(eval.*)' )</expres>
<page></page>
</regex>
</item>
</streaminginfo>
<streaminginfo>
<cname>alkass</cname>
<item>
<title>Plus1 720p</title>
<link>$doregex[get-m3u8]</link>
<regex>
<name>get-m3u8</name>
<expres>(http.*?.m3u8)"</expres>
<page>$doregex[get-unpacked]</page>
<cookieJar></cookieJar>
</regex>
<regex>
<name>get-unpacked</name>
<expres>$pyFunction:get_unpacked('http://shoof.alkass.net/shoof/live/live_4.php','(eval.*)' )</expres>
<page></page>
</regex>
</item>
</streaminginfo>

<streaminginfo>
	<cname>Aden live</cname>
	<item>
	<title>SD</title>
	<link>rtmp://50.22.217.194/live/livestream swfUrl=http://fpdownload.adobe.com/strobe/FlashMediaPlayback.swf pageUrl=http://adenlivetv.tv/live.html live=1 timeout=20</link>
	</item>
</streaminginfo>
<streaminginfo>
	<cname>AlBabeleyia</cname>
	<item>
	<title>SD</title>
	<link>rtmp://69.160.44.134:1936/8024/8024 swfUrl=http://fpdownload.adobe.com/strobe/FlashMediaPlayback.swf pageUrl=http://www.albabelyia.net/live/ live=1 timeout=20</link>
	</item>
</streaminginfo>
<streaminginfo>
	<cname>Halab Today</cname>
	<item>
	<title>SD</title>
	<link>rtmp://tulip.wowzacontrol.com:1935/8010/8010 swfUrl=http://www.tootvs.com/streaming/FLVplayer_Custom.swf pageUrl=http://halabtoday.org/ live=1 timeout=20</link>
	</item>
</streaminginfo>
<streaminginfo>
	<cname>ETV Ethiopia</cname>
	<item>
	<title>oromiyaa</title>
	<link>rtmp://media8.vixtream.net:80/etvlive playpath=oromiyaa.stream swfUrl=http://www.allcomtv.com/vxplayer/player57.swf pageUrl=http://www.allcomtv.com/tv-oromiyaa live=1 timeout=20</link>
	</item>
</streaminginfo>
<streaminginfo>
	<cname>ETV Ethiopia</cname>
	<item>
	<title>ESTV</title>
	<link>rtmp://media8.vixtream.net:80/etvlive playpath=estv.stream swfUrl=http://www.allcomtv.com/vxplayer/player57.swf pageUrl=http://www.allcomtv.com/estv live=1 timeout=20</link>
	</item>
</streaminginfo>
<streaminginfo>
	<cname>ETV Ethiopia</cname>
	<item>
	<title>ETV3</title>
	<link>rtmp://media8.vixtream.net:80/etvlive playpath=etv3.stream swfUrl=http://www.allcomtv.com/vxplayer/player57.swf pageUrl=http://www.allcomtv.com/etv3 live=1 timeout=20</link>
	</item>
</streaminginfo>
<streaminginfo>
	<cname>ETV Ethiopia</cname>
	<item>
	<title>ETV SVR1</title>
	<link>rtmp://media8.vixtream.net:80/etvlive playpath=etv.stream swfUrl=http://www.allcomtv.com/vxplayer/player57.swf pageUrl=http://www.allcomtv.com/etv live=1 timeout=20</link>
	</item>
</streaminginfo>
<streaminginfo>
	<cname>ETV Ethiopia</cname>
	<item>
	<title>ETV SRV2</title>
	<link>rtmp://213.55.98.102/live/livestream swfUrl=http://www.etvlive.gov.et/StrobeMediaPlayback.swf pageUrl=http://www.etvlive.gov.et/etv.html live=1 timeout=20</link>
	</item>
</streaminginfo>
<streaminginfo>
	<cname>alrayan</cname>
	<item>
	<title>Med</title>
    <link>http://alrayyan_hls-lh.akamaihd.net/i/alrayyan_ar@2145/master.m3u8</link>
    </item>
</streaminginfo>
<streaminginfo>
	<cname>Al Kout</cname>
	<item><title>SD</title>
	<link>rtmp://66.23.237.233:1935/alkout/alkout swfUrl=http://fpdownload.adobe.com/strobe/FlashMediaPlayback_101.swf pageUrl=http://www.alkouttv.net/live.aspx live=1 timeout=20</link>
	</item>
</streaminginfo>
<streaminginfo>
	<cname>KTV ARABE</cname>
	<item>
	<title>media.gov.kw</title>
	<link>rtmp://91.140.238.7/rtmplive/rtpencoder/ch5.sdp timeout=20</link>
	</item>
</streaminginfo>
<streaminginfo>
	<cname>KTV ETRAA</cname>
	<item>
	<title>media.gov.kw</title>
	<link>rtmp://91.140.238.7/rtmplive/rtpencoder/ch4.sdp timeout=20</link>
	</item>
</streaminginfo>

<streaminginfo>
	<cname>KTV 2</cname>
	<item>
	<title>media.gov.kw</title>
	<link>rtmp://91.140.238.7/rtmplive/rtpencoder/ch2.sdp timeout=20</link>
	</item>
</streaminginfo>
<streaminginfo>
	<cname>Kuwait</cname>
	<item>
	<title>media.gov.kw</title>
	<link>rtmp://91.140.238.7/rtmplive/rtpencoder/ch1.sdp timeout=20</link>
	</item>
</streaminginfo>

<streaminginfo>
	<cname>KTV SPORT</cname>
	<item>
	<title>media.gov.kw</title>
	<link>rtmp://91.140.238.7/rtmplive/rtpencoder/ch3.sdp timeout=20</link>
	</item>
</streaminginfo>
<streaminginfo>
	<cname>KTV PLUS</cname>
	<item>
	<title>media.gov.kw</title>
	<link>rtmp://91.140.238.7/rtmplive/rtpencoder/ch6.sdp timeout=20</link>
	</item>
</streaminginfo>
<streaminginfo>
	<cname>KTV Sport Extra</cname>
	<item>
	<title>media.gov.kw</title>
	<link>rtmp://91.140.238.7/rtmplive/rtpencoder/sportextra.sdp timeout=20</link>
	</item>
</streaminginfo>
<streaminginfo>
	<cname>KTV Sport Plus</cname>
	<item>
	<title>media.gov.kw</title>
	<link>rtmp://91.140.238.7/rtmplive/rtpencoder/sportplus.sdp timeout=20</link>
	</item>
</streaminginfo>
<streaminginfo>
	<cname>Libya Awalan</cname>
	<item>
	<title>Med</title>
	<link>rtmp://41.128.145.24:1935/LibyaAwalan/LibyaAwalanStream swfUrl=http://p.jwpcdn.com/6/4/jwplayer.flash.swf pageUrl=http://libya-awalan.tv/%D8%A7%D9%84%D8%A8%D8%AB-%D8%A7%D9%84%D8%AD%D9%8A/ live=1 timeout=20</link>
	</item>
</streaminginfo>
<streaminginfo>
	<cname>VIN</cname>
	<item>
	<title>vintv.net</title>
	<link>http://95.170.203.137:8088/smooth.isml/manifest(format=m3u8-aapl).m3u8</link>
	</item>
</streaminginfo>
<streaminginfo>
	<cname>Masira</cname>
	<item>
	<title>rtmp</title>
	<link>rtmp://livestreaming4.itworkscdn.com/masira playpath=livetv1 swfUrl=http://www.almaserahtv.com/player.swf pageUrl=http://www.almasirah.tv/ live=1 timeout=20</link>
	</item>
</streaminginfo>
<streaminginfo>
	<cname>Masira</cname>
	<item>
	<title>m3u8</title>
	<link>http://livestreaming4.itworkscdn.com/masira/livetv1/playlist.m3u8</link>
	</item>
</streaminginfo>

	<streaminginfo>
		<cname>TNN</cname>
		<item>
			<title>low</title>
			<link>$doregex[get-m3u8]&amp;hdnea=st=$doregex[get-hdnea]</link>
			<regex>
			<name>get-m3u8</name>
			<expres>27.*[^h]+(.*)</expres>
			<page>$doregex[get-page]</page>
			</regex>
			<regex>
			<name>get-page</name>
			<expres>"m3u8_url":"([^"]*)</expres>
			<page>http://new.livestream.com/accounts/2816313/events/2615039</page>
			</regex>
			<regex>
			<name>get-hdnea</name>
			<expres>hdnea=st=([^"]*)</expres>
			<page>http://new.livestream.com/accounts/2816313/events/2615039</page>
			</regex>
		</item>

	</streaminginfo>


<streaminginfo>
		<cname>Alghad Alarabi</cname>
		<item>
		<title>Low</title>
		<link>$doregex[get-m3u8]&amp;hdnea=st=$doregex[get-hdnea]</link>
		<regex>
		<name>get-m3u8</name>
		<expres>270.*[^h]+(.*)</expres>
		<page>$doregex[get-page]</page>
		</regex>
		<regex>
		<name>get-page</name>
		<expres>"m3u8_url":"([^"]*)</expres>
		<page>http://new.livestream.com/alghadtv/events/2330953</page>
		</regex>
		<regex>
		<name>get-hdnea</name>
		<expres>hdnea=st=([^"]*)</expres>
		<page>http://new.livestream.com/alghadtv/events/2330953</page>
		</regex>
		</item>
</streaminginfo>
<streaminginfo>
		<cname>Alghad Alarabi</cname>
		<item>
		<title>Med</title>
		<link>$doregex[get-m3u8]&amp;hdnea=st=$doregex[get-hdnea]</link>
		<regex>
		<name>get-m3u8</name>
		<expres>432.*[^h]+(.*)</expres>
		<page>$doregex[get-page]</page>
		</regex>
		<regex>
		<name>get-page</name>
		<expres>"m3u8_url":"([^"]*)</expres>
		<page>http://new.livestream.com/alghadtv/events/2330953</page>
		</regex>
		<regex>
		<name>get-hdnea</name>
		<expres>hdnea=st=([^"]*)</expres>
		<page>http://new.livestream.com/alghadtv/events/2330953</page>
		</regex>
		</item>
</streaminginfo>
	<streaminginfo>
		<cname>Alghad Alarabi</cname>
		<item>
			<title>High</title>
			<link>$doregex[get-m3u8]&amp;hdnea=st=$doregex[get-hdnea]</link>
			<regex>
			<name>get-m3u8</name>
			<expres>486.*[^h]+(.*)</expres>
			<page>$doregex[get-page]</page>
			</regex>
			<regex>
			<name>get-page</name>
			<expres>"m3u8_url":"([^"]*)</expres>
			<page>http://new.livestream.com/alghadtv/events/2330953</page>
			</regex>
			<regex>
			<name>get-hdnea</name>
			<expres>hdnea=st=([^"]*)</expres>
			<page>http://new.livestream.com/alghadtv/events/2330953</page>
			</regex>
		</item>
	</streaminginfo>
	<streaminginfo>
		<cname>Dejlah</cname>
		<item>
			<title>m3u8</title>
			<link>http://216.245.204.38:1935/dijlah/smil:a/chunklist.m3u8</link>
		</item>
	</streaminginfo>
	
	
	<streaminginfo>
		<cname>alkass</cname>
		<item>
			<title>qna.org</title>
			<link>rtmp://AgendaStreamerx1.qna.org.qa/kas//kas timeout=20</link>
		</item>
	</streaminginfo>
	<streaminginfo>
		<cname>Baraem</cname>
		<item>
			<title> qna.org</title>
			<link>rtmp://AgendaStreamerx1.qna.org.qa/brm//brm timeout=20</link>
		</item>
	</streaminginfo>	
	<streaminginfo>
		<cname>Qatar</cname>
		<item>
			<title> qna.org</title>
			<link>rtmp://AgendaStreamerx1.qna.org.qa/qtv//qtv timeout=20</link>
		</item>
	</streaminginfo>	
	<streaminginfo>
		<cname>alrayan</cname>
		<item>
			<title>qna.org</title>
			<link>rtmp://AgendaStreamerx1.qna.org.qa/ryn//ryn timeout=20</link>
		</item>
	</streaminginfo>
	<streaminginfo>
		<cname>Al Majd Hadeeth</cname>
		<item>
			<title>high</title>
			<link>http://188.40.138.23/hls/majdh/index.m3u8|User-Agent: Mozilla/5.0 (Linux; U; Android 2.2; en-us; Nexus One Build/FRF91) AppleWebKit/533.1 (KHTML, like Gecko) Version/4.0 Mobile Safari/533.1</link>
		</item>
	</streaminginfo>	
	<streaminginfo>
		<cname>Al Majd Hadeeth</cname>
		<item>
			<title>low</title>
			<link>http://188.40.138.23/hls/majdh_lq/index.m3u8|User-Agent: Mozilla/5.0 (Linux; U; Android 2.2; en-us; Nexus One Build/FRF91) AppleWebKit/533.1 (KHTML, like Gecko) Version/4.0 Mobile Safari/533.1</link>
		</item>
	</streaminginfo>	
	<streaminginfo>
		<cname>Al Majd</cname>
		<item>
			<title>high</title>
			<link>http://188.40.138.23/hls/majdg/index.m3u8|User-Agent: Mozilla/5.0 (Linux; U; Android 2.2; en-us; Nexus One Build/FRF91) AppleWebKit/533.1 (KHTML, like Gecko) Version/4.0 Mobile Safari/533.1</link>
		</item>
	</streaminginfo>	
	<streaminginfo>
		<cname>Al Majd</cname>
		<item>
			<title>low</title>
			<link>http://188.40.138.23/hls/majdg_lq/index.m3u8|User-Agent: Mozilla/5.0 (Linux; U; Android 2.2; en-us; Nexus One Build/FRF91) AppleWebKit/533.1 (KHTML, like Gecko) Version/4.0 Mobile Safari/533.1</link>
		</item>
	</streaminginfo>	
	<streaminginfo>
		<cname>Almajd Science</cname>
		<item>
			<title>high</title>
			<link>http://188.40.138.23/hls/majdsc/index.m3u8|User-Agent: Mozilla/5.0 (Linux; U; Android 2.2; en-us; Nexus One Build/FRF91) AppleWebKit/533.1 (KHTML, like Gecko) Version/4.0 Mobile Safari/533.1</link>
		</item>
	</streaminginfo>	
	<streaminginfo>
		<cname>Almajd Science</cname>
		<item>
			<title>low</title>
			<link>http://188.40.138.23/hls/majdsc_lq/index.m3u8|User-Agent: Mozilla/5.0 (Linux; U; Android 2.2; en-us; Nexus One Build/FRF91) AppleWebKit/533.1 (KHTML, like Gecko) Version/4.0 Mobile Safari/533.1</link>
		</item>
	</streaminginfo>	
	<streaminginfo>
		<cname>Almajd Kids</cname>
		<item>
			<title>high </title>
			<link>http://188.40.138.23/hls/majdk/index.m3u8|User-Agent: Mozilla/5.0 (Linux; U; Android 2.2; en-us; Nexus One Build/FRF91) AppleWebKit/533.1 (KHTML, like Gecko) Version/4.0 Mobile Safari/533.1</link>
		</item>
	</streaminginfo>	
	<streaminginfo>
		<cname>Almajd Kids</cname>
		<item>
			<title>low</title>
			<link>http://188.40.138.23/hls/majdk_lq/index.m3u8|User-Agent: Mozilla/5.0 (Linux; U; Android 2.2; en-us; Nexus One Build/FRF91) AppleWebKit/533.1 (KHTML, like Gecko) Version/4.0 Mobile Safari/533.1</link>
		</item>
	</streaminginfo>
	<streaminginfo>
		<cname>Almajd Quran</cname>
		<item>
			<title>high </title>
			<link>http://188.40.138.23/hls/majdq/index.m3u8|User-Agent: Mozilla/5.0 (Linux; U; Android 2.2; en-us; Nexus One Build/FRF91) AppleWebKit/533.1 (KHTML, like Gecko) Version/4.0 Mobile Safari/533.1</link>
		</item>
	</streaminginfo>	
	<streaminginfo>
		<cname>Almajd Quran</cname>
		<item>
			<title>low</title>
			<link>http://188.40.138.23/hls/majdq_lq/index.m3u8|User-Agent: Mozilla/5.0 (Linux; U; Android 2.2; en-us; Nexus One Build/FRF91) AppleWebKit/533.1 (KHTML, like Gecko) Version/4.0 Mobile Safari/533.1</link>
		</item>
	</streaminginfo>	
	<streaminginfo>
		<cname>ALMAJD Natural</cname>
		<item>
			<title>high</title>
			<link>http://188.40.138.23/hls/majdnat/index.m3u8|User-Agent: Mozilla/5.0 (Linux; U; Android 2.2; en-us; Nexus One Build/FRF91) AppleWebKit/533.1 (KHTML, like Gecko) Version/4.0 Mobile Safari/533.1</link>
		</item>
	</streaminginfo>	
	<streaminginfo>
		<cname>ALMAJD Natural</cname>
		<item>
			<title>low</title>
			<link>http://188.40.138.23/hls/majdnat_lq/index.m3u8|User-Agent: Mozilla/5.0 (Linux; U; Android 2.2; en-us; Nexus One Build/FRF91) AppleWebKit/533.1 (KHTML, like Gecko) Version/4.0 Mobile Safari/533.1</link>
		</item>
	</streaminginfo>	
	<streaminginfo>
		<cname>ALMAJD Documentary</cname>
		<item>
			<title>high </title>
			<link>http://188.40.138.23/hls/majddoc/index.m3u8|User-Agent: Mozilla/5.0 (Linux; U; Android 2.2; en-us; Nexus One Build/FRF91) AppleWebKit/533.1 (KHTML, like Gecko) Version/4.0 Mobile Safari/533.1</link>
		</item>
	</streaminginfo>	
	<streaminginfo>
		<cname>ALMAJD Documentary</cname>
		<item>
			<title>low</title>
			<link>http://188.40.138.23/hls/majddoc_lq/index.m3u8|User-Agent: Mozilla/5.0 (Linux; U; Android 2.2; en-us; Nexus One Build/FRF91) AppleWebKit/533.1 (KHTML, like Gecko) Version/4.0 Mobile Safari/533.1</link>
		</item>
	</streaminginfo>	
	<streaminginfo>
		<cname>Almajd Masah</cname>
		<item>
			<title>high</title>
			<link>http://188.40.138.23/hls/majdd/index.m3u8|User-Agent: Mozilla/5.0 (Linux; U; Android 2.2; en-us; Nexus One Build/FRF91) AppleWebKit/533.1 (KHTML, like Gecko) Version/4.0 Mobile Safari/533.1</link>
		</item>
	</streaminginfo>	
	<streaminginfo>
		<cname>Almajd Masah</cname>
		<item>
			<title>low</title>
			<link>http://188.40.138.23/hls/majdd_lq/index.m3u8|User-Agent: Mozilla/5.0 (Linux; U; Android 2.2; en-us; Nexus One Build/FRF91) AppleWebKit/533.1 (KHTML, like Gecko) Version/4.0 Mobile Safari/533.1</link>
		</item>
	</streaminginfo>	
	<streaminginfo>
		<cname>Almajd Basmah</cname>
		<item>
			<title>high </title>
			<link>http://188.40.138.23/hls/majdb/index.m3u8|User-Agent: Mozilla/5.0 (Linux; U; Android 2.2; en-us; Nexus One Build/FRF91) AppleWebKit/533.1 (KHTML, like Gecko) Version/4.0 Mobile Safari/533.1</link>
		</item>
	</streaminginfo>	
	<streaminginfo>
		<cname>Almajd Basmah</cname>
		<item>
			<title>low</title>
			<link>http://188.40.138.23/hls/majdb_lq/index.m3u8|User-Agent: Mozilla/5.0 (Linux; U; Android 2.2; en-us; Nexus One Build/FRF91) AppleWebKit/533.1 (KHTML, like Gecko) Version/4.0 Mobile Safari/533.1</link>
		</item>
	</streaminginfo>	
	<streaminginfo>
		<cname>Almajd News</cname>
		<item>
			<title>high</title>
			<link>http://188.40.138.23/hls/majdnews/index.m3u8|User-Agent: Mozilla/5.0 (Linux; U; Android 2.2; en-us; Nexus One Build/FRF91) AppleWebKit/533.1 (KHTML, like Gecko) Version/4.0 Mobile Safari/533.1</link>
		</item>
	</streaminginfo>	
	<streaminginfo>
		<cname>Almajd News</cname>
		<item>
			<title>low</title>
			<link>http://188.40.138.23/hls/majdnews_lq/index.m3u8|User-Agent: Mozilla/5.0 (Linux; U; Android 2.2; en-us; Nexus One Build/FRF91) AppleWebKit/533.1 (KHTML, like Gecko) Version/4.0 Mobile Safari/533.1</link>
		</item>
	</streaminginfo>	
	<streaminginfo>
		<cname>Almajd Rawdhah</cname>
		<item>
			<title>high</title>
			<link>http://188.40.138.23/hls/majdr/index.m3u8|User-Agent: Mozilla/5.0 (Linux; U; Android 2.2; en-us; Nexus One Build/FRF91) AppleWebKit/533.1 (KHTML, like Gecko) Version/4.0 Mobile Safari/533.1</link>
		</item>
	</streaminginfo>	
	<streaminginfo>
		<cname>Almajd Rawdhah</cname>
		<item>
			<title>low</title>
			<link>http://188.40.138.23/hls/majdr_lq/index.m3u8|User-Agent: Mozilla/5.0 (Linux; U; Android 2.2; en-us; Nexus One Build/FRF91) AppleWebKit/533.1 (KHTML, like Gecko) Version/4.0 Mobile Safari/533.1</link>
		</item>
	</streaminginfo>	
	<streaminginfo>
		<cname>Almajd Tagareed</cname>
		<item>
			<title>high</title>
			<link>http://188.40.138.23/hls/majdt/index.m3u8|User-Agent: Mozilla/5.0 (Linux; U; Android 2.2; en-us; Nexus One Build/FRF91) AppleWebKit/533.1 (KHTML, like Gecko) Version/4.0 Mobile Safari/533.1</link>
		</item>
	</streaminginfo>	
	<streaminginfo>
		<cname>Almajd Tagareed</cname>
		<item>
			<title>low</title>
			<link>http://188.40.138.23/hls/majdt_lq/index.m3u8|User-Agent: Mozilla/5.0 (Linux; U; Android 2.2; en-us; Nexus One Build/FRF91) AppleWebKit/533.1 (KHTML, like Gecko) Version/4.0 Mobile Safari/533.1</link>
		</item>
	</streaminginfo>	
	
	<streaminginfo>
		<cname>Wesal Tv</cname>
		<item>
			<title>Kurdi high</title>
			<link>http://188.40.138.23/hls/wesk/index.m3u8|User-Agent: Mozilla/5.0 (Linux; U; Android 2.2; en-us; Nexus One Build/FRF91) AppleWebKit/533.1 (KHTML, like Gecko) Version/4.0 Mobile Safari/533.1</link>
		</item>
	</streaminginfo>
	<streaminginfo>
		<cname>Wesal Tv</cname>
		<item>
			<title>Kurdi low</title>
			<link>http://188.40.138.23/hls/wesk_lq/index.m3u8|User-Agent: Mozilla/5.0 (Linux; U; Android 2.2; en-us; Nexus One Build/FRF91) AppleWebKit/533.1 (KHTML, like Gecko) Version/4.0 Mobile Safari/533.1</link>
		</item>
	</streaminginfo>	
	
	<streaminginfo>
		<cname>Wesal Tv</cname>
		<item>
			<title>Haq high</title>
			<link>http://188.40.138.23/hls/wesh/index.m3u8|User-Agent: Mozilla/5.0 (Linux; U; Android 2.2; en-us; Nexus One Build/FRF91) AppleWebKit/533.1 (KHTML, like Gecko) Version/4.0 Mobile Safari/533.1</link>
		</item>
	</streaminginfo>
	<streaminginfo>
		<cname>Wesal Tv</cname>
		<item>
			<title>Haq low</title>
			<link>http://188.40.138.23/hls/wesh_lq/index.m3u8|User-Agent: Mozilla/5.0 (Linux; U; Android 2.2; en-us; Nexus One Build/FRF91) AppleWebKit/533.1 (KHTML, like Gecko) Version/4.0 Mobile Safari/533.1</link>
		</item>
	</streaminginfo>
	<streaminginfo>
		<cname>Wesal Tv</cname>
		<item>
			<title>English high</title>
			<link>http://188.40.138.23/hls/wesen/index.m3u8|User-Agent: Mozilla/5.0 (Linux; U; Android 2.2; en-us; Nexus One Build/FRF91) AppleWebKit/533.1 (KHTML, like Gecko) Version/4.0 Mobile Safari/533.1</link>
		</item>
	</streaminginfo>
	<streaminginfo>
		<cname>Wesal Tv</cname>
		<item>
			<title>English low</title>
			<link>http://188.40.138.23/hls/wesen_lq/index.m3u8|User-Agent: Mozilla/5.0 (Linux; U; Android 2.2; en-us; Nexus One Build/FRF91) AppleWebKit/533.1 (KHTML, like Gecko) Version/4.0 Mobile Safari/533.1</link>
		</item>
	</streaminginfo>
	<streaminginfo>
		<cname>ALFALASTINIAH</cname>
		<item>
			<title>flv</title>
			<link>rtmp://46.43.64.166:1935/flv/flv timeout=20</link>
		</item>
	</streaminginfo>
<streaminginfo>
	<cname>alwatan</cname>
	<item>
	<title>Low</title>
	<link>http://wpc.c56b.edgecastcdn.net/hls-live/20C56B/default/ThompsanECWTV/tsecwatantvlow.m3u8</link>
	</item>
</streaminginfo>
<streaminginfo>
	<cname>alwatan</cname>
	<item>
	<title>Med</title>
	<link>http://wpc.c56b.edgecastcdn.net/hls-live/20C56B/default/ThompsanECWTV/tsecwatantvmed.m3u8</link>
	</item>
</streaminginfo>
<streaminginfo>
	<cname>alwatan</cname>
	<item>
	<title>High</title>
	<link>http://wpc.c56b.edgecastcdn.net/hls-live/20C56B/default/ThompsanECWTV/tsecwatantvhigh.m3u8</link>
	</item>
</streaminginfo>
<streaminginfo>
	<cname>Alwatan Plus</cname>
	<item>
	<title>Low</title>
	<link>http://wpc.C56B.edgecastcdn.net/hls-live/20C56B/default/ThompsanECWTV/tsecwatantvpluslow.m3u8</link>
	</item>
</streaminginfo>
<streaminginfo>
	<cname>Alwatan Plus</cname>
	<item>
	<title>Med</title>
	<link>http://wpc.C56B.edgecastcdn.net/hls-live/20C56B/default/ThompsanECWTV/tsecwatantvplusmed.m3u8</link>
	</item>
</streaminginfo>
<streaminginfo>
	<cname>Alwatan Plus</cname>
	<item>
	<title>High</title>
	<link>http://wpc.C56B.edgecastcdn.net/hls-live/20C56B/default/ThompsanECWTV/tsecwatantvplushigh.m3u8</link>
	</item>
</streaminginfo>
<streaminginfo>
	<cname>Alwatan Ghanawi</cname>
	<item>
	<title>Low</title>
	<link>http://wpc.C56B.edgecastcdn.net/hls-live/20C56B/default/ThompsanECWTV/tsecwatanghanawilow.m3u8</link>
	</item>
</streaminginfo>
<streaminginfo>
	<cname>Alwatan Ghanawi</cname>
	<item>
	<title>Med</title>
	<link>http://wpc.C56B.edgecastcdn.net/hls-live/20C56B/default/ThompsanECWTV/tsecwatanghanawimed.m3u8</link>
	</item>
</streaminginfo>
<streaminginfo>
	<cname>Alwatan Ghanawi</cname>
	<item>
	<title>High</title>
	<link>http://wpc.C56B.edgecastcdn.net/hls-live/20C56B/default/ThompsanECWTV/tsecwatanghanawihigh.m3u8</link>
	</item>
</streaminginfo>
	<streaminginfo>
		<cname>BFMTV</cname>
		<item>
			<title>m3u8</title>
			<link>http://bfmlive2-i.akamaihd.net/hls/live/214427/bfmtv/04.m3u8</link>
		</item>
	</streaminginfo>
	<streaminginfo>
		<cname>Dream 1</cname>
		<item>
			<title>rtmp</title>
			<link>rtmp://85.91.143.23/87521//87521.stream timeout=20</link>
		</item>
	</streaminginfo>
	
	<streaminginfo>
		<cname>Dubai</cname>
		<item>
		<title>Low_160</title>
		<link>rtmp://wms03.endavomedia.com:1935/dmilivedubaitv/dmilivedubaitv_1 timeout=20</link>
		</item>
	</streaminginfo>
<streaminginfo>
		<cname>Dubai</cname>
		<item>
			<title>Low 320</title>
			<link>rtmp://wms03.endavomedia.com:1935/dmilivedubaitv/dmilivedubaitv_2 timeout=20</link>
		</item>
</streaminginfo>
<streaminginfo>
		<cname>Med</cname>
		<item>
			<title>Med_640</title>
			<link>rtmp://wms03.endavomedia.com:1935/dmilivedubaitv/dmilivedubaitv_3 timeout=20</link>
		</item>
</streaminginfo>
<streaminginfo>
		<cname>Dubai</cname>
		<item>
			<title>High_720</title>
			<link>rtmp://wms03.endavomedia.com:1935/dmilivedubaitv/dmilivedubaitv_4 timeout=20</link>
		</item>
</streaminginfo>		
    <streaminginfo>
		<cname>Alarabiya Ahdas</cname>
		<item>
			<title>alarabiya.tv</title>
			<link>http://livestream7.alarabiya.tv/i/live_1@187753/master.m3u8</link>
		</item>
	</streaminginfo>
	
	<streaminginfo>
		<cname>EnnaharTV algerie</cname>
		<item>
			<title>Low</title>
			<link>http://live.ennahartv.net/live/EnnaharTV/playlist.m3u8</link>
		</item>
	</streaminginfo>
	
	<streaminginfo>
		<cname>France 24 FR</cname>
		<item>
			<title>france24.com</title>
			<link>http://tv.flux.france24.com/4684/02.m3u8</link>
		</item>
	</streaminginfo>
	<streaminginfo>
		<cname>Iqra</cname>
		<item>
			<title>ME</title>
			<link>http://fl1.viastreaming.net/iqraatv/livestream/playlist.m3u8</link>
		</item>
	</streaminginfo>
	<streaminginfo>
		<cname>Iqra</cname>
		<item>
			<title>asia</title>
			<link>http://fl1.viastreaming.net/iqraatv2/livestream/playlist.m3u8</link>
		</item>
	</streaminginfo>
	<streaminginfo>
		<cname>Iqra</cname>
		<item>
			<title>america</title>
			<link>http://fl1.viastreaming.net/iqraatv1/livestream/playlist.m3u8</link>
		</item>
	</streaminginfo>
	<streaminginfo>
		<cname>Iqra</cname>
		<item>
			<title>europe</title>
			<link>http://fl1.viastreaming.net/iqraatv3/livestream/playlist.m3u8</link>
		</item>
	</streaminginfo>
	<streaminginfo>
		<cname>SkyNewsArabia</cname>
		<item>
		<title>livestation SD</title>
		<link>rtmp://hd7.lsops.net/live/ playpath=skynewsi_ar_372 swfUrl=http://static.ls-cdn.com/player/5.10/livestation-player.swf?1375015323 pageUrl=http://www.livestation.com/ar/channels/sky-news-arabia live=1 timeout=20</link>
		</item>
	</streaminginfo>
<streaminginfo>
		<cname>DW Arabic</cname>
		<item>
			<title>Asia</title>
			<link>http://www.metafilegenerator.de/DWelle/tv-asia/ios/master.m3u8</link>
		</item>
</streaminginfo>
<streaminginfo>
		<cname>DW Arabic</cname>
		<item>
			<title>Europe</title>
			<link>http://www.metafilegenerator.de/DWelle/tv-europa/ios/master.m3u8</link>
		</item>
</streaminginfo>
<streaminginfo>
		<cname>DW Arabic</cname>
		<item>
			<title>Latinoamerica</title>
			<link>http://www.metafilegenerator.de/DWelle/tv-latinoamerica/ios/master.m3u8</link>
		</item>
</streaminginfo>

	<streaminginfo>
		<cname>DW Arabic</cname>
		<item>
			<title>Arabic</title>
			<link>http://www.metafilegenerator.de/DWelle/tv-arabia/ios/master.m3u8</link>
		</item>
	</streaminginfo>
	<streaminginfo>
		<cname>alnabaa</cname>
		<item>
			<title> livestation</title>
			<link>rtmp://alnabaa.lsops.net/live playpath=alnabaa_ar_584 swfUrl=http://static.ls-cdn.com/player/5.10/livestation-player.swf?1375015323 pageUrl=http://www.livestation.com/ar/al_nabaa live=1 timeout=20</link>
		</item>
	</streaminginfo>

<streaminginfo>
    <cname>Alkitab</cname>
	<item>
	<title>Low</title>
	<link>rtmp://egservers.com/alkitab.live playpath=mp4:mystream.mp4 swfUrl=http://www.alkitab.ps/live/player.swf pageUrl=http://www.alkitab.ps/live/ live=1 timeout=20</link>
	</item>
</streaminginfo>
<streaminginfo>
    <cname>Alaqsa</cname>
	<item>
	<title>Med</title>
	<link>rtmp://5.9.151.112:1935/live/livestream swfUrl=http://5.9.151.112/swfs/SampleMediaPlayback.swf pageUrl=http://5.9.151.112/player.html live=1 timeout=20</link>
	</item>
</streaminginfo>
<streaminginfo>
    <cname>Palestine AlYawm</cname>
	<item>
	<title>Med:f4m You need to install f4m_tester addon from Shani Repo</title>
	<link>plugin://plugin.video.f4mTester/?url=http://live.paltoday.tv:1935/paltv/live/manifest.f4m</link>
	</item>
</streaminginfo>

<streaminginfo>
   	<cname>Palestine AlYawm</cname>
	<item>
	<title>Med</title>
	<link>http://live.paltoday.tv:1935/paltv/live/playlist.m3u8</link>
	</item>
</streaminginfo>
<streaminginfo>
   	<cname>Palestine AlYawm</cname>
	<item>
	<title>High</title>
	<link>http://live.sonara.net:1935/live/live1/gmswf.m3u8</link>
	</item>
</streaminginfo>
<streaminginfo>
   	<cname>OTV Lebanon</cname>
	<item>
	<title>Low</title>
	<link>http://livestreaming.itworkscdn.net/otvmobile/otvlive_3/playlist.m3u8</link>
	</item>
</streaminginfo>
<streaminginfo>
   	<cname>OTV Lebanon</cname>
	<item>
	<title>Med</title>
	<link>http://livestreaming.itworkscdn.net/otvmobile/otvlive_2/playlist.m3u8</link>
	</item>
</streaminginfo>
<streaminginfo>
   	<cname>OTV Lebanon</cname>
	<item>
	<title>High</title>
	<link>http://livestreaming.itworkscdn.net/otvmobile/otvlive_1/playlist.m3u8</link>
	</item>
</streaminginfo>
<streaminginfo>
   	<cname>Alqudis</cname>
	<item>
	<title>Low</title>
	<link>rtmp://196.205.23.142:1935/livepkgr/livestream?adbe-live-event=liveevent swfUrl=http://www.qudstv.com/player.swf pageUrl=http://www.qudstv.com/LiveFeed.aspx live=1 timeout=20</link>
	</item>
</streaminginfo>

<streaminginfo>
   	<cname>NBN</cname>
	<item>
	<title>Low</title>
	<link>rtmp://lived.nbn.com.lb/nbn playpath=mpegts.stream swfUrl=http://www.nbn.com.lb/live/flowplayer/flowplayer-3.2.16.swf pageUrl=http://www.nbn.com.lb/live/ live=1 timeout=15</link>
	</item>
</streaminginfo>
<streaminginfo>
    <cname>Al Eman</cname>
	<item>
	<title>Low</title>
	<link>http://liven.alimantv.com/liveimn.isml/manifest(format=m3u8-aapl).m3u8</link>
	</item>
</streaminginfo>


<streaminginfo>
    <cname>Shada</cname>
	<item>
	<title>Low</title>
	<link>http://38.96.148.147:1935/live/livestream/playlist.m3u8</link>
	</item>
</streaminginfo>


<streaminginfo>
    <cname>Roya</cname>
	<item>
	<title>300kB_Low</title>
	<link>http://212.35.75.130/3330/playlist.m3u8?email=tac@umniah.com&amp;password=2acc51f15bbba0a9ad4bab6da0ff0c81&amp;lq=1</link>
	</item>
</streaminginfo>
<streaminginfo>
    <cname>Roya</cname>
	<item>
	<title>750kB_High</title>
	<link>http://212.35.75.130/3330/playlist.m3u8?email=tac@umniah.com&amp;password=2acc51f15bbba0a9ad4bab6da0ff0c81</link>
	</item>
</streaminginfo>


<streaminginfo>
    <cname>7Stars</cname>
	<item>
	<title>Med</title>
	<link>rtmp://194.165.136.150/live playpath=myStream swfUrl=http://7stars.tv/Modules/Mdameer.JWPlayer/Contents/player.swf live=1 pageUrl=http://7stars.tv/ timeout=20</link>
	</item>
</streaminginfo>
<streaminginfo>
    <cname>Royal Secret</cname>
	<item>
	<title>High:f4m You need to install f4m_tester addon from Shani Repo</title>
	<link>plugin://plugin.video.f4mTester/?url=http://streamer11.elementssys.com:8080/secretsx/archive/1402845244/now/manifest.f4m</link>
	</item>
</streaminginfo>
<streaminginfo>
	<cname>Royal Secret</cname>
	<item>
	<title>High</title>
	<link>http://94.127.209.149:8080/secretsx/playlist.m3u8</link>
	</item>
</streaminginfo>
<streaminginfo>
    <cname>Royal Edhak</cname>
	<item>
	<title>High: f4m You need to install f4m_tester addon from Shani Repo</title>
	<link>plugin://plugin.video.f4mTester/?url=http://streamer11.elementssys.com:8080/edhakx/archive/1402844819/now/manifest.f4m</link>
	</item>
</streaminginfo>
<streaminginfo>
	<cname>Royal Edhak</cname>
	<item>
	<title>High</title>
	<link>http://94.127.209.149:8080/edhakx/playlist.m3u8</link>
	</item>
</streaminginfo>

<streaminginfo>
	<cname>Africa</cname>
	<item>
	<title>TV 1</title>
	<link>http://ukk.live.net.sa:1935/live/africatv/playlist.m3u8</link>
	</item>
</streaminginfo>
<streaminginfo>
	<cname>Africa</cname>
	<item>
	<title>TV 2</title>
	<link>http://ukk.live.net.sa:1935/live/africatv2/playlist.m3u8</link>
	</item>
</streaminginfo>
<streaminginfo>
	<cname>Africa</cname>
	<item>
	<title>TV 3</title>
	<link>http://ukk.live.net.sa:1935/live/africatv3/playlist.m3u8</link>
	</item>
</streaminginfo>
<streaminginfo>
	<cname>Asia Sat</cname>
	<item>
	<title>Med</title>
	<link>http://asialive.asiasat.tv:1935/live/asiatv256/playlist.m3u8</link>
	</item>
</streaminginfo>
<streaminginfo>
	<cname>Asia Sat</cname>
	<item>
	<title>Low</title>
	<link>http://asialive.asiasat.tv:1935/live/asiatv128/playlist.m3u8</link>
	</item>
</streaminginfo>
<streaminginfo>
	<cname>Al Maaref</cname>
	<item>
	<title>Med</title>
	<link>http://almaareftv.com:1935/live/1/playlist.m3u8</link>
	</item>
</streaminginfo>
<streaminginfo>
        <cname>Aali</cname>
	<item>
	<title>Low</title>
	<link>http://aasaali-live.smooth.adaptive.level3.net/livefeed/aali/channel01.isml/QualityLevels(264000)/manifest(format=m3u8-aapl).m3u8</link>
	</item>
</streaminginfo> 
<streaminginfo>
        <cname>Aali</cname>
	<item>
	<title>Med</title>
	<link>http://aasaali-live.smooth.adaptive.level3.net/livefeed/aali/channel01.isml/QualityLevels(564000)/manifest(format=m3u8-aapl).m3u8</link>
	</item>
</streaminginfo> 
<streaminginfo>
        <cname>Aali</cname>
	<item>
	<title>Med</title>
	<link>http://aasaali-live.smooth.adaptive.level3.net/livefeed/aali/channel01.isml/QualityLevels(764000)/manifest(format=m3u8-aapl).m3u8</link>
	</item>
</streaminginfo> 
<streaminginfo>
        <cname>Aali</cname>
	<item>
	<title>High</title>
	<link>http://aasaali-live.smooth.adaptive.level3.net/livefeed/aali/channel01.isml/QualityLevels(1364000)/manifest(format=m3u8-aapl).m3u8</link>
	</item>
</streaminginfo>
<streaminginfo>
        <cname>Aali</cname>
	<item>
	<title>High_Mas</title>
	<link>http://aasaali-live.smooth.adaptive.level3.net/livefeed/aali/channel01.isml/Manifest(format=m3u8-aapl).m3u8</link>
	</item>
</streaminginfo> 

 
<streaminginfo>
        <cname>sunnah TV</cname>
	<item>
	<title>Low</title>
	<link>http://46.245.160.224/medine/medine/gmswf.m3u8</link>
	</item>
</streaminginfo>
<streaminginfo>
        <cname>sunnah TV</cname>
	<item>
	<title>Med</title>
	<link>http://46.245.160.224/medine/medine/chunklist_w1303351978.m3u8</link>
	</item>
</streaminginfo>

<streaminginfo>
        <cname>sunnah TV</cname>
	<item>
	<title>High</title>
	<link>http://46.245.160.224/medine/medine/chunklist_w1367115191.m3u8</link>
	</item>
</streaminginfo>
<streaminginfo>
        <cname>Aljazeera</cname>
		<item>
		<title>Low</title>
		<link>http://aljazeera-ara-apple-live.adaptive.level3.net/apple/aljazeera/arabic/160.m3u8</link>
		</item>
</streaminginfo>
<streaminginfo>
        <cname>Aljazeera</cname>
		<item>
		<title>High</title>
		<link>http://aljazeera-ara-apple-live.adaptive.level3.net/apple/aljazeera/arabic/800.m3u8</link>
		</item>
</streaminginfo>
<streaminginfo>
    <cname>Aljazeera Balkans</cname>
	<item><title>Low</title><link>rtmp://aljazeeraflashlivefs.fplive.net/aljazeeraflashlive-live/ playpath=aljazeera_balkans_low swfUrl=http://www.elahmad.com/tv/swf/aljazeera_balkans.swf live=1 PageUrl=http://www.elahmad.com/tv/aljazeera_balkans.php</link></item>
</streaminginfo>
<streaminginfo>
    <cname>Aljazeera Balkans</cname>
	<item><title>Med</title><link>rtmp://aljazeeraflashlivefs.fplive.net/aljazeeraflashlive-live/ playpath=aljazeera_balkans_med swfUrl=http://www.elahmad.com/tv/swf/aljazeera_balkans.swf live=1 PageUrl=http://www.elahmad.com/tv/aljazeera_balkans.php</link></item>
</streaminginfo>

<streaminginfo>
    <cname>Aljazeera Balkans</cname>
	<item><title>High</title><link>rtmp://aljazeeraflashlivefs.fplive.net/aljazeeraflashlive-live/ playpath=aljazeera_balkans_high swfUrl=http://www.elahmad.com/tv/swf/aljazeera_balkans.swf live=1 PageUrl=http://www.elahmad.com/tv/aljazeera_balkans.php</link></item>
</streaminginfo>
<streaminginfo>
	<cname>ERI.TV</cname>
	<item>
	<title>Low</title>
	<link>rtmp://173.192.70.133:1935/live playpath=myStream swfUrl=http://player.longtailvideo.com/player5.9.swf pageUrl=http://eri.tv/ timeout=10</link>
	</item>
</streaminginfo>
<streaminginfo>
<cname>Al Salam</cname>
<item><title>Med</title><link>http://streamer1.hamuraabi.com:1935/salam/live/playlist.m3u8</link></item>
</streaminginfo>

<streaminginfo>
<cname>Aliraqiya</cname>
<item><title>Med</title><link>http://212.7.205.5:1935/Iraqia/live/playlist.m3u8</link></item>
</streaminginfo>

<streaminginfo>
    <cname>Al-Hurria</cname>
<item><title>Low</title><link>http://streamer1.hamuraabi.com:1935/hurria/live/playlist.m3u8</link></item>
</streaminginfo>
<streaminginfo>
    <cname>Al-Hurria</cname>
	<item><title>Med</title>
	<link>http://streamer1.hamuraabi.com:1935/hurria/live/chunklist_w1445668128.m3u8</link>
	</item>
</streaminginfo>

<streaminginfo>
    <cname>Al Etejah</cname>
	<item>
	<title>Med: You need to install f4m_tester addon from Shani Repo</title>
	<link>plugin://plugin.video.f4mTester/?url=http://38.96.175.119:1935/aletejahtv/aletejahtv1/manifest.f4m?DVR</link>
	</item>
</streaminginfo>
<streaminginfo>
<cname>The Way_Christian</cname>
<item><title>Original source</title><link>http://videos.atvsat.com:1935/atvsatlive/atvsatlive1/playlist.m3u8</link></item>
</streaminginfo>

<streaminginfo>
     <cname>AlHayat_Christian</cname>
	 <item>
	<title>Alhayat2</title>
	<link>rtmp://media.islamexplained.com:1935/live/_definst_ playpath=mp4:ahusa.stream_240p swfUrl=http://islamexplained.com/portals/0/public/player.swf live=true </link>
	</item>
</streaminginfo>

<streaminginfo>
     <cname>AlHayat_Christian</cname>
	 <item><title>AlHayat1_Ar Low</title>
	 <link>http://media.islamexplained.com:1935/live/ngrp:ahme.stream_all/chunklist_w162207040_b165536.m3u8</link>
	 </item>
</streaminginfo> 
<streaminginfo>
     <cname>AlHayat_Christian</cname>
	 <item><title>AlHayat1_Ar Med</title>
	 <link>http://media.islamexplained.com:1935/live/ngrp:ahme.stream_all/chunklist_w162207040_b165536.m3u8</link>
	 </item>
</streaminginfo> 
<streaminginfo>
     <cname>AlHayat_Christian</cname>
	 <item><title>AlHayat1_Ar Med</title>
	 <link>http://media.islamexplained.com:1935/live/ngrp:ahme.stream_all/chunklist_w162207040_b415536.m3u8</link>
	 </item>
</streaminginfo> 
<streaminginfo>
     <cname>AlHayat_Christian</cname>
	 <item><title>AlHayat1-Ar High</title>
	 <link>http://media.islamexplained.com:1935/live/ngrp:ahme.stream_all/chunklist_w162207040_b565536.m3u8</link>
	 </item>
</streaminginfo> 
<streaminginfo>
     <cname>AlHayat_Christian</cname>
	 <item><title>AlHayat1_Ar High_Master</title>
	 <link>http://media.islamexplained.com:1935/live/ngrp:ahme.stream_all/playlist.m3u8</link>
	 </item>
</streaminginfo>
<streaminginfo>
<cname>AlHayat_Christian</cname>
<item><title>English Low</title><link>http://media.islamexplained.com:1935/live/ngrp:ahusa.stream_all/playlist.m3u8</link></item>
</streaminginfo>
<streaminginfo>
<cname>Sat7</cname>
	<item><title>Low</title><link>rtmp://unirtmp.tulix.tv:1935/sat7arabic/sat7arabic1 timeout=20</link></item>
	</streaminginfo>
<streaminginfo>
	<cname>Sat7 Kids</cname>
	<item><title>Low</title><link>rtmp://unirtmp.tulix.tv:1935/sat7kids/sat7kids1 timeout=20</link></item>
</streaminginfo>
<streaminginfo>
	<cname>Palestine</cname>
	<item><title>High</title><link>rtmp://vstream2.hadara.ps:1935/pbc/pbc_1 timeout=20</link></item>
</streaminginfo>
<streaminginfo>
	<cname>Al Dafra</cname>
	<item><title>low</title>
	<link>http://live.aldafrah.tv:1935/live/aldafrah1/playlist.m3u8</link>
	</item>
</streaminginfo>
<streaminginfo>
	<cname>Al Dafra</cname>
	<item><title>Med</title>
	<link>http://live.aldafrah.tv:1935/live/aldafrah2/playlist.m3u8</link>
	</item>
</streaminginfo>
<streaminginfo>
	<cname>Al Dafra</cname>
	<item><title>High</title>
	<link>http://live.aldafrah.tv:1935/live/aldafrah3/playlist.m3u8</link>
	</item>
</streaminginfo>

<streaminginfo>
     	<cname>Noor Dubai</cname>
	<item>
	<title>Low 160</title>
	<link>rtmp://wms04.endavomedia.com:1935/dmilivenoordubaitv/dmilivenoordubaitv_1 timeout=20</link>
	</item>
</streaminginfo>

<streaminginfo>
     	<cname>Noor Dubai</cname>
	<item>
	<title>Low</title>
	<link>rtmp://wms04.endavomedia.com:1935/dmilivenoordubaitv/dmilivenoordubaitv_2 timeout=20</link>
	</item>
</streaminginfo>
<streaminginfo>
     	<cname>Noor Dubai</cname>
	<item>
	<title>Med</title>
	<link>rtmp://wms04.endavomedia.com:1935/dmilivenoordubaitv/dmilivenoordubaitv_3 timeout=20</link>
	</item>
</streaminginfo>
<streaminginfo>
     	<cname>Noor Dubai</cname>
	<item>
	<title>High</title>
	<link>rtmp://wms04.endavomedia.com:1935/dmilivenoordubaitv/dmilivenoordubaitv_4 timeout=20</link>
	</item>
</streaminginfo>
<streaminginfo>
    <cname>Noor Dubai</cname>
	<item>
	<title>LowSVR2</title>
	<link>http://cdnedvrnoordubaitv.endavomedia.com/smil:dmilivenoordubaitvhls.smil/chunklist_b463056.m3u8</link>
	</item>
</streaminginfo>
<streaminginfo>
    <cname>Noor Dubai</cname>
	<item>
	<title>Med SVR2</title>
	<link>http://cdnedvrnoordubaitv.endavomedia.com/smil:dmilivenoordubaitvhls.smil/chunklist_b1396736.m3u8</link>
	</item>
</streaminginfo>
<streaminginfo>
    <cname>Noor Dubai</cname>
	<item>
	<title>MedSVR2</title>
	<link>http://cdnedvrnoordubaitv.endavomedia.com/smil:dmilivenoordubaitvhls.smil/chunklist_b270960.m3u8</link>
	</item>
</streaminginfo>
<streaminginfo>
    <cname>Noor Dubai</cname>
	<item>
	<title>HighSVR2</title>
	<link>http://cdnedvrnoordubaitv.endavomedia.com/smil:dmilivenoordubaitvhls.smil/chunklist_b925056.m3u8</link>
	</item>
</streaminginfo>
<streaminginfo>
     <cname>Sama Dubai</cname>
	<item>
	<title>Low</title>
	<link>http://cdnedvrsamadubai.endavomedia.com/smil:dmilivesamadubaihls.smil/chunklist_b270960.m3u8</link>
	</item>
</streaminginfo>
<streaminginfo>
     <cname>Sama Dubai</cname>
	<item>
	<title>Med</title>
	<link>http://cdnedvrsamadubai.endavomedia.com/smil:dmilivesamadubaihls.smil/chunklist_b925056.m3u8</link>
	</item>
</streaminginfo>

<streaminginfo>
     <cname>Sama Dubai</cname>
	<item>
	<title>Med</title>
	<link>http://cdnedvrsamadubai.endavomedia.com/smil:dmilivesamadubaihls.smil/chunklist_b463056.m3u8</link>
	</item>
</streaminginfo>

<streaminginfo>
     <cname>Sama Dubai</cname>
	<item>
	<title>High</title>
	<link>http://cdnedvrsamadubai.endavomedia.com/smil:dmilivesamadubaihls.smil/chunklist_b1396736.m3u8</link>
	</item>
</streaminginfo>

<streaminginfo>
     	<cname>Sama Dubai</cname>
	<item>
	<title>High_master</title>
	<link>http://cdnedvrsamadubai.endavomedia.com/smil:dmilivesamadubaihls.smil/playlist.m3u8</link>
	</item>
</streaminginfo>
<streaminginfo>
     	<cname>Dubai</cname>
	<item>
	<title>High</title>
	<link>http://cdnedvrdubaitv.endavomedia.com/smil:dmilivedubaitvhls.smil/playlist.m3u8</link>
	</item>
</streaminginfo>
<streaminginfo>
     	<cname>Dubai Sport 3</cname>
	<item>
	<title>Low</title>
	<link>http://cdnehlsdubaisports3.endavomedia.com/smil:dmilivedubaisports3.smil/chunklist_b270960.m3u8</link>
	</item>
</streaminginfo>
<streaminginfo>
     	<cname>Dubai Sport 3</cname>
	<item>
	<title>High</title>
	<link>http://dmilivedubaisports3.ios.internapcdn.net/dmiLiveDubaiSports3/live_1/dmilivedubaisports3_3/CCURstream1029600.m3u8</link>
	</item>
</streaminginfo>
<streaminginfo>
     	<cname>Dubai Sport 3</cname>
	<item>
	<title>High</title>
	<link>http://cdnehlsdubaisports3.endavomedia.com/smil:dmilivedubaisports3.smil/chunklist_b1100000.m3u8</link>
	</item>
</streaminginfo>
<streaminginfo>
     <cname>Karbala</cname>
<item>
<title>High</title>
<link>rtmp://KarbalaTV.secureflash.internapcdn.net/ app=$doregex[get-app] playpath=karbalatv swfUrl=http://karbalatv.http.internapcdn.net/KarbalaTV/jwplayer58L/player.swf pageUrl=http://www.karbala-tv.net/live.php live=true timeout=15</link>
<regex>
<name>get-app</name>
<expres>rtmp.*net\/([^&amp;]*)</expres>
<page>http://www.karbala-tv.net/live.php</page>
</regex>
</item>
</streaminginfo>

<streaminginfo>
     <cname>Egypt 1</cname>
	<item>
	<title>Low</title>
	<link>rtmp://livestreaming4.onlinehorizons.net/ app=ERTUCH1 playpath=livestream swfUrl=http://onlinehorizons.net/livestreaming/ertu/player.swf pageUrl=http://onlinehorizons.net/livestreaming/ertu/indexch1.html live=true timeout=15</link>
	</item>
</streaminginfo>
<streaminginfo>
     <cname>Al Masriyah</cname>
<item>
<title>Low</title>
<link>rtmp://livestreaming4.onlinehorizons.net/ app=ERTUEgy playpath=livestream swfUrl=http://onlinehorizons.net/livestreaming/ertu/player.swf pageUrl=http://onlinehorizons.net/livestreaming/ertu/indexch1.html live=true timeout=15</link>
</item>
</streaminginfo>

<streaminginfo>
     <cname>Egypt 2</cname>
	<item>
	<title>Low</title>
	<link>rtmp://livestreaming4.onlinehorizons.net/ app=ERTUCH2 playpath=livestream swfUrl=http://onlinehorizons.net/livestreaming/ertu/player.swf pageUrl=http://onlinehorizons.net/livestreaming/ertu/indexch2.html live=true timeout=15</link>
	</item>
</streaminginfo>
<streaminginfo>
    <cname>Aghani</cname>
	<item>
	<title>Low</title>
	<link>rtmp://mobilestreaming.itworkscdn.com/aghanitv/aghanitv app=aghanitv/ pageUrl=http://www.freetv247.com/content/aghani-aghani-tv swfUrl=http://p.jwpcdn.com/6/7/jwplayer.flash.swf playPath=aghanitv swfVfy=true live=true timeout=10</link>
	</item>
</streaminginfo>
<streaminginfo>
        <cname>Alarabiya</cname>
	<item>
	<title>Low</title>
	<link>http://livestream2.alarabiya.tv/files/mainarabia.m3u8</link>
	</item>
</streaminginfo>
<streaminginfo>
        <cname>Alarabiya</cname>
	<item>
	<title>SD</title>
	<link>http://livestream5.alarabiya.tv/i/live_1@141854/index_1_av-p.m3u8?sd=10&amp;rebase=on</link>
	</item>
</streaminginfo>


<streaminginfo>
    <cname>Royal Albadawiya</cname>
	<item>
	<title>Low: You need to install f4m_tester addon from Shani Repo</title>
	<link>plugin://plugin.video.f4mTester/?url=http://94.127.209.149:8080/albadawiyah-400-hlsx/manifest.f4m</link>
	</item>
</streaminginfo>

<streaminginfo>
    <cname>Royal Albadawiya</cname>
	<item>
	<title>High: You need to install f4m_tester addon from Shani Repo</title>
	<link>plugin://plugin.video.f4mTester/?url=http://streamer11.elementssys.com:8080/albadawiyah-800-hdsx/archive/1400931061/now/manifest.f4m</link>
	</item>
</streaminginfo>

<streaminginfo>
	<cname>Royal Albadawiya</cname>
	<item>
	<title>Med</title>
	<link>http://94.127.209.149:8080/albadawiyah-400-hlsx/playlist.m3u8</link>
	</item>
</streaminginfo>

<streaminginfo>
	<cname>Royal Albadawiya</cname>
	<item>
	<title>High</title>
	<link>http://94.127.209.149:8080/albadawiyah-800-hdsx/playlist.m3u8</link>
	</item>
</streaminginfo>


<streaminginfo>
        <cname>Russia Alyaum</cname>
	<item>
	<title>HD 720p</title>
	<link>http://odna.octoshape.net/f3f5m2v4/cds/ch3_720p/chunklist.m3u8</link>
	</item>
</streaminginfo>

<streaminginfo>
        <cname>Russia Alyaum</cname>
	<item>
	<title>High Quality 420p</title>
	<link>http://odna.octoshape.net/f3f5m2v4/cds/ch3_480p/chunklist.m3u8</link>
	</item>
</streaminginfo>

<streaminginfo>
        <cname>Russia Alyaum</cname>
	<item>
	<title>Medium Quality 320p</title>
	<link>http://odna.octoshape.net/f3f5m2v4/cds/ch3_320p/chunklist.m3u8</link>
	</item>
</streaminginfo>
<streaminginfo>
    	<cname>Ajyal</cname>
	<item>
	<title>Med</title>
	<link>rtmp://ib12.islambox.tv/live/?v=hghpl]=a2V5bGl2ZTIxNy0yMzAtMjIzLTIwMjIwMTQtMDUtMjQtMTEtNTAtNDY=/vb008_ajial.stream?</link>
	</item>
</streaminginfo>
<streaminginfo>
    <cname>Al sahraa</cname>
	<item>
	<title>Sahara 2 Low</title>
	<link>rtmp://79.134.137.65:1935/liveS2/Sahraa2.stream swfVfy=true live=true timeout=20</link>
	</item>
</streaminginfo>
<streaminginfo>
    <cname>Al sahraa</cname>
	<item>
	<title>sahara 1 Low</title>
	<link>rtmp://79.134.137.65:1935/live/Sahraa.stream swfVfy=true live=true timeout=20</link>
	</item>
</streaminginfo>

<streaminginfo>
        <cname>New Media</cname>
	<item>
	<title>Low</title>
	<link>http://130.255.190.142:1935/live/numidia/chunklist_w1397340134.m3u8</link>
	</item>
</streaminginfo>
<streaminginfo>
        <cname>Sepida</cname>
	<item>
	<title>Low</title>
	<link>rtmp://sepidehlive.nanocdn.com:1935/live/sepideh256</link>
	</item>
</streaminginfo>
<streaminginfo>
        <cname>Al-hurra Iraq</cname>
	<item>
	<title>Low</title>
	<link>rtmp://cp51007.live.edgefcs.net:80/live?ovpfv=2.1.6/Alhurra_Flash@15 swfUrl=http://p.jwpcdn.com/6/7/jwplayer.flash.swf live=1 pageUrl=http://www.alhurra.com/info/english/112.html</link>
	</item>
</streaminginfo>

<streaminginfo>
        <cname>Al Alam</cname>
	<item>
	<title>SD</title>
	<link>rtmp://fml.BE1E.edgecastcdn.net/20BE1E/HLS/AlalamHLS timeout=15 swfUrl=http://www.alalam.ir/files/flowplayer.commercial-3.2.16.swf live=1 pageUrl=http://www.alalam.ir/live</link>
	</item>
</streaminginfo>
<streaminginfo>
        <cname>Al Alam</cname>
	<item>
	<title>livestation high</title>
	<link>http://wpc.c1a9.edgecastcdn.net/hls-live/20C1A9/alalam/ls_fiber/b_828.m3u8</link>
	</item>
</streaminginfo><streaminginfo>
        <cname>Al Alam</cname>
	<item>
	<title>livestation med</title>
	<link>http://wpc.c1a9.edgecastcdn.net/hls-live/20C1A9/alalam/ls_fiber/b_528.m3u8</link>
	</item>
</streaminginfo>

<streaminginfo>
        <cname>Euro News Arabic</cname>
	<item>
	<title>Low</title>
	<link>http://hd1.lsops.net/live/smil:euronews_ar.smil/playlist.m3u8</link>
	</item>
</streaminginfo>
<streaminginfo>
        <cname>Orient News</cname>
	<item>
	<title>Low</title>
	<link>rtmp://67.228.105.241/live/ playpath=live1 swfUrl=http://orient-tv.net/live/jwplayer/player.swf pageUrl=http://orient-tv.net/live/ live=true</link>
	</item>
</streaminginfo>
<streaminginfo>
        <cname>Orient News</cname>
	<item>
	<title>Med</title>
	<link>rtmp://67.228.105.241/live/ playpath=live2 swfUrl=http://orient-tv.net/live/jwplayer/player.swf pageUrl=http://orient-tv.net/live/ live=true</link>
	</item>
</streaminginfo>
<streaminginfo>
        <cname>Orient News</cname>
	<item>
	<title>High</title>
	<link>rtmp://67.228.105.241/live/ playpath=live3 swfUrl=http://orient-tv.net/live/jwplayer/player.swf pageUrl=http://orient-tv.net/live/ live=true</link>
	</item>
</streaminginfo>
<streaminginfo>
        <cname>Nile Sport</cname>
	<item>
	<title>Low</title>
	<link>rtmp://livestreaming4.onlinehorizons.net/NTNNileSport playpath=livestream swfUrl=http://niletc.tv/player/player.swf live=1 pageUrl=http://niletc.tv/stream.php?ch=sport swfVfy=true live=true timeout=60</link>
	</item>
</streaminginfo>


<streaminginfo>
        <cname>Nile Comedy</cname>
	<item>
	<title>ow</title>
	<link>rtmp://livestreaming4.onlinehorizons.net/NTNNileComedy/ playpath=livestream swfUrl=http://niletc.tv/player/player.swf pageUrl=http://niletc.tv/stream.php?ch=comedy swfVfy=true live=true timeout=60</link>
	</item>
</streaminginfo>
<streaminginfo>
        <cname>Nile Cinema</cname>
	<item>
	<title>Low</title>
	<link>rtmp://livestreaming4.onlinehorizons.net/NTNNileCinema playpath=livestream swfUrl=http://niletc.tv/player/player.swf live=1 pageUrl=http://niletc.tv/stream.php?ch=cinema</link>
	</item>
</streaminginfo>

<streaminginfo>
        <cname>Nile Culture</cname>
	<item>
	<title>Low</title>
	<link>rtmp://livestreaming4.onlinehorizons.net/NTNNileCulture playpath=livestream swfUrl=http://niletc.tv/player/player.swf live=1 pageUrl=http://niletc.tv/stream.php?ch=culture</link>
	</item>
</streaminginfo>

<streaminginfo>
        <cname>Nile Family</cname>
	<item>
	<title>Low</title>
	<link>rtmp://livestreaming4.onlinehorizons.net/NTNNileFamily playpath=livestream swfUrl=http://niletc.tv/player/player.swf live=1 pageUrl=http://niletc.tv/stream.php?ch=family</link>
	</item>
</streaminginfo>
<streaminginfo>
        <cname>Nile Life</cname>
	<item>
	<title>Low</title>
	<link>rtmp://livestreaming4.onlinehorizons.net/NTNNileLife playpath=livestream swfUrl=http://niletc.tv/player/player.swf live=1 pageUrl=http://niletc.tv/stream.php?ch=life</link>
	</item>
</streaminginfo>

<streaminginfo>
        <cname>Nile Drama</cname>
	<item>
	<title>Low</title>
	<link>rtmp://livestreaming4.onlinehorizons.net/NTNNileDrama playpath=livestream?ch=drama swfUrl=http://ntn.onlinehorizons.net/player/player.swf pageUrl=http://www.ntnegypt.net/stream.php live=1</link>
	</item>
</streaminginfo>

<streaminginfo>
        <cname>Al Nahar Sport</cname>
		<item>
		<title>Low</title>
		<link>rtmp://50.7.180.18:1935/elnahar_tv/nahar_sportprofile2.stream timeout=20</link>
		</item>
</streaminginfo>
<streaminginfo>
        <cname>Al Nahar Sport</cname>
		<item>
		<title>Med</title>
		<link>rtmp://50.7.180.18:1935/elnahar_tv/nahar_sportprofile1.stream timeout=20</link>
		</item>
</streaminginfo>
<streaminginfo>
        <cname>Al Nahar Sport</cname>
		<item>
		<title>High</title>
		<link>rtmp://50.7.180.18:1935/elnahar_tv/nahar_sport.stream timeout=20</link>
		</item>
</streaminginfo>

<streaminginfo>
        <cname>Al Nahar</cname>
		<item>
		<title>Low</title>
		<link>rtmp://50.7.180.18/elnahar_tv/nahar_tvprofile2.stream timeout=20</link>
		</item>
</streaminginfo>
<streaminginfo>
        <cname>Al Nahar</cname>
		<item>
		<title>Med</title>
		<link>rtmp://50.7.180.18/elnahar_tv/nahar_tvprofile1.stream timeout=20</link>
		</item>
</streaminginfo>
<streaminginfo>
        <cname>Al Nahar</cname>
		<item>
		<title>High</title>
		<link>rtmp://50.7.180.18/elnahar_tv/nahar_tv.stream timeout=20</link>
		</item>
</streaminginfo>

<streaminginfo>
        <cname>Al-Nahar Drama</cname>
		<item>
		<title>Low</title>
		<link>rtmp://50.7.180.18/elnahar_tv/nahar_dramaprofile2.stream timeout=20</link>
		</item>
</streaminginfo>
<streaminginfo>
        <cname>Al-Nahar Drama</cname>
		<item>
		<title>Med</title>
		<link>rtmp://50.7.180.18/elnahar_tv/nahar_dramaprofile1.stream timeout=20</link>
		</item>
</streaminginfo>
<streaminginfo>
        <cname>Al-Nahar Drama</cname>
		<item>
		<title>High</title>
		<link>rtmp://50.7.180.18/elnahar_tv/nahar_drama.stream timeout=20</link>
		</item>
</streaminginfo>

<streaminginfo>
        <cname>Al Nahar 2</cname>
		<item>
		<title>Low</title>
		<link>http://50.7.180.18:1935/nahar1/smil:alnahar2-smil.smil/chunklist_w807401159_b332768.m3u8</link>
		</item>
</streaminginfo>
<streaminginfo>
        <cname>Al Nahar 2</cname>
		<item>
		<title>Med</title>
		<link>http://50.7.180.18:1935/nahar1/smil:alnahar2-smil.smil/chunklist_w807401159_b632768.m3u8</link>
		</item>
</streaminginfo>
<streaminginfo>
        <cname>Al Nahar 2</cname>
		<item>
		<title>High</title>
		<link>http://50.7.180.18:1935/nahar1/smil:alnahar2-smil.smil/chunklist_w807401159_b1875968.m3u8</link>
		</item>
</streaminginfo>
<streaminginfo>
        <cname>Al Nahar 2</cname>
		<item>
		<title>High_master</title>
		<link>http://50.7.180.18:1935/nahar1/smil:alnahar2-smil.smil/playlist.m3u8</link>
		</item>
</streaminginfo>

<streaminginfo>
        <cname>Oman</cname>
	<item>
	<title>Med</title>
	<link>http://38.96.148.30:1935/live/omantv1/chunklist.m3u8</link>
	</item>
</streaminginfo>
<streaminginfo>
        <cname>Quran TV ksa</cname>
	<item>
	<title>Med</title>
	<link>rtmp://208.75.224.165:1935/map-alquraan/map-alquraan.stream</link>
	</item>
</streaminginfo>


<streaminginfo>
        <cname>sunnah TV</cname>
	<item>
	<title>Low</title>
	<link>rtmp://myafricanmega.tulix.tv:1935/map-alsunnah/map-alsunnah.stream timeout=20</link>
	</item>
</streaminginfo>

<streaminginfo>
        <cname>Dubai Racing</cname>
	<item>
	<title>Low</title>
	<link>rtsp://wms04.endavomedia.com:1935/dmilivedubairacing2/dmilivedubairacing2_1 timeout=20</link>
	</item>
</streaminginfo>
<streaminginfo>
    <cname>Dubai Racing</cname>
	<item>
	<title>High</title>
	<link>rtsp://wms04.endavomedia.com:1935/dmilivedubairacing2/dmilivedubairacing2_3 timeout=20</link>
	</item>
</streaminginfo>
<streaminginfo>
        <cname>Dubai Racing</cname>
	<item>
	<title>High_m3u8</title>
	<link>http://cdnehlsdubairacing2.endavomedia.com/smil:dmilivedubairacing2.smil/playlist.m3u8</link>
	</item>
</streaminginfo>

<streaminginfo>
        <cname>Dubai One</cname>
	<item>
	<title>High_smil</title>
	<link>http://cdnedvrdubaione.endavomedia.com/smil:dmilivedubaione.smil/playlist.m3u8</link>
	</item>
</streaminginfo>

<streaminginfo>
        <cname>Ahlulbayt</cname>
	<item>
	<title>Med</title>
	<link>rtmp://46.23.67.34:1935/live/livestream1.sdp</link>
	</item>
</streaminginfo>

<streaminginfo>
        <cname>TRT Arabic</cname>
	<item>
	<title>High</title>
	<link>rtmp://re.trtcdn.com/tv/ playpath=trtarapca_3 swfUrl=http://gusto.trt.net.tr/VideoPlayer/player.swf live=true pageUrl=http://radyodelisi.blogspot.com/2013/02/trt-arapca.htm</link>
	</item>
</streaminginfo>
<streaminginfo>
        <cname>TRT Arabic</cname>
	<item>
	<title>Low</title>
	<link>rtmp://si.trtcdn.com/tv/trtarapca/mp4:trtarapca_1 timeout=20</link>
	</item>
</streaminginfo>
<streaminginfo>
        <cname>TRT Arabic</cname>
	<item>
	<title>Med</title>
	<link>rtmp://si.trtcdn.com/tv/trtarapca/mp4:trtarapca_2 timeout=20</link>
	</item>
</streaminginfo>
<streaminginfo>
        <cname>TRT Arabic</cname>
	<item>
	<title>High</title>
	<link>rtmp://si.trtcdn.com/tv/trtarapca/mp4:trtarapca_3 timeout=20</link>
	</item>
</streaminginfo>

<streaminginfo>
   	<cname>Syria Aloula</cname>
	<item>
	<title>Low</title>
	<link>http://82.137.248.21:1935/Aloula/AloulaLive1/playlist.m3u8</link>
	</item>
</streaminginfo>
<streaminginfo>
   	<cname>Syria Aloula</cname>
	<item>
	<title>Med</title>
	<link>http://82.137.248.21:1935/Aloula/AloulaLive2/playlist.m3u8</link>
	</item>
</streaminginfo>
<streaminginfo>
   	<cname>Syria Aloula</cname>
	<item>
	<title>High</title>
	<link>http://82.137.248.21:1935/Aloula/AloulaLive3/playlist.m3u8</link>
	</item>
</streaminginfo>
<streaminginfo>
   	<cname>Syria Drama</cname>
	<item>
	<title>Low</title>
	<link>http://82.137.248.21:1935/Drama/DramaLive1/playlist.m3u8</link>
	</item>
</streaminginfo>

<streaminginfo>
   	<cname>Syria Drama</cname>
	<item>
	<title>Med</title>
	<link>http://82.137.248.21:1935/Drama/DramaLive2/playlist.m3u8</link>
	</item>
</streaminginfo>

<streaminginfo>
   	<cname>Syria Drama</cname>
	<item>
	<title>High</title>
	<link>http://82.137.248.21:1935/Drama/DramaLive3/playlist.m3u8</link>
	</item>
</streaminginfo>
<streaminginfo>
   	<cname>Syria</cname>
	<item>
	<title>Low</title>
	<link>http://82.137.248.16:1935/Sat/SatLive1/playlist.m3u8</link>
	</item>
</streaminginfo>
<streaminginfo>
   	<cname>Syria</cname>
	<item>
	<title>Med</title>
	<link>http://82.137.248.16:1935/Sat/SatLive2/playlist.m3u8</link>
	</item>
</streaminginfo>
<streaminginfo>
   	<cname>Syria</cname>
	<item>
	<title>High</title>
	<link>http://82.137.248.16:1935/Sat/SatLive3/playlist.m3u8</link>
	</item>
</streaminginfo>

<streaminginfo>
   	<cname>Syria Nour</cname>
	<item>
	<title>Low</title>
	<link>http://82.137.248.21:1935/Nour/NourLive1/playlist.m3u8</link>
	</item>
</streaminginfo>
<streaminginfo>
    <cname>Syria Nour</cname>
	<item>
	<title>Med: You need to install f4m_tester addon from Shani Repo</title>
	<link>plugin://plugin.video.f4mTester/?url=http://82.137.248.21:1935/Nour/NourLive3/manifest.f4m</link>
	</item>
</streaminginfo>
<streaminginfo>
   	<cname>Syria Nour</cname>
	<item>
	<title>Med</title>
	<link>http://82.137.248.21:1935/Nour/NourLive2/playlist.m3u8</link>
	</item>
</streaminginfo>

<streaminginfo>
   	<cname>Syria Nour</cname>
	<item>
	<title>High</title>
	<link>http://82.137.248.21:1935/Nour/NourLive3/playlist.m3u8</link>
	</item>
</streaminginfo>

<streaminginfo>
   	<cname>Syria Talaqie</cname>
	<item>
	<title>Low</title>
	<link>http://82.137.248.16:1935/Talaqie/TalaqieLive1/playlist.m3u8</link>
	</item>
</streaminginfo>
<streaminginfo>
   	<cname>Syria Talaqie</cname>
	<item>
	<title>Med</title>
	<link>http://82.137.248.16/Talaqie/TalaqieLive2/playlist.m3u8</link>
	</item>
</streaminginfo>
<streaminginfo>
   	<cname>Syria Talaqie</cname>
	<item>
	<title>High</title>
	<link>http://82.137.248.16/Talaqie/TalaqieLive3/playlist.m3u8</link>
	</item>
</streaminginfo>

<streaminginfo>
   	<cname>Syria Sedu</cname>
	<item>
	<title>Low</title>
	<link>http://82.137.248.20/SEdu/SEduLive1/playlist.m3u8</link>
	</item>
</streaminginfo>
<streaminginfo>
   	<cname>Syria Sedu</cname>
	<item>
	<title>Med</title>
	<link>http://82.137.248.20/SEdu/SEduLive2/playlist.m3u8</link>
	</item>
</streaminginfo>
<streaminginfo>
   	<cname>Syria Sedu</cname>
	<item>
	<title>High</title>
	<link>http://82.137.248.20/SEdu/SEduLive3/playlist.m3u8</link>
	</item>
</streaminginfo>
<streaminginfo>
   	<cname>Al Ikhbaria</cname>
	<item>
	<title>Low</title>
	<link>http://82.137.248.16:1935/Snews/SnewsLive1/playlist.m3u8</link>
	</item>
</streaminginfo>
<streaminginfo>
   	<cname>Al Ikhbaria</cname>
	<item>
	<title>Med</title>
	<link>http://82.137.248.16:1935/Snews/SnewsLive2/playlist.m3u8</link>
	</item>
</streaminginfo>
<streaminginfo>
   	<cname>Al Ikhbaria</cname>
	<item>
	<title>High</title>
	<link>http://82.137.248.16:1935/Snews/SnewsLive3/playlist.m3u8</link>
	</item>
</streaminginfo>
<streaminginfo>
   	<cname>Baraem</cname>
	<item>
	<title>m3u8 Source</title>
	<link>http://78.100.40.198:1935/brm/brm/gmswf.m3u8?keylive87-163-224-792014-05-18-16-28-09&amp;v=hghpl]</link>
	</item>
</streaminginfo>

<streaminginfo>
   	<cname>Baraem</cname>
	<item>
	<title>Med</title>
	<link>rtmp://AgendaStreamer2.qna.org.qa/brm/brm</link>
	</item>
</streaminginfo>
<streaminginfo>
	<cname>Al Forat</cname>
	<item>
	<title>Low</title>
	<link>http://alforatlive.nanocdn.com:1935/live/alforat64/playlist.m3u8</link>
	</item>
</streaminginfo> 
<streaminginfo>
	<cname>Al Forat</cname>
	<item>
	<title>Med</title>
	<link>http://alforatlive.nanocdn.com:1935/live/alforat128/playlist.m3u8</link>
	</item>
</streaminginfo> 
<streaminginfo>
	<cname>Al Forat</cname>
	<item>
	<title>High</title>
	<link>http://alforatlive.nanocdn.com:1935/live/alforat256/playlist.m3u8</link>
	</item>
</streaminginfo> 
<streaminginfo>
	<cname>SkyNewsArabia</cname>
	<item><title>720p</title><link>rtmp://llnwvps231.fc.llnwd.net/llnwvps231/ playpath=eND-IS0mT2csspFA-2vGVs_NjZq-ZuZTMIgeu3aYyqcFI_640_360_3 swfUrl=http://assets.delvenetworks.com/player/loader.swf live=1 pageUrl=http://www.skynewsarabia.com/web/home?view=live</link>
	</item>
</streaminginfo>

<streaminginfo>
        <cname>SkyNewsArabia</cname>
	<item>
	<title>720p</title>
	<link>http://skynewsl.skynews.cshls.lldns.net/skynews/skynewsl/skynewsl/skynewsl_800.m3u8</link>
	</item>
</streaminginfo>
<streaminginfo>
        <cname>Quran TV ksa</cname>
	<item>
	<title>Med</title>
	<link>http://46.245.160.224/mekke/mekke/chunklist_w248840820.m3u8</link>
	</item>
</streaminginfo>
<streaminginfo>
        <cname>Afaq</cname>
	<item>
	<title>Low</title>
	<link>rtmp://208.43.70.75/live/afaqtv/livestream swfUrl=http://p.jwpcdn.com/6/8/jwplayer.flash.swf pageUrl=http://www.afaq.tv/ live=1 timeout=20</link>
	</item>
</streaminginfo>
<streaminginfo>
	<cname>Qatar</cname>
	<item>
	<title>720P HD</title>
	<link>$doregex[m3u8]</link>
	<regex>
	<name>m3u8</name>
	<expres>src: escape\("([^"]*)</expres>
	<page>http://www.qtv.qa/qtv/live.php</page>
	<referer> </referer>
	</regex>
	</item>
</streaminginfo>





</streamingInfos>
