<streamingsources>
<source>
<id>td</id>
<sname>Teledunet.com</sname>
<baseurl>http://www.teledunet.com/</baseurl>
<enabled>True</enabled>
<urlfile>teledunetUrls.xml</urlfile>
<rtmpstring>%s playpath=%s swfUrl=http://www.teledunet.com/mobile/player.swf?id0=%s&amp;channel=%s pageUrl=http://www.teledunet.com/mobile/?con live=true  timeout=15</rtmpstring>
<imageurl>http://www.teledunet.com/icon.png</imageurl>
<processor>teledunetPlayer.py</processor>
</source>
<source>
<id>livetv</id>
<sname>livetv.tn</sname>
<baseurl>http://www.livetv.tn/</baseurl>
<enabled>True</enabled>
<urlfile>livetvUrls.xml</urlfile>
<imageurl>http://www.livetv.tn/images/logoc.png</imageurl>
<processor>livetvPlayer.py</processor>
<rtmpstring>rtmp://tdsiptv.ddns.me/live playpath=%s?code=%s swfUrl=http://www.livetv.tn/flowplayer-3.2.7.swf pageUrl=http://www.livetv.tn/Abu-Dhabi-Drama-en-direct-live.html  flashVer=WIN12,0,0,77 timeout=15 live=true</rtmpstring>
</source>
<source>
<id>generic</id>
<sname>Shani</sname>
<baseurl>http://website.com</baseurl>
<enabled>True</enabled>
<urlfile>genericUrls.xml</urlfile>
<imageurl>http://mylogo.com</imageurl>
<processor>genericPlayer.py</processor>
</source>
<source>
<id>generic</id>
<sname>PC</sname>
<baseurl>http://website.com</baseurl>
<enabled>True</enabled>
<urlfile>palestinecoolUrls.xml</urlfile>
<imageurl>http://mylogo.com</imageurl>
<processor>genericPlayer.py</processor>
</source>
<source>
<id>generic</id>
<sname>Zombi</sname>
<baseurl>http://website.com</baseurl>
<enabled>True</enabled>
<urlfile>ZombiList.xml</urlfile>
<imageurl>http://mylogo.com</imageurl>
<processor>genericPlayer.py</processor>
</source>
<source>
<id>generic</id>
<sname>Local</sname>
<baseurl>http://website.com</baseurl>
<enabled>True</enabled>
<urlfile></urlfile>
<imageurl>http://mylogo.com</imageurl>
<processor>genericPlayer.py</processor>
</source>
</streamingsources>


