<streamingInfos>

    <streaminginfo>
		<cname>Bein Sport News</cname>
		<item>
			<title>@zombixbmc Bein Sport News </title>
			<link>rtmp://85.91.143.23/23688/ playpath=23688.stream swfUrl=http://tv.webactu-webtv.com/jwplayer1/jwplayer.flash.swf live=1 pageUrl=http://www.mytvonline.org/arabic-orient/Beinsports1-ar.html</link>
		</item>
	</streaminginfo>
	<streaminginfo>
		<cname>Tele Sports</cname>
		<item>
			<title>@zombixbmc fcb vs at madrid ustream</title>
			<link>http://iphone-streaming.ustream.tv/ustreamVideo/18085991/streams/live?v=1/best.m3u8</link>
		</item>
	</streaminginfo>
	<streaminginfo>
		<cname>Tele Sports</cname>
		<item>
			<title>@zombixbmc fcb vs at madrid ustream</title>
			<link>http://iphone-streaming.ustream.tv/ustreamVideo/18088771/streams/live?v=1/best.m3u8</link>
		</item>
	</streaminginfo>
	<streaminginfo>
		<cname>Tele Sports</cname>
		<item>
			<title>@zombixbmc fcb vs at madrid ustream</title>
			<link>http://iphone-streaming.ustream.tv/ustreamVideo/18038501/streams/live?v=1/best.m3u8</link>
		</item>
	</streaminginfo>
	
	
<streaminginfo>
		<cname>bein sport 1</cname>
		<item>
			<title>@zombixbmc iptvosn beINSPORT1</title>
			<link>http://88.150.198.74/$setting_iptvosnUser$/$setting_iptvosnPwd$/1.ch</link>
		</item>
	</streaminginfo>


<streaminginfo>
		<cname>bein sport 2</cname>
		<item>
			<title>@zombixbmc iptvosn beINSPORT2</title>
			<link>http://88.150.198.74/$setting_iptvosnUser$/$setting_iptvosnPwd$/2.ch</link>
		</item>
	</streaminginfo>


<streaminginfo>
		<cname>bein sport 3</cname>
		<item>
			<title>@zombixbmc iptvosn beINSPORT3</title>
			<link>http://88.150.198.74/$setting_iptvosnUser$/$setting_iptvosnPwd$/3.ch</link>
		</item>
	</streaminginfo>


<streaminginfo>
		<cname>bein sport 4</cname>
		<item>
			<title>@zombixbmc iptvosn beINSPORT4</title>
			<link>http://88.150.198.74/$setting_iptvosnUser$/$setting_iptvosnPwd$/4.ch</link>
		</item>
	</streaminginfo>


<streaminginfo>
		<cname>bein sport 5</cname>
		<item>
			<title>@zombixbmc iptvosn beINSPORT5</title>
			<link>http://88.150.198.74/$setting_iptvosnUser$/$setting_iptvosnPwd$/5.ch</link>
		</item>
	</streaminginfo>


<streaminginfo>
		<cname>bein sport 6</cname>
		<item>
			<title>@zombixbmc iptvosn beINSPORT6</title>
			<link>http://88.150.198.74/$setting_iptvosnUser$/$setting_iptvosnPwd$/6.ch</link>
		</item>
	</streaminginfo>


<streaminginfo>
		<cname>bein sport 7</cname>
		<item>
			<title>@zombixbmc iptvosn beINSPORT7</title>
			<link>http://88.150.198.74/$setting_iptvosnUser$/$setting_iptvosnPwd$/7.ch</link>
		</item>
	</streaminginfo>


<streaminginfo>
		<cname>bein sport 8</cname>
		<item>
			<title>@zombixbmc iptvosn beINSPORT8</title>
			<link>http://88.150.198.74/$setting_iptvosnUser$/$setting_iptvosnPwd$/8.ch</link>
		</item>
	</streaminginfo>


<streaminginfo>
		<cname>bein sport 1</cname>
		<item>
			<title>@zombixbmc iptvosn beIN Sports HD1</title>
			<link>http://88.150.198.74/$setting_iptvosnUser$/$setting_iptvosnPwd$/9.ch</link>
		</item>
	</streaminginfo>


<streaminginfo>
		<cname>bein sport 2</cname>
		<item>
			<title>@zombixbmc iptvosn beIN Sports HD2</title>
			<link>http://88.150.198.74/$setting_iptvosnUser$/$setting_iptvosnPwd$/10.ch</link>
		</item>
	</streaminginfo>


<streaminginfo>
		<cname>bein sport 3</cname>
		<item>
			<title>@zombixbmc iptvosn beIN Sports HD3</title>
			<link>http://88.150.198.74/$setting_iptvosnUser$/$setting_iptvosnPwd$/11.ch</link>
		</item>
	</streaminginfo>


<streaminginfo>
		<cname>bein sport 4</cname>
		<item>
			<title>@zombixbmc iptvosn beIN Sports HD4</title>
			<link>http://88.150.198.74/$setting_iptvosnUser$/$setting_iptvosnPwd$/12.ch</link>
		</item>
	</streaminginfo>


<streaminginfo>
		<cname>bein sport 5</cname>
		<item>
			<title>@zombixbmc iptvosn beIN Sports HD5</title>
			<link>http://88.150.198.74/$setting_iptvosnUser$/$setting_iptvosnPwd$/13.ch</link>
		</item>
	</streaminginfo>


<streaminginfo>
		<cname>bein sport 6</cname>
		<item>
			<title>@zombixbmc iptvosn beIN Sports HD6</title>
			<link>http://88.150.198.74/$setting_iptvosnUser$/$setting_iptvosnPwd$/14.ch</link>
		</item>
	</streaminginfo>


<streaminginfo>
		<cname>bein sport 7</cname>
		<item>
			<title>@zombixbmc iptvosn beIN Sports HD7</title>
			<link>http://88.150.198.74/$setting_iptvosnUser$/$setting_iptvosnPwd$/15.ch</link>
		</item>
	</streaminginfo>


<streaminginfo>
		<cname>bein sport 8</cname>
		<item>
			<title>@zombixbmc iptvosn beIN Sports HD8</title>
			<link>http://88.150.198.74/$setting_iptvosnUser$/$setting_iptvosnPwd$/16.ch</link>
		</item>
	</streaminginfo>


<streaminginfo>
		<cname>bein sport 9</cname>
		<item>
			<title>@zombixbmc iptvosn beIN Sports HD9</title>
			<link>http://88.150.198.74/$setting_iptvosnUser$/$setting_iptvosnPwd$/17.ch</link>
		</item>
	</streaminginfo>


<streaminginfo>
		<cname>bein sport 10</cname>
		<item>
			<title>@zombixbmc iptvosn beIN Sports HD10</title>
			<link>http://88.150.198.74/$setting_iptvosnUser$/$setting_iptvosnPwd$/18.ch</link>
		</item>
	</streaminginfo>


<streaminginfo>
		<cname>bein sport 11</cname>
		<item>
			<title>@zombixbmc iptvosn beIN Sports HD11</title>
			<link>http://88.150.198.74/$setting_iptvosnUser$/$setting_iptvosnPwd$/19.ch</link>
		</item>
	</streaminginfo>


<streaminginfo>
		<cname>bein sport 12</cname>
		<item>
			<title>@zombixbmc iptvosn beIN Sports HD12</title>
			<link>http://88.150.198.74/$setting_iptvosnUser$/$setting_iptvosnPwd$/20.ch</link>
		</item>
	</streaminginfo>


<streaminginfo>
		<cname>bein sport 13</cname>
		<item>
			<title>@zombixbmc iptvosn beIN Sports HD13</title>
			<link>http://88.150.198.74/$setting_iptvosnUser$/$setting_iptvosnPwd$/21.ch</link>
		</item>
	</streaminginfo>


<streaminginfo>
		<cname>bein sport 14</cname>
		<item>
			<title>@zombixbmc iptvosn beIN Sports HD14</title>
			<link>http://88.150.198.74/$setting_iptvosnUser$/$setting_iptvosnPwd$/22.ch</link>
		</item>
	</streaminginfo>


<streaminginfo>
		<cname>bein sport 15</cname>
		<item>
			<title>@zombixbmc iptvosn beIN Sports HD15</title>
			<link>http://88.150.198.74/$setting_iptvosnUser$/$setting_iptvosnPwd$/23.ch</link>
		</item>
	</streaminginfo>

	
	<streaminginfo>
		<cname>Bein Sport 1</cname>
		<item>
			<title>@zombixbmc HD 1 </title>
			<link>http://cms.prosatiptv.com/getChannel?channelId=9&amp;sn=12576902&amp;byPass=987</link>
		</item>
	</streaminginfo>


	
	<streaminginfo>
		<cname>Bein Sport 1 vv</cname>
		<item>
			<title>@zombixbmc no-ip</title>
			<link></link>
		</item>
	</streaminginfo>
	
	<streaminginfo>
		<cname>Bein Sport 1</cname>
		<item>
			<title>@zombixbmc BEIN Sport 1 HD</title>
			<link>rtmp://80.82.70.225:443/liveedge1 app=liveedge1 playpath=b1575 pageUrl=http://xuscacamusca.se/</link>
		</item>
	</streaminginfo>
	
	<streaminginfo>
		<cname>Bein Sport 1 vv</cname>
		<item>
			<title>@zombixbmc wiziwig</title>
			<link>rtmp://46.246.124.22/private/_definst_/BST1</link>
		</item>
	</streaminginfo> 

	
	<streaminginfo>
		<cname>Bein Sport 1</cname>
		<item>
			<title>@zombixbmc eucast</title>
			<link>rtmp://31.220.0.82:1935/live playpath=b1r swfUrl=http://www.eucast.tv/player5.9.swf live=1 pageUrl=http://www.eucast.tv/</link>
		</item>
	</streaminginfo>

	
	<streaminginfo>
		<cname>Bein Sport 2</cname>
		<item>
			<title>@zombixbmc BEIN Sport 2 HD</title>
			<link>rtmp://80.82.70.225:443/liveedge1 app=liveedge1 playpath=b2458 pageUrl=http://xuscacamusca.se/</link>
		</item>
	</streaminginfo>
	
	<streaminginfo>
		<cname>Bein Sport 2vv</cname>
		<item>
			<title>@zombixbmc no-ip</title>
			<link>http://iptv4q:iptv4q@testserv2.no-ip.net/47.ch </link>
		</item>
	</streaminginfo>

	<streaminginfo>
		<cname>Bein Sport 2</cname>
		<item>
			<title>@zombixbmc updated</title>
			<link>
rtmp://hsn.mpl.miisolutions.net/hsn-live01/ playpath=rtmp://225211851.e.541833257.r.w6cdn.com/541833257/mp4:koraonline3yoXZhl1FgmpA swfUrl=http://static.castalba.tv/player5.9.swf live=1 pageUrl=http://www.kora-online.tv/kora1.html
</link>
		</item>
	</streaminginfo>
	
	<streaminginfo>
		<cname>Bein Sport 2</cname>
		<item>
	   	    <title>@zombixbmc eucast</title>
		    <link>rtmp://31.220.0.134:1935/live playpath=b2r swfUrl=http://www.eucast.tv/player5.9.swf live=1 pageUrl=http://www.eucast.tv/</link>
		</item>
	</streaminginfo>
	
	<streaminginfo>
		<cname>Bein Sport 3vv</cname>
		<item>
			<title>@zombixbmc no-ip</title>
			<link>http://iptv4q:iptv4q@testserv2.no-ip.net/48.ch</link>
		</item>
	</streaminginfo>
	<streaminginfo>
		<cname>Bein Sport 3</cname>
		<item>
			<title>@zombixbmc BEIN Sport 3 HD
</title>
			<link>rtmp://80.82.70.225:443/liveedge1 app=liveedge1 playpath=b3356 pageUrl=http://xuscacamusca.se/</link>
		</item>
	</streaminginfo>

	<streaminginfo>
		<cname>Bein Sport 3</cname>
		<item>
			<title>@zombixbmc wiziwig</title>
			<link>http://cms.prosatiptv.com/getChannel?channelId=11&amp;sn=12576902&amp;byPass=987</link>
		</item>
	</streaminginfo>
	
	<streaminginfo>
		<cname>Bein Sport 3</cname>
		<item>
	   	    <title>@zombixbmc eucast</title>
		    <link>rtmp://31.220.0.134:1935/live playpath=b3r swfUrl=http://www.eucast.tv/player5.9.swf live=1 pageUrl=http://www.eucast.tv/</link>
		</item>
	</streaminginfo>

	<streaminginfo>
		<cname>Bein Sport 4vv</cname>
		<item>
			<title>@zombixbmc no-ip</title>
			<link>http://iptv4q:iptv4q@testserv2.no-ip.net/49.ch</link>
		</item>
	</streaminginfo>
	
<streaminginfo>
		<cname>Bein Sport 4</cname>
		<item>
			<title>@zombixbmc BEIN Sport 4 HD
</title>
			<link>rtmp://80.82.70.225:443/liveedge1 app=liveedge1 playpath=b4870 pageUrl=http://xuscacamusca.se/</link>
		</item>
	</streaminginfo>


	
	<streaminginfo>
		<cname>Bein Sport 4</cname>
		<item>
			<title>@zombixbmc eucast</title>
			<link>rtmp://31.220.0.134:1935/live playpath=bb4 swfUrl=http://www.eucast.tv/player5.9.swf live=1 pageUrl=http://www.eucast.tv/</link>
		</item>
	</streaminginfo>

	<streaminginfo>
		<cname>Bein Sport 4</cname>
		<item>
			<title>@zombixbmc wiziwig</title>
			<link>http://cms.prosatiptv.com/getChannel?channelId=12&amp;sn=12576902&amp;byPass=987</link>
		</item>
	</streaminginfo>
	
	
	<streaminginfo>
		<cname>Bein Sport 5vv</cname>
		<item>
			<title>@zombixbmc no-ip</title>
			<link>http://iptv4q:iptv4q@testserv2.no-ip.net/50.ch</link>
		</item>
	</streaminginfo>
	
<streaminginfo>
		<cname>Bein Sport 5</cname>
		<item>
			<title>@zombixbmc BEIN Sport 5 HD
</title>
			<link>rtmp://80.82.70.225:443/liveedge1 app=liveedge1 playpath=b5441 pageUrl=http://xuscacamusca.se/</link>
		</item>
	</streaminginfo>



	<streaminginfo>
		<cname>Bein Sport 5</cname>
		<item>
			<title>@zombixbmc wiziwig</title>
			<link>http://cms.prosatiptv.com/getChannel?channelId=13&amp;sn=12576902&amp;byPass=987</link>
		</item>
	</streaminginfo>
	
	<streaminginfo>
		<cname>Bein Sport 5 </cname>
		<item>
			<title>@zombixbmc eucast</title>
			<link>rtmp://31.220.0.82:1935/live playpath=b5r swfUrl=http://www.eucast.tv/player5.9.swf live=1 pageUrl=http://www.eucast.tv/</link>
		</item>
	</streaminginfo>

	
	
	
	<streaminginfo>
		<cname>Bein Sport 6vv</cname>
		<item>
			<title>@zombixbmc no-ip</title>
			<link>http://iptv4q:iptv4q@testserv2.no-ip.net/51.ch beinsport2</link>
		</item>
	</streaminginfo>
	
<streaminginfo>
		<cname>Bein Sport 6</cname>
		<item>
			<title>@zombixbmc BEIN Sport 6 HD
</title>
			<link>rtmp://80.82.70.225:443/liveedge1 app=liveedge1 playpath=b6690 pageUrl=http://xuscacamusca.se/</link>
		</item>
	</streaminginfo>



	<streaminginfo>
		<cname>Bein Sport 6</cname>
		<item>
			<title>@zombixbmc updated</title>
			<link>rtmp://31.220.0.195:1935/live playpath=b6r swfUrl=http://p.jwpcdn.com/6/8/jwplayer.flash.swf pageUrl=http://www.eucast.tv/embed.php?live=b1r&amp;vw=620&amp;vh=490 live=1</link>
		</item>
	</streaminginfo>
	
	<streaminginfo>
		<cname>Bein Sport 6</cname>
		<item>
			<title>@zombixbmc eucast</title>
			<link>rtmp://31.220.0.134:1935/live playpath=bein altechnoe.comxx6 swfUrl=http://www.eucast.tv/player5.9.swf live=1 pageUrl=http://www.eucast.tv/</link>
		</item>
	</streaminginfo>

	
	
	<streaminginfo>
		<cname>Bein Sport 7vv</cname>
		<item>
			<title>@zombixbmc no-ip</title>
			<link>http://iptv4q:iptv4q@testserv2.no-ip.net/52.ch</link>
		</item>
	</streaminginfo>
	
<streaminginfo>
		<cname>Bein Sport 7</cname>
		<item>
			<title>@zombixbmc BEIN Sport 7 HD
</title>
			<link>rtmp://80.82.70.225:443/liveedge1 app=liveedge1 playpath=b7377 pageUrl=http://xuscacamusca.se/</link>
		</item>
	</streaminginfo>



	<streaminginfo>
		<cname>Bein Sport 7</cname>
		<item>
			<title>@zombixbmc wiziwig</title>
			<link>http://cms.prosatiptv.com/getChannel?channelId=15&amp;sn=12576902&amp;byPass=987</link>
		</item>
	</streaminginfo>

	
	
	<streaminginfo>
		<cname>Bein Sport 8vv</cname>
		<item>
			<title>@zombixbmc no-ip</title>
			<link>http://iptv4q:iptv4q@testserv2.no-ip.net/53.ch </link>
		</item>
	</streaminginfo>
		
<streaminginfo>
		<cname>Bein Sport 8</cname>
		<item>
			<title>@zombixbmc BEIN Sport 8 HD
</title>
			<link>rtmp://80.82.70.225:443/liveedge1 app=liveedge1 playpath=b8174 pageUrl=http://xuscacamusca.se/</link>
		</item>
	</streaminginfo>



	<streaminginfo>
		<cname>Bein Sport 8</cname>
		<item>
			<title>@zombixbmc wiziwig</title>
			<link>http://cms.prosatiptv.com/getChannel?channelId=16&amp;sn=12576902&amp;byPass=987</link>
		</item>
	</streaminginfo>
	
	<streaminginfo>
		<cname>Bein Sport 8</cname>
		<item>
			<title>@zombixbmc eucast</title>
			<link>rtmp://31.220.0.82:1935/live playpath=b8r swfUrl=http://www.eucast.tv/player5.9.swf live=1 pageUrl=http://www.eucast.tv/</link>
		</item>
	</streaminginfo>

	
	
	<streaminginfo>
		<cname>Bein Sport 9</cname>
		<item>
			<title>@zombixbmc Bein 9 </title>
			<link>rtmp://173.192.81.172/flash/18420 swfUrl=http://static2.sawlive.tv/player.swf pageUrl=http://sawlive.tv/embed/watch/</link>
		</item>
	</streaminginfo>

	<streaminginfo>
		<cname>Bein Sport 9vv</cname>
		<item>
			<title>@zombixbmc wiziwig</title>
			<link>rtmp://46.246.124.22/private/_definst_/BST9</link>
		</item>
	</streaminginfo>
		
<streaminginfo>
		<cname>Bein Sport 9</cname>
		<item>
			<title>@zombixbmc BEIN Sport 9 HD
</title>
			<link>rtmp://80.82.70.225:443/liveedge1 app=liveedge1 playpath=b9195 pageUrl=http://xuscacamusca.se/</link>
		</item>
	</streaminginfo>


	

	<streaminginfo>
		<cname>Bein Sport 10vv</cname>
		<item>
			<title>@zombixbmc wiziwig</title>
			<link>rtmp://46.246.124.22/private/_definst_/BST10</link>
		</item>
	</streaminginfo>
	
		
<streaminginfo>
		<cname>Bein Sport 10</cname>
		<item>
			<title>@zombixbmc BEIN Sport 10 HD
</title>
			<link>rtmp://80.82.70.225:443/liveedge1 app=liveedge1 playpath=b10697 pageUrl=http://xuscacamusca.se/</link>
		</item>
	</streaminginfo>


	
	<streaminginfo>
		<cname>Bein Sport 11vv</cname>
		<item>
			<title>@zombixbmc wiziwig</title>
			<link>rtmp://46.246.124.22/private/_definst_/BST11</link>
		</item>
	</streaminginfo>
	<streaminginfo>
		<cname>Bein Sport 11</cname>
		<item>
			<title>@zombixbmc BEIN Sport 11 HD
</title>
			<link>rtmp://80.82.70.225:443/liveedge1 app=liveedge1 playpath=b11405 pageUrl=http://xuscacamusca.se/</link>
		</item>
	</streaminginfo>


	
	<streaminginfo>
		<cname>Bein Sport 11</cname>
		<item>
			<title>@zombixbmc eucast</title>
			<link>rtmp://31.220.0.82:1935/live playpath=b11r swfUrl=http://www.eucast.tv/player5.9.swf live=1 pageUrl=http://www.eucast.tv/</link>
		</item>
	</streaminginfo>

	
	
	

	<streaminginfo>
		<cname>Bein Sport 12vv</cname>
		<item>
			<title>@zombixbmc wiziwig</title>
			<link>rtmp://46.246.124.22/private/_definst_/BST12</link>
		</item>
	</streaminginfo>
	
	<streaminginfo>
		<cname>Bein Sport 12</cname>
		<item>
			<title>@zombixbmc BEIN Sport 12 HD
</title>
			<link>rtmp://80.82.70.225:443/liveedge1 app=liveedge1 playpath=b12405 pageUrl=http://xuscacamusca.se/</link>
		</item>
	</streaminginfo>
	
	<streaminginfo>
		<cname>Bein Sport 12</cname>
		<item>
			<title>@zombixbmc eucast</title>
			<link>rtmp://31.220.0.134:1935/live playpath=b12r swfUrl=http://www.eucast.tv/player5.9.swf live=1 pageUrl=http://www.eucast.tv/</link>
		</item>
	</streaminginfo>

	
	
	
	<streaminginfo>
		<cname>Bein Sport 13vv</cname>
		<item>
			<title>@zombixbmc no-ip</title>
			<link>http://iptv4q:iptv4q@testserv2.no-ip.net/58.ch beinsport2</link>
		</item>
	</streaminginfo>
	
	
<streaminginfo>
		<cname>Bein Sport 13</cname>
		<item>
			<title>@zombixbmc BEIN Sport 13 HD
</title>
			<link>rtmp://80.82.70.225:443/liveedge1 app=liveedge1 playpath=b13925 pageUrl=http://xuscacamusca.se/</link>
		</item>
	</streaminginfo>



	<streaminginfo>
		<cname>Bein Sport 13vv</cname>
		<item>
			<title>@zombixbmc wiziwig</title>
			<link>rtmp://46.246.124.22/private/_definst_/BST13</link>
		</item>
	</streaminginfo>
	
	
	
	<streaminginfo>
		<cname>Bein Sport 14vv</cname>
		<item>
			<title>@zombixbmc no-ip</title>
			<link>http://iptv4q:iptv4q@testserv2.no-ip.net/59.ch beinsport2</link>
		</item>
	</streaminginfo>
	
	
<streaminginfo>
		<cname>Bein Sport 14</cname>
		<item>
			<title>@zombixbmc BEIN BY STVCHANN:Bein Sport 14 HD
</title>
			<link>rtmp://80.82.70.225:443/liveedge1 app=liveedge1 playpath=b14598 pageUrl=http://xuscacamusca.se/</link>
		</item>
	</streaminginfo>



	<streaminginfo>
		<cname>Bein Sport 14vv</cname>
		<item>
			<title>@zombixbmc wiziwig</title>
			<link>rtmp://46.246.124.22/private/_definst_/BST14</link>
		</item>
	</streaminginfo>
	
	
	<streaminginfo>
		<cname>Bein Sport 15vv</cname>
		<item>
			<title>@zombixbmc no-ip</title>
			<link>http://iptv4q:iptv4q@testserv2.no-ip.net/60.ch beinsport2</link>
		</item>
	</streaminginfo>
	
	<streaminginfo>
		<cname>Bein Sport 15</cname>
		<item>
			<title>@zombixbmc BEIN BY STVCHANN:Bein Sport 15 HD
</title>
			<link>rtmp://80.82.70.225:443/liveedge1 app=liveedge1 playpath=b15293 pageUrl=http://xuscacamusca.se/</link>
		</item>
	</streaminginfo> 


	<streaminginfo>
		<cname>Bein Sport 15vv</cname>
		<item>
			<title>@zombixbmc wiziwig</title>
			<link>rtmp://46.246.124.22/private/_definst_/BST15</link>
		</item>
	</streaminginfo>
	
	<streaminginfo>
		<cname>BAHRAIN SPORTS</cname>
		<item>
			<title>BAHRAIN SPORTS</title>
			<link>rtmp://alayam.netromedia.net/btv3/btv3</link>
		</item>
	</streaminginfo>

	
	<streaminginfo>
		<cname>Nile Sport</cname>
		<item>
			<title>Nile Sport</title>
			<link>rtmp://livestreaming4.onlinehorizons.net/NTNNileSport playpath=livestream swfUrl=http://niletc.tv/player/player.swf live=1 pageUrl=http://niletc.tv/stream.php?ch=sport</link>
		</item>
	</streaminginfo>

	
	<streaminginfo>
		<cname>KTV SPORTvv</cname>
		<item>
			<title>KTV SPORT</title>
			<link>rtmp://62.215.183.1/rtmplive/rtpencoder/ch3.sdp</link>
		</item>
	</streaminginfo>

	
	<streaminginfo>
		<cname>Al Resoul TV</cname>
		<item>
			<title>Al Resoul TV</title>
			<link>http://iphone-streaming.ustream.tv/ustreamVideo/12677236/streams/live?v=720p/playlist.m3u8</link>
		</item>
	</streaminginfo>

	
	<streaminginfo>
	
		<cname>AL EQTESADIA TVCvv</cname>
		<item>
			<title>AL EQTESADIA TV</title>
			<link>mms://38.96.148.75/Eqtisadia</link>
		</item>
	</streaminginfo>

	<streaminginfo>
		<cname>ANN</cname>
		<item>
			<title>ANN</title>
			<link>rtmp://ns8.indexforce.com/ann/ann</link>
		</item>
	</streaminginfo>

	<streaminginfo>
		<cname>Al Sharqiya News</cname>
		<item>
			<title>Al Sharqiya News</title>
			<link>rtmp://ns8.indexforce.com/alsharqiyalive/mystream</link>
		</item>
	</streaminginfo>

	<streaminginfo>
		<cname>France24 Arabic</cname>
		<item>
			<title>France 24 ARABIC</title>
			<link>rtmp://stream2.france24.yacast.net:80/france24_live/frda/f24_livefrda</link>
		</item>
	</streaminginfo>
	
	<streaminginfo>
		<cname>France24 Arabic</cname>
		<item>
			<title>France 24 ARABIC</title>
			<link>http://free:free@matchfree1to10.no-ip.net/13.ch</link>
		</item>
	</streaminginfo>

	<streaminginfo>
		<cname>Alrai</cname>
		<item>
			<title>Alrai</title>
			<link>mms://62.215.216.130/wmtencoder/alrai350.wmv</link>
		</item>
	</streaminginfo>
	
	<streaminginfo>
		<cname>Tunisia national 1vv</cname>
		<item>
			<title>@zombixbmc no-ip</title>
			<link>http://free:free@testserv2.no-ip.net/18.ch</link>
		</item>
	</streaminginfo>

	<streaminginfo>
		<cname>Tunisia national 1vv</cname>
		<item>
			<title>Tunisia national 1</title>
			<link>http://streamer.fss.tiscali.com/satchannel1/tvtunisi.stream/playlist.m3u8</link>
		</item>
	</streaminginfo>

	
	

	
	<streaminginfo>
		<cname>Tunisia national 2vv</cname>
		<item>
			<title>@zombixbmc</title>
			<link>http://free:free@testserv2.no-ip.net/19.ch</link>
		</item>
	</streaminginfo>

	
	<streaminginfo>
		<cname>Tunisia national 1</cname>
		<item>
			<title>@zombixbmc streamago</title>
			<link>http://ca-edge-1.cdn2.streamago.tv:80/streamagoedge/1052/224/playlist.m3u8</link>
		</item>
	</streaminginfo>

	<streaminginfo>
		<cname>EnnaharTV algerie</cname>
		<item>
			<title>nahar algerie</title>
			<link>rtmp://87.98.155.194/live playpath=EnnaharTV swfUrl=http://www.ennahartv.net/live/player.swf live=1 pageUrl=http://www.ennahartv.net/ar/live/</link>
		</item>
	</streaminginfo>

	
	<streaminginfo>
		<cname>nbn lebanon</cname>
		<item>
			<title>nbn lebanon</title>
			<link>rtmp://lived.nbn.com.lb/nbn?hghpl]=keylive72-229-239-1302013-08-25-05-32-36/ playpath=mpegts.stream swfUrl=http://www.elahmad.com/tv/swf/player.swf?file=nbnlb&amp;autostart=true&amp;%2F%5B0%5D%5BDYNAMIC%5D%5B0%5D pageUrl=http://www.elahmad.com/tv/nbn-lebanon.php swfVfy=true live=true timeout=15</link>
		</item>
	</streaminginfo> 

	<streaminginfo>
		<cname>Kuwaitvv</cname>
		<item>
			<title>Kuwait</title>
			<link>rtmp://62.215.183.1/rtmplive/rtpencoder/ch1.sdp</link>
		</item>
	</streaminginfo>
	
	<streaminginfo>
		<cname>Kuwait</cname>
		<item>
			<title>Kuwait</title>
			<link>http://cdn-streamer2.magictvbox.com/60.m3u8</link>
		</item>
	</streaminginfo>
	
	<streaminginfo>
		<cname>KTV 2</cname>
		<item>
			<title>KTV 2</title>
			<link>http://cdn-streamer2.magictvbox.com/61.m3u8</link>
		</item>
	</streaminginfo>

	<streaminginfo>
		<cname>KTV 2vv</cname>
		<item>
			<title>KTV 2</title>
			<link>rtmp://62.215.183.1/rtmplive/rtpencoder/ch2.sdp</link>
		</item>
	</streaminginfo>
	
	<streaminginfo>
		<cname>KTV ARABE</cname>
		<item>
			<title>KTV ARABE</title>
			<link>http://cdn-streamer2.magictvbox.com/62.m3u8f</link>
		</item>
	</streaminginfo>

	<streaminginfo>
		<cname>KTV ARABEvv</cname>
		<item>
			<title>KTV ARABE</title>
			<link>rtmp://62.215.183.1/rtmplive/rtpencoder/ch5.sdp</link>
		</item>
	</streaminginfo>

	<streaminginfo>
		<cname>KTV ETRAAvv</cname>
		<item>
			<title>KTV ETRAA</title>
			<link>rtmp://62.215.183.1/rtmplive/rtpencoder/ch4.sdp</link>
		</item>
	</streaminginfo>

	<streaminginfo>
		<cname>KTV PLUSvv</cname>
		<item>
			<title>KTV PLUS</title>
			<link>rtmp://62.215.183.1/rtmplive/rtpencoder/ch6.sdp</link>
		</item>
	</streaminginfo>

	<streaminginfo>
		<cname>Al Sharqiya</cname>
		<item>
			<title>Al Sharqiya</title>
			<link>rtmp://ns8.indexforce.com/home/mystream </link>
		</item>
	</streaminginfo>
	
	<streaminginfo>
		<cname>IRAQIA</cname>
		<item>
			<title>IRAQIA</title>
			<link>http://cdn-streamer2.magictvbox.com/39.m3u8 </link>
		</item>
	</streaminginfo>

	<streaminginfo>
		<cname>IRAQIAvv</cname>
		<item>
			<title>IRAQIA</title>
			<link>mms://212.7.196.74/iraqia</link>
		</item>
	</streaminginfo>

	<streaminginfo>
		<cname>ALTAGHEER TV</cname>
		<item>
			<title>ALTAGHEER TV</title>
			<link>http://stream.joinvisions.net:1935/taglive/taghier/playlist.m3u8</link>
		</item>
	</streaminginfo>

	<streaminginfo>
		<cname>AL RASHEED</cname>
		<item>
			<title>AL RASHEED</title>
			<link>mmsh://77.67.107.89/alrasheedtv?MSWMExt=.asf</link>
		</item>
	</streaminginfo>

	<streaminginfo>
		<cname>AL MASAR</cname>
		<item>
			<title>AL MASAR</title>
			<link>rtmp://msr1tv.flashmediacast.com:2071/live/livestream</link>
		</item>
	</streaminginfo>

	<streaminginfo>
		<cname>Al Majdvv</cname>
		<item>
			<title>Al Majd</title>
			<link>rtmp://majdg.pwlstation.com/live/majdg/ playpath=2_livestream swfUrl=http://pwlstation.com/wp-content/uploads/jw-player-plugin-for-wordpress/player/player.swf pageUrl=http://almajdtv.tv/live/#docoment swfVfy=true live=true timeout=15</link>
		</item>
	</streaminginfo>

	<streaminginfo>
		<cname>ALMAJAD ALMAIAvv</cname>
		<item>
			<title>ALMAJAD ALMAIA</title>
			<link>rtmp://majdsc.pwlstation.com/live/majdsc/ playpath=2_livestream swfUrl=http://pwlstation.com/wp-content/uploads/jw-player-plugin-for-wordpress/player/player.swf pageUrl=http://almajdtv.tv/live/#docoment swfVfy=true live=true timeout=15</link>
		</item>
	</streaminginfo>

	<streaminginfo>
		<cname>ALMAJD MASSAH vv</cname>
		<item>
			<title>ALMAJD MASSAH </title>
			<link>rtmp://majdd.pwlstation.com/live/majdd/ playpath=2_livestream swfUrl=http://pwlstation.com/wp-content/uploads/jw-player-plugin-for-wordpress/player/player.swf pageUrl=http://almajdtv.tv/live/ swfVfy=true live=true timeout=15</link>
		</item>
	</streaminginfo>

	<streaminginfo>
		<cname>Haneen Channel</cname>
		<item>
			<title>Haneen Channel</title>
			<link>mmsh://stream.watchislam.com/ramadan</link>
		</item>
	</streaminginfo>

	<streaminginfo>
		<cname>KSA 1vv</cname>
		<item>
			<title>KSA 1</title>
			<link>rtsp://38.96.148.74/CH1TV</link>
		</item>
	</streaminginfo>

	<streaminginfo>
		<cname>KSA 2vv</cname>
		<item>
			<title>KSA 2</title>
			<link>rtsp://38.96.148.74/CH2TV</link>
		</item>
	</streaminginfo>

	<streaminginfo>
		<cname>Quran TV ksavv</cname>
		<item>
			<title>Quran TV ksa</title>
			<link>rtsp://38.96.148.75/Quran?MSWMExt=.asf</link>
		</item>
	</streaminginfo>

	
	<streaminginfo>
		<cname>Quran TV ksa</cname>
		<item>
			<title>@zombixbmc</title>
			<link>http://iphone-streaming.ustream.tv/ustreamVideo/17904315/streams/live/playlist.m3u8</link>
		</item>
	</streaminginfo>

	
	<streaminginfo>
		<cname>sunnah TVvv</cname>
		<item>
			<title>sunnah TV</title>
			<link>rtsp://38.96.148.75/Sunnah?MSWMExt=.asf</link>
		</item>
	</streaminginfo>

	<streaminginfo>
		<cname>Wesal Tv</cname>
		<item>
			<title>Wesal Tv</title>
			<link>rtmp://109.123.123.82:1935/wesal playpath=wesal1 swfUrl=http://www.elahmad.com/tv/swf/wesaltv.swf?autostart=true pageUrl=http://www.elahmad.com/tv/wesaltv.htm</link>
		</item>
	</streaminginfo>

	<streaminginfo>
		<cname>M3Ali Tv</cname>
		<item>
			<title>M3Ali Tv</title>
			<link>rtmp://free.flashwebtown.com:1935/bashaclick playpath=myStream.sdp swfUrl=http://www.elahmad.com/tv/swf/player.swf?file=m3alitv&amp;autostart=true pageUrl=http://www.elahmad.com/tv/m3alitv.php</link>
		</item>
	</streaminginfo>

	<streaminginfo>
		<cname>Nile Cinema</cname>
		<item>
			<title>Nile Cinema</title>
			<link>rtmp://livestreaming4.onlinehorizons.net/NTNNileCinema playpath=livestream swfUrl=http://niletc.tv/player/player.swf live=1 pageUrl=http://niletc.tv/stream.php?ch=cinema</link>
		</item>
	</streaminginfo>

	<streaminginfo>
		<cname>Nile Comedy</cname>
		<item>
			<title>Nile Comedy</title>
			<link>rtmp://livestreaming4.onlinehorizons.net/NTNNileComedy/ playpath=livestream swfUrl=http://niletc.tv/player/player.swf pageUrl=http://niletc.tv/stream.php?ch=comedy swfVfy=true live=true timeout=60</link>
		</item>
	</streaminginfo>

	<streaminginfo>
		<cname>Nile Family</cname>
		<item>
			<title>Nile Family</title>
			<link>rtmp://livestreaming4.onlinehorizons.net/NTNNileFamily playpath=livestream swfUrl=http://niletc.tv/player/player.swf live=1 pageUrl=http://niletc.tv/stream.php?ch=family</link>
		</item>
	</streaminginfo>

	<streaminginfo>
		<cname>Nile Life</cname>
		<item>
			<title>Nile Life</title>
			<link>rtmp://livestreaming4.onlinehorizons.net/NTNNileLife playpath=livestream swfUrl=http://niletc.tv/player/player.swf live=1 pageUrl=http://niletc.tv/stream.php?ch=life</link>
		</item>
	</streaminginfo>

	<streaminginfo>
		<cname>Nile Drama</cname>
		<item>
			<title>Nile Drama</title>
			<link>rtmp://livestreaming4.onlinehorizons.net/NTNNileDrama playpath=livestream?ch=drama swfUrl=http://ntn.onlinehorizons.net/player/player.swf pageUrl=http://www.ntnegypt.net/stream.php live=1</link>
		</item>
	</streaminginfo>

	<streaminginfo>
		<cname>I Film</cname>
		<item>
			<title>I Film</title>
			<link>mms://93.190.24.114/ifilmtv</link>
		</item>
	</streaminginfo>

	<streaminginfo>
		<cname>ALMAJD KIDSvv </cname>
		<item>
			<title>ALMAJD KIDS </title>
			<link>rtmp://majdb.pwlstation.com/live/majdb/ playpath=2_livestream swfUrl=http://pwlstation.com/wp-content/uploads/jw-player-plugin-for-wordpress/player/player.swf pageUrl=http://almajdtv.tv/live/ swfVfy=true live=true timeout=15</link>
		</item>
	</streaminginfo>

	<streaminginfo>
		<cname>ALMAJD KIDS 2vv</cname>
		<item>
			<title>ALMAJD KIDS 2</title>
			<link>rtmp://majdk.pwlstation.com/live/majdk/ playpath=2_livestream swfUrl=http://pwlstation.com/wp-content/uploads/jw-player-plugin-for-wordpress/player/player.swf pageUrl=http://almajdtv.tv/live/ swfVfy=true live=true timeout=15</link>
		</item>
	</streaminginfo>

	<streaminginfo>
		<cname>ALMAJD TAGHARIDvv</cname>
		<item>
			<title>ALMAJD TAGHARID</title>
			<link>rtmp://majdt.pwlstation.com/live/majdt/ playpath=2_livestream swfUrl=http://pwlstation.com/wp-content/uploads/jw-player-plugin-for-wordpress/player/player.swf pageUrl=http://almajdtv.tv/live/ swfVfy=true live=true timeout=15</link>
		</item>
	</streaminginfo>

	<streaminginfo>
		<cname>ALMAJD RODAvv</cname>
		<item>
			<title>ALMAJD RODA</title>
			<link>rtmp://majdr.pwlstation.com/live/majdr/ playpath=2_livestream swfUrl=http://pwlstation.com/wp-content/uploads/jw-player-plugin-for-wordpress/player/player.swf pageUrl=http://almajdtv.tv/live/ swfVfy=true live=true timeout=15</link>
		</item>
	</streaminginfo>

	<streaminginfo>
		<cname>ALMAJD DOCvv</cname>
		<item>
			<title>ALMAJD DOC</title>
			<link>rtmp://majddoc.pwlstation.com/live/majddoc/ playpath=2_livestream swfUrl=http://pwlstation.com/wp-content/uploads/jw-player-plugin-for-wordpress/player/player.swf pageUrl=http://almajdtv.tv/live/ swfVfy=true live=true timeout=15</link>
		</item>
	</streaminginfo>

	<streaminginfo>
		<cname>ALMAJD NATUREvv</cname>
		<item>
			<title>ALMAJD NATURE</title>
			<link>rtmp://majdnat.pwlstation.com/live/majdnat/ playpath=2_livestream swfUrl=http://pwlstation.com/wp-content/uploads/jw-player-plugin-for-wordpress/player/player.swf pageUrl=http://almajdtv.tv/live/#docoment swfVfy=true live=true timeout=15</link>
		</item>
	</streaminginfo>

	<streaminginfo>
		<cname>DISCOVERY CHANNEL</cname>
		<item>
			<title>DISCOVERY CHANNEL</title>

			<link>http://m24.megafun.vn/live.vs?c=vstv044&amp;q=high</link>
		</item>
	</streaminginfo>

	<streaminginfo>
		<cname>Nile Culture</cname>
		<item>
			<title>Nile Culture</title>
			<link>rtmp://livestreaming4.onlinehorizons.net/NTNNileCulture playpath=livestream swfUrl=http://niletc.tv/player/player.swf live=1 pageUrl=http://niletc.tv/stream.php?ch=culture</link>
		</item>
	</streaminginfo>

	<streaminginfo>
		<cname>Nile Learning</cname>
		<item>
			<title>Nile Learning</title>
			<link>rtmp://livestreaming4.onlinehorizons.net/Learning1 playpath=livestream swfUrl=http://niletc.tv/player/player.swf live=1 pageUrl=http://niletc.tv/stream.php?ch=Learning</link>
		</item>
	</streaminginfo>

	<streaminginfo>
		<cname>I-TELE</cname>
		<item>
			<title>I-TELE</title>
			<link>http://chkg.tdf-cdn.com/6317/02.m3u8</link>
		</item>
	</streaminginfo>

	
	<streaminginfo>
		<cname>I-TELE</cname>
		<item>
			<title>@zombixbmc</title>
			<link>rtmp://$doregex[url] app=live/$doregex[key] playpath=1726.high.stream swfUrl=http://www.filmon.com/tv/modules/FilmOnTV/files/flashapp/filmon/FilmonPlayer.swf pageUrl=http://www.filmon.com live=true timeout=15</link>
            <regex>
             <name>url</name>
              <expres>rtmp:....([^\\]*)</expres>
               <page>http://www.filmon.com/tv/channel/export?channel_id=1726</page>
            </regex>
            <regex>
            <name>key</name>
               <expres>rtmp[^?]*(\?id=[^"]*)</expres>
                 <page>http://www.filmon.com/tv/channel/export?channel_id=1726</page>
            </regex>
		</item>
		
	</streaminginfo>

	
	<streaminginfo>
		<cname>D8</cname>
		<item>
			<title>D8</title>
			<link>http://chkg.tdf-cdn.com/6318/02.m3u8</link>
		</item>
	</streaminginfo>

	<streaminginfo>
		<cname>D17</cname>
		<item>
			<title>D17</title>
			<link>http://chkg.tdf-cdn.com/6319/02.m3u8</link>
		</item>
	</streaminginfo>

	<streaminginfo>
		<cname>France 24 FR</cname>
		<item>
			<title>France 24 FR</title>
			<link>http://tv.flux.france24.com/4684/02.m3u8</link>
		</item>
	</streaminginfo>

	<streaminginfo>
		<cname>GULLI</cname>
		<item>
			<title>GULLI</title>
			<link>http://vipwowza.yacast.net/gulli_live/_definst_/gulli_850.stream/hasbahca.m3u8</link>
		</item>
	</streaminginfo>

	
	<streaminginfo>
		<cname>FRANCE 0</cname>
		<item>
			<title>@zombixbmc </title>
			<link>http://iptv10d:iptv10d@testserv2.no-ip.net/33.ch</link>
		</item>
	</streaminginfo>

	
	<streaminginfo>
		<cname>FRANCE 0</cname>
		<item>
			<title>FRANCE 0</title>
			<link>mmsh://wm.live.tv-radio.com/bouygues/all/channel5.wmv?MSWMExt=.asf</link>
		</item>
	</streaminginfo>

	
	<streaminginfo>
		<cname>FRANCE 2</cname>
		<item>
			<title>@zombixbmc -high filmon</title>
			<link>rtmp://$doregex[url] app=live/$doregex[key] playpath=1717.high.stream swfUrl=http://www.filmon.com/tv/modules/FilmOnTV/files/flashapp/filmon/FilmonPlayer.swf pageUrl=http://www.filmon.com live=true timeout=15</link>
            <regex>
             <name>url</name>
             <expres>rtmp:....([^\\]*)</expres>
             <page>http://www.filmon.com/tv/channel/export?channel_id=1717</page>
             </regex>
            <regex>
             <name>key</name>
              <expres>rtmp[^?]*(\?id=[^"]*)</expres>
              <page>http://www.filmon.com/tv/channel/export?channel_id=1717</page>
            </regex>
		</item>
	</streaminginfo>

	<streaminginfo>
		<cname>FRANCE 2</cname>
		<item>
			<title>@zombixbmc -low filmon</title>
			<link>rtmp://$doregex[url] app=live/$doregex[key] playpath=1717.low.stream swfUrl=http://www.filmon.com/tv/modules/FilmOnTV/files/flashapp/filmon/FilmonPlayer.swf pageUrl=http://www.filmon.com live=true timeout=15</link>
           <regex>
             <name>url</name>
             <expres>rtmp:....([^\\]*)</expres>
             <page>http://www.filmon.com/tv/channel/export?channel_id=1717</page>
           </regex>
            <regex>
             <name>key</name>
              <expres>rtmp[^?]*(\?id=[^"]*)</expres>
               <page>http://www.filmon.com/tv/channel/export?channel_id=1717</page>
            </regex>
		</item>
	</streaminginfo>

	
	<streaminginfo>
		<cname>FRANCE 2</cname>
		<item>
			<title>@zombixbmc no-ip</title>
			<link>http://free:free@testserv2.no-ip.net/11.ch</link>
		</item>
	</streaminginfo>

	
	<streaminginfo>
		<cname>FRANCE 2</cname>
		<item>
			<title>@zombixbmc no-ip</title>
			<link>http://iptv10d:iptv10d@testserv2.no-ip.net/18.ch</link>
		</item>
	</streaminginfo>

	
	<streaminginfo>
		<cname>FRANCE 2</cname>
		<item>
			<title>FRANCE 2</title>
			<link>mmsh://wm.live.tv-radio.com/bouygues/all/channel1.wmv?MSWMExt=.asf</link>
		</item>
	</streaminginfo>

	
	<streaminginfo>
		<cname>FRANCE 3</cname>
		<item>
			<title>@zombixbmc</title>
			<link>rtmp://$doregex[url] app=live/$doregex[key] playpath=1723.high.stream swfUrl=http://www.filmon.com/tv/modules/FilmOnTV/files/flashapp/filmon/FilmonPlayer.swf pageUrl=http://www.filmon.com live=true timeout=15</link>
            <regex>
             <name>url</name>
              <expres>rtmp:....([^\\]*)</expres>
               <page>http://www.filmon.com/tv/channel/export?channel_id=1723</page>
            </regex>
            <regex>
            <name>key</name>
               <expres>rtmp[^?]*(\?id=[^"]*)</expres>
                 <page>http://www.filmon.com/tv/channel/export?channel_id=1723</page>
            </regex>
		</item>
		
	</streaminginfo>

	
	<streaminginfo>
		<cname>FRANCE 3</cname>
		<item>
			<title>@zombixbmc </title>
			<link>http://iptv10d:iptv10d@testserv2.no-ip.net/22.ch</link>
		</item>
	</streaminginfo>

	
	<streaminginfo>
		<cname>FRANCE 3</cname>
		<item>
			<title>FRANCE 3</title>
			<link>mmsh://wm.live.tv-radio.com/bouygues/all/channel2.wmv?MSWMExt=.asf</link>
		</item>
	</streaminginfo>

	
	<streaminginfo>
		<cname>FRANCE 4</cname>
		<item>
			<title>@zombixbmc </title>
			<link>hhttp://iptv10d:iptv10d@testserv2.no-ip.net/23.ch</link>
		</item>
	</streaminginfo>

	
	<streaminginfo>
		<cname>FRANCE 4</cname>
		<item>
			<title>FRANCE 4</title>
			<link>mmsh://wm.live.tv-radio.com/bouygues/all/channel3.wmv?MSWMExt=.asf</link>
		</item>
	</streaminginfo>

	
	<streaminginfo>
		<cname>FRANCE 5</cname>
		<item>
			<title>@zombixbmc</title>
			<link>rtmp://$doregex[url] app=live/$doregex[key] playpath=1720.high.stream swfUrl=http://www.filmon.com/tv/modules/FilmOnTV/files/flashapp/filmon/FilmonPlayer.swf pageUrl=http://www.filmon.com live=true timeout=15</link>
            <regex>
             <name>url</name>
              <expres>rtmp:....([^\\]*)</expres>
               <page>http://www.filmon.com/tv/channel/export?channel_id=1720</page>
            </regex>
            <regex>
            <name>key</name>
               <expres>rtmp[^?]*(\?id=[^"]*)</expres>
                 <page>http://www.filmon.com/tv/channel/export?channel_id=1720</page>
            </regex>
		</item>
		
	</streaminginfo>

	
	<streaminginfo>
		<cname>FRANCE 5</cname>
		<item>
			<title>@zombixbmc </title>
			<link>http://iptv10d:iptv10d@testserv2.no-ip.net/24.ch</link>
		</item>
	</streaminginfo>

	
	<streaminginfo>
		<cname>FRANCE 5</cname>
		<item>
			<title>FRANCE 5</title>
			<link>mmsh://wm.live.tv-radio.com/bouygues/all/channel4.wmv?MSWMExt=.asf</link>
		</item>
	</streaminginfo>

	<streaminginfo>
		<cname>arte</cname>
		<item>
			<title>arte</title>
			<link>http://frlive.artestras.cshls.lldns.net/artestras/contrib/frlive/frlive_925.m3u8 </link>
		</item>
	</streaminginfo>

	<streaminginfo>
		<cname>arte</cname>
		<item>
			<title>arte (filmon low)</title>
			<link>rtmp://$doregex[url] app=live/$doregex[key] playpath=1729.low.stream swfUrl=http://www.filmon.com/tv/modules/FilmOnTV/files/flashapp/filmon/FilmonPlayer.swf pageUrl=http://www.filmon.com live=true timeout=15</link>
   <regex>
     <name>url</name>
     <expres>rtmp:....([^\\]*)</expres>
     <page>http://www.filmon.com/tv/channel/export?channel_id=1729</page>
   </regex>
   <regex>
     <name>key</name>
     <expres>rtmp[^?]*(\?id=[^"]*)</expres>
     <page>http://www.filmon.com/tv/channel/export?channel_id=1729</page>
   </regex>
		</item>
	</streaminginfo>

	<streaminginfo>
		<cname>arte</cname>
		<item>
			<title>arte (filmon high)</title>
			<link>rtmp://$doregex[url] app=live/$doregex[key] playpath=1729.high.stream swfUrl=http://www.filmon.com/tv/modules/FilmOnTV/files/flashapp/filmon/FilmonPlayer.swf pageUrl=http://www.filmon.com live=true timeout=15</link>
           <regex>
            <name>url</name>
            <expres>rtmp:....([^\\]*)</expres>
            <page>http://www.filmon.com/tv/channel/export?channel_id=1729</page>
           </regex>
           <regex>
            <name>key</name>
            <expres>rtmp[^?]*(\?id=[^"]*)</expres>
            <page>http://www.filmon.com/tv/channel/export?channel_id=1729</page>
           </regex>
		</item>
	</streaminginfo>

	<streaminginfo>
		<cname>BFMTV</cname>
		<item>
			<title>BFMTV</title>
			<link>http://bfmlive2-i.akamaihd.net/hls/live/214427/bfmtv/04.m3u8</link>
		</item>
	</streaminginfo>

	
	<streaminginfo>
		<cname>TV 5 MONDE</cname>
		<item>
			<title>TV 5 MONDE</title>
			<link>http://rm-edge-3.cdn2.streamago.tv/streamagoedge/1924/817/playlist.m3u8</link>
		</item>
	</streaminginfo>

	
	<streaminginfo>
		<cname>TF1</cname>
		<item>
			<title>@zombixbmc</title>
			<link>http://iptv10d:iptv10d@testserv2.no-ip.net/16.ch</link>
		</item>
	</streaminginfo>
	
	<streaminginfo>
		<cname>TF1</cname>
		<item>
			<title>@zombixbmc</title>
			<link>http://88.150.198.74/$setting_iptvosnUser$/$setting_iptvosnPwd$/79.ch</link>
		</item>
	</streaminginfo>

	
	<streaminginfo>
		<cname>MBC 1</cname>
		<item>
			<title>@zombixbmc</title>
			<link>http://iptv10d:iptv10d@testserv2.no-ip.net/1.ch</link>
		</item>
	</streaminginfo>

	<streaminginfo>
		<cname>MBC 1</cname>
		<item>
	<title>@zombixbmc MBC 1 iptvosn</title>
			<link>http://88.150.198.74/$setting_iptvosnUser$/$setting_iptvosnPwd$/38.ch</link>
		</item>
	</streaminginfo>

	<streaminginfo>
		<cname>MBC 2</cname>
		<item>
			<title>@zombixbmc</title>
			<link>http://iptv10d:iptv10d@testserv2.no-ip.net/2.ch</link>
		</item>
	</streaminginfo>

	<streaminginfo>
		<cname>MBC 2</cname>
		<item>
	        <title>@zombixbmc MBC 2 iptvosn</title>
			<link>http://88.150.198.74/$setting_iptvosnUser$/$setting_iptvosnPwd$/37.ch</link>
		</item>
	</streaminginfo>

	
	<streaminginfo>
		<cname>MBC 3</cname>
		<item>
			<title>@zombixbmc</title>
			<link>http://iptv10d:iptv10d@testserv2.no-ip.net/3.ch</link>
		</item>
	</streaminginfo>

	<streaminginfo>
		<cname>MBC 3</cname>
		<item>
	        <title>@zombixbmcMBC3 iptvosn</title>
			<link>http://88.150.198.74/$setting_iptvosnUser$/$setting_iptvosnPwd$/39.ch</link>
		</item>
	</streaminginfo>

	<streaminginfo>
		<cname>MBC 4</cname>
		<item>
			<title>@zombixbmc</title>
			<link>http://iptv10d:iptv10d@testserv2.no-ip.net/4.ch</link>
		</item>
	</streaminginfo>

	<streaminginfo>
		<cname>MBC 4</cname>
		<item>
	<title>@zombixbmcMBC 4 iptvosn</title>
			<link>http://88.150.198.74/$setting_iptvosnUser$/$setting_iptvosnPwd$/40.ch</link>
		</item>
	</streaminginfo>

	<streaminginfo>
		<cname>MBC Drama</cname>
		<item>
			<title>@zombixbmc</title>
			<link>http://iptv10d:iptv10d@testserv2.no-ip.net/5.ch</link>
		</item>
	</streaminginfo>

	<streaminginfo>
		<cname>MBC Drama</cname>
		<item>
	<title>@zombixbmcMBC Drama iptvosn</title>
			<link>http://88.150.198.74/$setting_iptvosnUser$/$setting_iptvosnPwd$/42.ch</link>
		</item>
	</streaminginfo>

	<streaminginfo>
		<cname>MBC Action</cname>
		<item>
			<title>@zombixbmc</title>
			<link>http://iptv10d:iptv10d@testserv2.no-ip.net/6.ch</link>
		</item>
	</streaminginfo>

	<streaminginfo>
		<cname>MBC Action</cname>
		<item>
	<title>@zombixbmcMBC Action iptvosn</title>
			<link>http://88.150.198.74/$setting_iptvosnUser$/$setting_iptvosnPwd$/41.ch</link>
		</item>
	</streaminginfo>

	<streaminginfo>
		<cname>MBC Bollywood</cname>
		<item>
			<title>@zombixbmc</title>
			<link>http://iptv10d:iptv10d@testserv2.no-ip.net/9.ch</link>
		</item>
	</streaminginfo>

	
	<streaminginfo>
		<cname>MBC Max</cname>
		<item>
			<title>@zombixbmc</title>
			<link>http://iptv10d:iptv10d@testserv2.no-ip.net/10.ch</link>
		</item>
	</streaminginfo>

	<streaminginfo>
		<cname>MBC Max</cname>
		<item>
	<title>@zombixbmcMBC MAX iptvosn</title>
			<link>http://88.150.198.74/$setting_iptvosnUser$/$setting_iptvosnPwd$/44.ch</link>
		</item>
	</streaminginfo>

	<streaminginfo>
		<cname>MBC Masr</cname>
		<item>
		<title>@zombixbmcMBC Masr iptvosn</title>
			<link>http://88.150.198.74/$setting_iptvosnUser$/$setting_iptvosnPwd$/43.ch</link>
		</item>
	</streaminginfo>

	<streaminginfo>
		<cname>Art Aflam 1</cname>
		<item>
			<title>@zombixbmc</title>
			<link>http://iptv10d:iptv10d@testserv2.no-ip.net/12.ch</link>
		</item>
	</streaminginfo>

	
	<streaminginfo>
		<cname>Art Aflam 2</cname>
		<item>
			<title>@zombixbmc</title>
			<link>http://iptv10d:iptv10d@testserv2.no-ip.net/13.ch</link>
		</item>
	</streaminginfo>

	
	<streaminginfo>
		<cname>ART Cinema</cname>
		<item>
			<title>@zombixbmc </title>
			<link>http://iptv10d:iptv10d@testserv2.no-ip.net/20.ch</link>
		</item>
	</streaminginfo>

	
	<streaminginfo>
		<cname>ART Cinema</cname>
		<item>
	        <title>@zombixbmc ART Cinema iptvosn</title>
			<link>http://88.150.198.74/$setting_iptvosnUser$/$setting_iptvosnPwd$/32.ch</link>
		</item>
	</streaminginfo>

	
	<streaminginfo>
		<cname>ART hykayet1</cname>
		<item>
			<title>@zombixbmc </title>
			<link>http://iptv10d:iptv10d@testserv2.no-ip.net/14.ch</link>
		</item>
	</streaminginfo>

	<streaminginfo>
		<cname>ART hykayet1</cname>
		<item>
			<title>@zombixbmc iptvosn</title>
			<link>http://88.150.198.74/$setting_iptvosnUser$/$setting_iptvosnPwd$/33.ch</link>
		</item>
	</streaminginfo>

	<streaminginfo>
		<cname>ART hykayet2</cname>
		<item>
			<title>@zombixbmc iptvosn</title>
			<link>http://88.150.198.74/$setting_iptvosnUser$/$setting_iptvosnPwd$/34.ch</link>
		</item>
	</streaminginfo>

	<streaminginfo>
		<cname>ART hykayet2</cname>
		<item>
			<title>@zombixbmc </title>
			<link>http://iptv10d:iptv10d@testserv2.no-ip.net/15.ch</link>
		</item>
	</streaminginfo>

	
	<streaminginfo>
		<cname>Nessma</cname>
		<item>
			<title>@zombixbmc</title>
			<link>http://iptv10d:iptv10d@testserv2.no-ip.net/11.ch</link>
		</item>
	</streaminginfo>

	
	<streaminginfo>
		<cname>Hanibal</cname>
		<item>
			<title>@zombixbmc</title>
			<link>http://iptv10d:iptv10d@testserv2.no-ip.net/7.ch</link>
		</item>
	</streaminginfo>

	
	<streaminginfo>
		<cname>Al Tunisia</cname>
		<item>
			<title>@zombixbmc no-ip</title>
			<link>http://iptv10d:iptv10d@testserv2.no-ip.net/8.ch</link>
		</item>
	</streaminginfo>

	
	<streaminginfo>
		<cname>Al Maghribia</cname>
		<item>
			<title>@zombixbmc</title>
			<link>http://ca-edge-2.cdn2.streamago.tv:80/streamagoedge/1922/815/playlist.m3u8</link>
		</item>
	</streaminginfo>

	
	<streaminginfo>
		<cname>ALFALASTINIAH</cname>
		<item>
			<title>@zombixbmc</title>
			<link>rtmp://46.43.64.166:1935/flv/flv</link>
		</item>
	</streaminginfo>

	
	<streaminginfo>
		<cname>Dubai</cname>
		<item>
			<title>@zombixbmc</title>
			<link>rtmp://wms03.endavomedia.com:1935/dmilivedubaitv/dmilivedubaitv_1</link>
		</item>
	</streaminginfo>

	
	<streaminginfo>
		<cname>MTV</cname>
		<item>
			<title>@zombixbmc</title>
			<link>rtsp://livestreaming1.itworkscdn.net/mtvlive/murrtelevision_160p</link>
		</item>
	</streaminginfo>

	
	<streaminginfo>
		<cname>AlYawm</cname>
		<item>
			<title>@zombixbmc</title>
			<link>rtmp://839156450.e.541833257.r.w6cdn.com/541833257//mp4:freeegeYSbQLHNsFZa timeout=15</link>
		</item>
	</streaminginfo>

	
	<streaminginfo>
		<cname>AlYawm</cname>
		<item>
			<title>@zombixbmc</title>
			<link>http://iphone-streaming.ustream.tv/ustreamVideo/12786066/streams/live/playlist.m3u8 timeout=15</link>
		</item>
	</streaminginfo>

	
	<streaminginfo>
		<cname>Canal plus</cname>
		<item>
			<title>@zombixbmc</title>
			<link>http://81.65.155.31:8001/1:0:1:200C:430:1:FFFF0000:0:0:0:</link>
		</item>
	</streaminginfo>

	
	<streaminginfo>
		<cname>2M</cname>
		<item>
			<title>@zombixbmc</title>
			<link>http://iphone-streaming.ustream.tv/ustreamVideo/8312072/streams/live/playlist.m3u8</link>
		</item>
	</streaminginfo>
	
	<streaminginfo>
		<cname>2M</cname>
		<item>
			<title>@zombixbmc</title>
			<link>http://cdn-streamer2.magictvbox.com/96.m3u8</link>
		</item>
	</streaminginfo>

	
	<streaminginfo>
		<cname>France 24 FR</cname>
		<item>
			<title>@zombixbmc</title>
			<link>rtmp://$doregex[url] app=live/$doregex[key] playpath=298.high.stream swfUrl=http://www.filmon.com/tv/modules/FilmOnTV/files/flashapp/filmon/FilmonPlayer.swf pageUrl=http://www.filmon.com live=true timeout=15</link>
            <regex>
             <name>url</name>
              <expres>rtmp:....([^\\]*)</expres>
               <page>http://www.filmon.com/tv/channel/export?channel_id=298</page>
            </regex>
            <regex>
            <name>key</name>
               <expres>rtmp[^?]*(\?id=[^"]*)</expres>
                 <page>http://www.filmon.com/tv/channel/export?channel_id=298</page>
            </regex>
		</item>
		
	</streaminginfo>

	
	<streaminginfo>
		<cname>AlFajer Gaza</cname>
		<item>
			<title>@zombixbmc</title>
			<link>rtmp://82.102.232.165:1935/alfajertv_gaza/alfajertv_1</link>
		</item>
	</streaminginfo>

	
	<streaminginfo>
		<cname>Alfajr Int</cname>
		<item>
			<title>@zombixbmc</title>
			<link>rtmp://vstream2.hadara.ps:1935/unlimitedalfajer/unlimited_1</link>
		</item>
	</streaminginfo>

	
	<streaminginfo>
		<cname>OSN EN</cname>
		<item>
			<title>@zombixbmc fb/Iptvosn</title>
			<link></link>
		</item>
	</streaminginfo>

<streaminginfo>
		<cname>OSN EN</cname>
		<item>
			<title>@zombixbmc OSN:OSN First HD iptvosn</title>
			<link>http://88.150.198.74/$setting_iptvosnUser$/$setting_iptvosnPwd$/23.ch</link>
		</item>
	</streaminginfo>

	
	<streaminginfo>
		<cname>OSN EN</cname>
		<item>
			<title>@zombixbmc OSN MOVIES ACTION iptvosn</title>
			<link>http://88.150.198.74/$setting_iptvosnUser$/$setting_iptvosnPwd$/24.ch</link>
		</item>
	</streaminginfo>

	
	<streaminginfo>
		<cname>OSN EN</cname>
		<item>
			<title>@zombixbmcOSN Movies HD +2 iptvosn</title>
			<link>http://88.150.198.74/$setting_iptvosnUser$/$setting_iptvosnPwd$/25.ch</link>
		</item>
	</streaminginfo>

	
	<streaminginfo>
		<cname>OSN EN</cname>
		<item>
			<title>@zombixbmcOSN Movies Comedy HD iptvosn</title>
			<link>http://88.150.198.74/$setting_iptvosnUser$/$setting_iptvosnPwd$/26.ch</link>
		</item>
	</streaminginfo>

	
	<streaminginfo>
		<cname>OSN EN</cname>
		<item>
		   <title>@zombixbmcOSN Movies Premiere HD iptvosn</title>
		   <link>http://88.150.198.74/$setting_iptvosnUser$/$setting_iptvosnPwd$/27.ch</link>
		</item>
	</streaminginfo>

	<streaminginfo>
		<cname>OSN Ar</cname>
		<item>
			<title>@zombixbmc</title>
			<link></link>
		</item>
	</streaminginfo>
    <streaminginfo>
		<cname>OSN Ar</cname>
		<item>
			<title>@zombixbmcOSN Yahala Drama iptvosn</title>
			<link>http://88.150.198.74/$setting_iptvosnUser$/$setting_iptvosnPwd$/28.ch</link>
		</item>
	</streaminginfo>

	
	<streaminginfo>
		<cname>OSN Ar</cname>
		<item>
		    <title>@zombixbmcOSN Yahala HD +2 iptvosn</title>
			<link>http://88.150.198.74/$setting_iptvosnUser$/$setting_iptvosnPwd$/29.ch</link>
		</item>
	</streaminginfo>

    <streaminginfo>
		<cname>OSN Ar</cname>
		<item>
		    <title>@zombixbmc OSN Yahala iptvosn</title>
			<link>http://88.150.198.74/$setting_iptvosnUser$/$setting_iptvosnPwd$/30.ch</link>
		</item>
	</streaminginfo>

    <streaminginfo>
		<cname>OSN Ar</cname>
		<item>
		    <title>@zombixbmc OSN Shabab iptvosn</title>
			<link>http://88.150.198.74/$setting_iptvosnUser$/$setting_iptvosnPwd$/31.ch</link>
		</item>
	</streaminginfo>

	
	<streaminginfo>
		<cname>M6</cname>
		<item>
			<title>@zombixbmc </title>
			<link>http://iptv10d:iptv10d@testserv2.no-ip.net/21.ch</link>
		</item>
	</streaminginfo>
	
	<streaminginfo>
		<cname>M6</cname>
		<item>
			<title>@zombixbmc </title>
			<link>http://88.150.198.74/$setting_iptvosnUser$/$setting_iptvosnPwd$/81.ch</link>
		</item>
	</streaminginfo>

	
	<streaminginfo>
		<cname>W9</cname>
		<item>
			<title>@zombixbmc </title>
			<link>http://iptv10d:iptv10d@testserv2.no-ip.net/37.ch</link>
		</item>
	</streaminginfo>

	
	<streaminginfo>
		<cname>Telvza TV</cname>
		<item>
			<title>@zombixbmc </title>
			<link>rtmp://41.231.53.11:8888/thd/ playpath=telvza swfUrl=http://streaminghd.tn/video/player.swf?random=1664158234 live=1 pageUrl=http://www.direct4live.com/2013/10/telvza-tv-en-direct-live.html</link>
		</item>
	</streaminginfo>
	
	<streaminginfo>
		<cname>Telvza TV</cname>
		<item>
			<title>@zombixbmc </title>
			<link>http://free:free@matchfree1to10.no-ip.net/36.ch</link>
		</item>
	</streaminginfo>
	
	<streaminginfo>
		<cname>Al Hiwar Ettounsi</cname>
		<item>
			<title>@zombixbmc </title>
			<link>http://free:free@matchfree1to10.no-ip.net/36.ch</link>
		</item>
	</streaminginfo>
	

	
	<streaminginfo>
		<cname>Tounesna</cname>
		<item>
			<title>@zombixbmc </title>
			<link>rtmp://41.231.53.11:8888/thd playpath=tunisna swfUrl=http://streaminghd.tn/video/player.swf?random=1578550586 live=1 pageUrl=http://www.direct4live.com/2014/02/tounesna-tv-direct-live.html</link>
		</item>
	</streaminginfo>
	
	<streaminginfo>
		<cname>Tounesna</cname>
		<item>
			<title>@zombixbmc </title>
			<link>http://free:free@matchfree1to10.no-ip.net/38.ch</link>
		</item>
	</streaminginfo>
	
	<streaminginfo>
		<cname>Alarabiya</cname>
		<item>
			<title>@zombixbmc </title>
			<link>http://free:free@matchfree1to10.no-ip.net/20.ch</link>
		</item>
	</streaminginfo>

	
	<streaminginfo>
		<cname>Al Tunisia</cname>
		<item>
			<title>@zombixbmc web-medias</title>
			<link>rtmp://iptv.web-medias.net/live playpath=al_tunisia swfUrl=http://www.web-medias.net/jwplayer.swf live=1 pageUrl=http://www.web-medias.net/ettounsiya-tv-en-direct-live</link>
		</item>
	</streaminginfo>

	
	<streaminginfo>
		<cname>alwatan</cname>
		<item>
			<title>@zombixbmc </title>
			<link>http://alwatan_hls-lh.akamaihd.net/i/alwatan_ar@91111/master.m3u8</link>
		</item>
	</streaminginfo>

	
	<streaminginfo>
		<cname>SkyNewsArabia</cname>
		<item>
			<title>@zombixbmc </title>
			<link>rtmp://hd7.lsops.net/live/ playpath=skynewsi_ar_372 swfUrl=http://static.ls-cdn.com/player/5.10/livestation-player.swf?1375015323 pageUrl=http://www.livestation.com/ar/channels/sky-news-arabia live=1</link>
		</item>
	</streaminginfo>
	
	<streaminginfo>
		<cname>DW Arabic</cname>
		<item>
			<title>@zombixbmc </title>
			<link>rtmp://dw.lsops.net/live/ playpath=dw_ar_584 swfUrl=http://static.ls-cdn.com/player/5.10/livestation-player.swf?1375015323 pageUrl=http://www.livestation.com/ar/dw-arabia live=1</link>
		</item>
	</streaminginfo>

	<streaminginfo>
		<cname>Libya</cname>
		<item>
			<title>@zombixbmc </title>
			<link>rtmp://hd2.lsops.net/live playpath=libyatv_ar_372 swfUrl=http://static.ls-cdn.com/player/5.10/livestation-player.swf?1375015323 pageUrl=http://www.livestation.com/ar/libyatv live=1</link>
		</item>
	</streaminginfo>
	
	<streaminginfo>
		<cname>alnabaa</cname>
		<item>
			<title>@zombixbmc </title>
			<link>rtmp://alnabaa.lsops.net/live playpath=alnabaa_ar_584 swfUrl=http://static.ls-cdn.com/player/5.10/livestation-player.swf?1375015323 pageUrl=http://www.livestation.com/ar/al_nabaa live=1</link>
		</item>
	</streaminginfo>
	
	<streaminginfo>
		<cname>alnabaa</cname>
		<item>
			<title>@zombixbmc </title>
			<link>http://88.150.198.74/$setting_iptvosnUser$/$setting_iptvosnPwd$/120.ch</link>
		</item>
	</streaminginfo>
	
	<streaminginfo>
		<cname>BBC Arabic</cname>
		<item>
			<title>@zombixbmc </title>
			<link>http://88.150.198.74/$setting_iptvosnUser$/$setting_iptvosnPwd$/121.ch</link>
		</item>
	</streaminginfo>
	
	<streaminginfo>
		<cname>Roya</cname>
		<item>
			<title>@zombixbmc </title>
			<link>http://stream.joinvisions.net:1935/royalive/roya_2/playlist.m3u8</link>
		</item>
	</streaminginfo>

	
	<streaminginfo>
		<cname>Aljazeera Doc</cname>
		<item>
	        <title>@zombixbmc AL JAZEERA DOCUMENTARY iptvosn</title>
			<link>http://88.150.198.74/$setting_iptvosnUser$/$setting_iptvosnPwd$/47.ch</link>
		</item>
	</streaminginfo>
	
	<streaminginfo>
		<cname>OSN ALPHA orbit</cname>
		<item>
	        <title>@zombixbmc </title>
			<link></link>
		</item>
	</streaminginfo>
	<streaminginfo>
		<cname>Cinema EN</cname>
		<item>
	        <title>@zombixbmc ar</title>
			<link>http://212.68.33.139:8001</link>
		</item>
	</streaminginfo>
	<streaminginfo>
		<cname>Cinema EN</cname>
		<item>
	        <title>@zombixbmc fr</title>
			<link>http://212.68.33.139:8003</link>
		</item>
	</streaminginfo>
	<streaminginfo>
		<cname>Cinema EN</cname>
		<item>
	        <title>@zombixbmc en</title>
			<link>http://212.68.33.139:8002</link>
		</item>
	</streaminginfo>
	<streaminginfo>
		<cname>OSN ALPHA orbit</cname>
		<item>
	        <title>@zombixbmc Orbit Cinema 2 iptvosn</title>
			<link>http://88.150.198.74/$setting_iptvosnUser$/$setting_iptvosnPwd$/59.ch</link>
		</item>
	</streaminginfo>
<streaminginfo>
		<cname>OSN ALPHA orbit</cname>
		<item>
	        <title>@zombixbmc Orbit Cinema 1 iptvosn</title>
			<link>http://88.150.198.74/$setting_iptvosnUser$/$setting_iptvosnPwd$/58.ch</link>
		</item>
	</streaminginfo>
<streaminginfo>
		<cname>OSN ALPHA orbit</cname>
		<item>
	        <title>@zombixbmc Orbit Alyawm iptvosn</title>
			<link>http://88.150.198.74/$setting_iptvosnUser$/$setting_iptvosnPwd$/60.ch</link>
		</item>
	</streaminginfo>
<streaminginfo>
		<cname>OSN ALPHA orbit</cname>
		<item>
	        <title>@zombixbmc Orbit Fann iptvosn</title>
			<link>http://88.150.198.74/$setting_iptvosnUser$/$setting_iptvosnPwd$/61.ch</link>
		</item>
	</streaminginfo>
<streaminginfo>
		<cname>OSN ALPHA orbit</cname>
		<item>
	        <title>@zombixbmc Orbit Mmousalsalat iptvosn</title>
			<link>http://88.150.198.74/$setting_iptvosnUser$/$setting_iptvosnPwd$/62.ch</link>
		</item>
	</streaminginfo>
<streaminginfo>
		<cname>OSN ALPHA orbit</cname>
		<item>
	        <title>@zombixbmc Orbit Alsafwa iptvosn</title>
			<link>http://88.150.198.74/$setting_iptvosnUser$/$setting_iptvosnPwd$/63.ch</link>
		</item>
	</streaminginfo>
<streaminginfo>
		<cname>OSN ALPHA orbit</cname>
		<item>
	        <title>@zombixbmc Orbit MusicNow iptvosn</title>
			<link>http://88.150.198.74/$setting_iptvosnUser$/$setting_iptvosnPwd$/64.ch</link>
		</item>
	</streaminginfo>

	<streaminginfo>
		<cname>Moga Comedy</cname>
		<item>
	        <title>@zombixbmc  iptvosn</title>
			<link>http://88.150.198.74/$setting_iptvosnUser$/$setting_iptvosnPwd$/66.ch</link>
		</item>
	</streaminginfo>
	
	<streaminginfo>
		<cname>Al Moustakilla</cname>
		<item>
	        <title>@zombixbmc  no-ip</title>
			<link>http://iptv10d:iptv10d@testserv2.no-ip.net/40.ch</link>
		</item>
	</streaminginfo>
	
	<streaminginfo>
		<cname>Al Mutawasit</cname>
		<item>
	        <title>@zombixbmc  no-ip</title>
			<link>http://free:free@matchfree1to10.no-ip.net/34.ch</link>
		</item>
	</streaminginfo>
	
	<streaminginfo>
		<cname>TNN</cname>
		<item>
	        <title>@zombixbmc  no-ip</title>
			<link>http://free:free@matchfree1to10.no-ip.net/35.ch</link>
		</item>
	</streaminginfo>
	
	<streaminginfo>
		<cname>Al Alam</cname>
		<item>
			<title>@zombixbmc iptvosn Al Alam</title>
			<link>http://88.150.198.74/$setting_iptvosnUser$/$setting_iptvosnPwd$/117.ch</link>
		</item>
	</streaminginfo>


<streaminginfo>
		<cname>Al mayaden</cname>
		<item>
			<title>@zombixbmc iptvosn Al Mayadeen</title>
			<link>http://88.150.198.74/$setting_iptvosnUser$/$setting_iptvosnPwd$/119.ch</link>
		</item>
	</streaminginfo>


<streaminginfo>
		<cname>AL AHLY</cname>
		<item>
			<title>@zombixbmc iptvosn AL AHLY CLUB</title>
			<link>http://88.150.198.74/$setting_iptvosnUser$/$setting_iptvosnPwd$/103.ch</link>
		</item>
	</streaminginfo>


<streaminginfo>
		<cname>KTV SPORT</cname>
		<item>
			<title>@zombixbmc iptvosn KUWAIT SPORT</title>
			<link>http://88.150.198.74/$setting_iptvosnUser$/$setting_iptvosnPwd$/106.ch</link>
		</item>
	</streaminginfo>


<streaminginfo>
		<cname>AlQahera W Elnas</cname>
		<item>
			<title>@zombixbmc iptvosn AlQahera W Elnas</title>
			<link>http://88.150.198.74/$setting_iptvosnUser$/$setting_iptvosnPwd$/107.ch</link>
		</item>
	</streaminginfo>


<streaminginfo>
		<cname>SM SM KIDS</cname>
		<item>
			<title>@zombixbmc iptvosn SM SM KIDS</title>
			<link>http://88.150.198.74/$setting_iptvosnUser$/$setting_iptvosnPwd$/102.ch</link>
		</item>
	</streaminginfo>


<streaminginfo>
		<cname>E 1 KIDS</cname>
		<item>
			<title>@zombixbmc iptvosn E 1 KIDS</title>
			<link>http://88.150.198.74/$setting_iptvosnUser$/$setting_iptvosnPwd$/104.ch</link>
		</item>
	</streaminginfo>


<streaminginfo>
		<cname>Al Sharqiya</cname>
		<item>
			<title>@zombixbmc iptvosn Al Sharqiya</title>
			<link>http://88.150.198.74/$setting_iptvosnUser$/$setting_iptvosnPwd$/115.ch</link>
		</item>
	</streaminginfo>


<streaminginfo>
		<cname>Abu Dhabi</cname>
		<item>
			<title>@zombixbmc iptvosn AD AL AULA</title>
			<link>http://88.150.198.74/$setting_iptvosnUser$/$setting_iptvosnPwd$/108.ch</link>
		</item>
	</streaminginfo>


<streaminginfo>
		<cname>Jordan</cname>
		<item>
			<title>@zombixbmc iptvosn JORDEN</title>
			<link>http://88.150.198.74/$setting_iptvosnUser$/$setting_iptvosnPwd$/109.ch</link>
		</item>
	</streaminginfo>




<streaminginfo>
		<cname>Sada Al Balad</cname>
		<item>
			<title>@zombixbmc iptvosn SDA AL BLAD</title>
			<link>http://88.150.198.74/$setting_iptvosnUser$/$setting_iptvosnPwd$/112.ch</link>
		</item>
	</streaminginfo>


<streaminginfo>
		<cname>Al Nahar</cname>
		<item>
			<title>@zombixbmc iptvosn AL NHAR</title>
			<link>http://88.150.198.74/$setting_iptvosnUser$/$setting_iptvosnPwd$/113.ch</link>
		</item>
	</streaminginfo>


<streaminginfo>
		<cname>Al-Nahar Drama</cname>
		<item>
			<title>@zombixbmc iptvosn ANNAHAR DRAMA</title>
			<link>http://88.150.198.74/$setting_iptvosnUser$/$setting_iptvosnPwd$/85.ch</link>
		</item>
	</streaminginfo>


<streaminginfo>
		<cname>Syria Drama</cname>
		<item>
			<title>@zombixbmc iptvosn SYRIA DRAMA</title>
			<link>http://88.150.198.74/$setting_iptvosnUser$/$setting_iptvosnPwd$/78.ch</link>
		</item>
	</streaminginfo>


<streaminginfo>
		<cname>Cairo Drama</cname>
		<item>
			<title>@zombixbmc iptvosn CAIRO DRAMA</title>
			<link>http://88.150.198.74/$setting_iptvosnUser$/$setting_iptvosnPwd$/82.ch</link>
		</item>
	</streaminginfo>


<streaminginfo>
		<cname>Panorama Drama</cname>
		<item>
			<title>@zombixbmc iptvosn PANORAMA DRAMA</title>
			<link>http://88.150.198.74/$setting_iptvosnUser$/$setting_iptvosnPwd$/89.ch</link>
		</item>
	</streaminginfo>


<streaminginfo>
		<cname>SadacAlBalad Drama</cname>
		<item>
			<title>@zombixbmc iptvosn SADA ALBALAD DRAMA</title>
			<link>http://88.150.198.74/$setting_iptvosnUser$/$setting_iptvosnPwd$/92.ch</link>
		</item>
	</streaminginfo>


<streaminginfo>
		<cname>Panorama film</cname>
		<item>
			<title>@zombixbmc iptvosn PANORAMA CINEMA</title>
			<link>http://88.150.198.74/$setting_iptvosnUser$/$setting_iptvosnPwd$/96.ch</link>
		</item>
	</streaminginfo>


<streaminginfo>
		<cname>Cairo Cinema</cname>
		<item>
			<title>@zombixbmc iptvosn CAIRO CINEMA</title>
			<link>http://88.150.198.74/$setting_iptvosnUser$/$setting_iptvosnPwd$/79.ch</link>
		</item>
	</streaminginfo>


<streaminginfo>
		<cname>Nile Cinema</cname>
		<item>
			<title>@zombixbmc iptvosn NILE CINEMA</title>
			<link>http://88.150.198.74/$setting_iptvosnUser$/$setting_iptvosnPwd$/87.ch</link>
		</item>
	</streaminginfo>


<streaminginfo>
		<cname>Sama Cinema</cname>
		<item>
			<title>@zombixbmc iptvosn SAMA CINEMA</title>
			<link>http://88.150.198.74/$setting_iptvosnUser$/$setting_iptvosnPwd$/88.ch</link>
		</item>
	</streaminginfo>


<streaminginfo>
		<cname>Star Cinema</cname>
		<item>
			<title>@zombixbmc iptvosn STAR CINEMA 1</title>
			<link>http://88.150.198.74/$setting_iptvosnUser$/$setting_iptvosnPwd$/81.ch</link>
		</item>
	</streaminginfo>


<streaminginfo>
		<cname>Star Cinema</cname>
		<item>
			<title>@zombixbmc iptvosn STAR CINEMA 2</title>
			<link>http://88.150.198.74/$setting_iptvosnUser$/$setting_iptvosnPwd$/80.ch</link>
		</item>
	</streaminginfo>


<streaminginfo>
		<cname>LCD AFLAM</cname>
		<item>
			<title>@zombixbmc iptvosn LCD AFLAM</title>
			<link>http://88.150.198.74/$setting_iptvosnUser$/$setting_iptvosnPwd$/99.ch</link>
		</item>
	</streaminginfo>


<streaminginfo>
		<cname>CBC</cname>
		<item>
			<title>@zombixbmc iptvosn CBC</title>
			<link>http://88.150.198.74/$setting_iptvosnUser$/$setting_iptvosnPwd$/86.ch</link>
		</item>
	</streaminginfo>


<streaminginfo>
		<cname>SHAABIYAT</cname>
		<item>
			<title>@zombixbmc iptvosn SHAABIYAT</title>
			<link>http://88.150.198.74/$setting_iptvosnUser$/$setting_iptvosnPwd$/95.ch</link>
		</item>
	</streaminginfo>


<streaminginfo>
		<cname>TIME CORAN</cname>
		<item>
			<title>@zombixbmc iptvosn TIME CORAN</title>
			<link>http://88.150.198.74/$setting_iptvosnUser$/$setting_iptvosnPwd$/98.ch</link>
		</item>
	</streaminginfo>


<streaminginfo>
		<cname>OSN EN</cname>
		<item>
			<title>@zombixbmc iptvosn OSN First HD</title>
			<link>http://88.150.198.74/$setting_iptvosnUser$/$setting_iptvosnPwd$/24.ch</link>
		</item>
	</streaminginfo>


<streaminginfo>
		<cname>OSN EN</cname>
		<item>
			<title>@zombixbmc iptvosn OSN Moies Action HD</title>
			<link>http://88.150.198.74/$setting_iptvosnUser$/$setting_iptvosnPwd$/25.ch</link>
		</item>
	</streaminginfo>


<streaminginfo>
		<cname>OSN EN</cname>
		<item>
			<title>@zombixbmc iptvosn OSN Movies HD +2</title>
			<link>http://88.150.198.74/$setting_iptvosnUser$/$setting_iptvosnPwd$/26.ch</link>
		</item>
	</streaminginfo>


<streaminginfo>
		<cname>OSN EN</cname>
		<item>
			<title>@zombixbmc iptvosn OSN Movies Comedy HD</title>
			<link>http://88.150.198.74/$setting_iptvosnUser$/$setting_iptvosnPwd$/27.ch</link>
		</item>
	</streaminginfo>


<streaminginfo>
		<cname>OSN EN</cname>
		<item>
			<title>@zombixbmc iptvosn OSN Movies Premiere HD</title>
			<link>http://88.150.198.74/$setting_iptvosnUser$/$setting_iptvosnPwd$/28.ch</link>
		</item>
	</streaminginfo>


<streaminginfo>
		<cname>OSN Ar</cname>
		<item>
			<title>@zombixbmc iptvosn OSN Yahala Drama</title>
			<link>http://88.150.198.74/$setting_iptvosnUser$/$setting_iptvosnPwd$/29.ch</link>
		</item>
	</streaminginfo>


<streaminginfo>
		<cname>OSN Ar</cname>
		<item>
			<title>@zombixbmc iptvosn OSN Yahala HD +2</title>
			<link>http://88.150.198.74/$setting_iptvosnUser$/$setting_iptvosnPwd$/30.ch</link>
		</item>
	</streaminginfo>


<streaminginfo>
		<cname>OSN Ar</cname>
		<item>
			<title>@zombixbmc iptvosn OSN Yahala</title>
			<link>http://88.150.198.74/$setting_iptvosnUser$/$setting_iptvosnPwd$/31.ch</link>
		</item>
	</streaminginfo>


<streaminginfo>
		<cname>OSN Ar</cname>
		<item>
			<title>@zombixbmc iptvosn OSN Shabab</title>
			<link>http://88.150.198.74/$setting_iptvosnUser$/$setting_iptvosnPwd$/32.ch</link>
		</item>
	</streaminginfo>


<streaminginfo>
		<cname>ART Cinema</cname>
		<item>
			<title>@zombixbmc iptvosn ART Cinema</title>
			<link>http://88.150.198.74/$setting_iptvosnUser$/$setting_iptvosnPwd$/33.ch</link>
		</item>
	</streaminginfo>


<streaminginfo>
		<cname>ART hykayet1</cname>
		<item>
			<title>@zombixbmc iptvosn ART Hekayat</title>
			<link>http://88.150.198.74/$setting_iptvosnUser$/$setting_iptvosnPwd$/34.ch</link>
		</item>
	</streaminginfo>


<streaminginfo>
		<cname>ART hykayet2</cname>
		<item>
			<title>@zombixbmc iptvosn ART Hekayat 2</title>
			<link>http://88.150.198.74/$setting_iptvosnUser$/$setting_iptvosnPwd$/35.ch</link>
		</item>
	</streaminginfo>


<streaminginfo>
		<cname>Al Maghribia</cname>
		<item>
			<title>@zombixbmc iptvosn ElMAGRBIA</title>
			<link>http://88.150.198.74/$setting_iptvosnUser$/$setting_iptvosnPwd$/36.ch</link>
		</item>
	</streaminginfo>


<streaminginfo>
		<cname>MBC 1</cname>
		<item>
			<title>@zombixbmc iptvosn MBC 1</title>
			<link>http://88.150.198.74/$setting_iptvosnUser$/$setting_iptvosnPwd$/37.ch</link>
		</item>
	</streaminginfo>


<streaminginfo>
		<cname>MBC 2</cname>
		<item>
			<title>@zombixbmc iptvosn MBC 2</title>
			<link>http://88.150.198.74/$setting_iptvosnUser$/$setting_iptvosnPwd$/38.ch</link>
		</item>
	</streaminginfo>


<streaminginfo>
		<cname>MBC 3</cname>
		<item>
			<title>@zombixbmc iptvosn MBC 3</title>
			<link>http://88.150.198.74/$setting_iptvosnUser$/$setting_iptvosnPwd$/39.ch</link>
		</item>
	</streaminginfo>


<streaminginfo>
		<cname>MBC 4</cname>
		<item>
			<title>@zombixbmc iptvosn MBC 4</title>
			<link>http://88.150.198.74/$setting_iptvosnUser$/$setting_iptvosnPwd$/40.ch</link>
		</item>
	</streaminginfo>


<streaminginfo>
		<cname>MBC Action</cname>
		<item>
			<title>@zombixbmc iptvosn MBC Action</title>
			<link>http://88.150.198.74/$setting_iptvosnUser$/$setting_iptvosnPwd$/41.ch</link>
		</item>
	</streaminginfo>


<streaminginfo>
		<cname>MBC Drama</cname>
		<item>
			<title>@zombixbmc iptvosn MBC Drama</title>
			<link>http://88.150.198.74/$setting_iptvosnUser$/$setting_iptvosnPwd$/42.ch</link>
		</item>
	</streaminginfo>


<streaminginfo>
		<cname>MBC Masr</cname>
		<item>
			<title>@zombixbmc iptvosn MBC Masr</title>
			<link>http://88.150.198.74/$setting_iptvosnUser$/$setting_iptvosnPwd$/43.ch</link>
		</item>
	</streaminginfo>


<streaminginfo>
		<cname>MBC Max</cname>
		<item>
			<title>@zombixbmc iptvosn MBC MAX</title>
			<link>http://88.150.198.74/$setting_iptvosnUser$/$setting_iptvosnPwd$/44.ch</link>
		</item>
	</streaminginfo>


<streaminginfo>
		<cname>Aljazeera</cname>
		<item>
			<title>@zombixbmc iptvosn AL JAZEERA</title>
			<link>http://88.150.198.74/$setting_iptvosnUser$/$setting_iptvosnPwd$/116.ch</link>
		</item>
	</streaminginfo>


<streaminginfo>
		<cname>Aljazeera</cname>
		<item>
			<title>@zombixbmc iptvosn AL JAZEERA ARABIC</title>
			<link>http://88.150.198.74/$setting_iptvosnUser$/$setting_iptvosnPwd$/45.ch</link>
		</item>
	</streaminginfo>



<streaminginfo>
		<cname>Aljazeera Doc</cname>
		<item>
			<title>@zombixbmc iptvosn AL JAZEERA DOCUMENTARY</title>
			<link>http://88.150.198.74/$setting_iptvosnUser$/$setting_iptvosnPwd$/47.ch</link>
		</item>
	</streaminginfo>


<streaminginfo>
		<cname>Al Jazeera America</cname>
		<item>
			<title>@zombixbmc iptvosn Al Jazeera America</title>
			<link>http://88.150.198.74/$setting_iptvosnUser$/$setting_iptvosnPwd$/118.ch</link>
		</item>
	</streaminginfo>


<streaminginfo>
		<cname>DISCOVERY CHANNEL</cname>
		<item>
			<title>@zombixbmc iptvosn Discovery Channel</title>
			<link>http://88.150.198.74/$setting_iptvosnUser$/$setting_iptvosnPwd$/77.ch</link>
		</item>
	</streaminginfo>
<streaminginfo>
		<cname>Cartoon Network</cname>
		<item>
			<title>@zombixbmc iptvosn Nickelodeon</title>
			<link>http://88.150.198.74/$setting_iptvosnUser$/$setting_iptvosnPwd$/48.ch</link>
		</item>
	</streaminginfo>


<streaminginfo>
		<cname>Fox</cname>
		<item>
			<title>@zombixbmc iptvosn Fox</title>
			<link>http://88.150.198.74/$setting_iptvosnUser$/$setting_iptvosnPwd$/75.ch</link>
		</item>
	</streaminginfo>


<streaminginfo>
		<cname>Fox</cname>
		<item>
			<title>@zombixbmc iptvosn Fox Life</title>
			<link>http://88.150.198.74/$setting_iptvosnUser$/$setting_iptvosnPwd$/49.ch</link>
		</item>
	</streaminginfo>


<streaminginfo>
		<cname>DISCOVERY CHANNEL</cname>
		<item>
			<title>@zombixbmc iptvosn Animal Planet</title>
			<link>http://88.150.198.74/$setting_iptvosnUser$/$setting_iptvosnPwd$/50.ch</link>
		</item>
	</streaminginfo>


<streaminginfo>
		<cname>OSN ALPHA orbit</cname>
		<item>
			<title>@zombixbmc iptvosn Orbit Cinema 1</title>
			<link>http://88.150.198.74/$setting_iptvosnUser$/$setting_iptvosnPwd$/51.ch</link>
		</item>
	</streaminginfo>


<streaminginfo>
		<cname>OSN ALPHA orbit</cname>
		<item>
			<title>@zombixbmc iptvosn Orbit Cinema 2</title>
			<link>http://88.150.198.74/$setting_iptvosnUser$/$setting_iptvosnPwd$/52.ch</link>
		</item>
	</streaminginfo>


<streaminginfo>
		<cname>OSN ALPHA orbit</cname>
		<item>
			<title>@zombixbmc iptvosn Orbit  Alyawm</title>
			<link>http://88.150.198.74/$setting_iptvosnUser$/$setting_iptvosnPwd$/53.ch</link>
		</item>
	</streaminginfo>


<streaminginfo>
		<cname>OSN ALPHA orbit</cname>
		<item>
			<title>@zombixbmc iptvosn Orbit Fann</title>
			<link>http://88.150.198.74/$setting_iptvosnUser$/$setting_iptvosnPwd$/54.ch</link>
		</item>
	</streaminginfo>


<streaminginfo>
		<cname>OSN ALPHA orbit</cname>
		<item>
			<title>@zombixbmc iptvosn Orbit Mmousalsalat</title>
			<link>http://88.150.198.74/$setting_iptvosnUser$/$setting_iptvosnPwd$/55.ch</link>
		</item>
	</streaminginfo>


<streaminginfo>
		<cname>OSN ALPHA orbit</cname>
		<item>
			<title>@zombixbmc iptvosn Orbit Alsafwa</title>
			<link>http://88.150.198.74/$setting_iptvosnUser$/$setting_iptvosnPwd$/56.ch</link>
		</item>
	</streaminginfo>


<streaminginfo>
		<cname>OSN ALPHA orbit</cname>
		<item>
			<title>@zombixbmc iptvosn Orbit MusicNow</title>
			<link>http://88.150.198.74/$setting_iptvosnUser$/$setting_iptvosnPwd$/57.ch</link>
		</item>
	</streaminginfo>


<streaminginfo>
		<cname>Moga Comedy</cname>
		<item>
			<title>@zombixbmc iptvosn Moga Comedy</title>
			<link>http://88.150.198.74/$setting_iptvosnUser$/$setting_iptvosnPwd$/58.ch</link>
		</item>
	</streaminginfo>


<streaminginfo>
		<cname>CBC Drama</cname>
		<item>
			<title>@zombixbmc iptvosn CBC DRAMA</title>
			<link>http://88.150.198.74/$setting_iptvosnUser$/$setting_iptvosnPwd$/59.ch</link>
		</item>
	</streaminginfo>


<streaminginfo>
		<cname>CBC Extra</cname>
		<item>
			<title>@zombixbmc iptvosn CBC EXTRA</title>
			<link>http://88.150.198.74/$setting_iptvosnUser$/$setting_iptvosnPwd$/60.ch</link>
		</item>
	</streaminginfo>


<streaminginfo>
		<cname>On TV</cname>
		<item>
			<title>@zombixbmc iptvosn On Tv</title>
			<link>http://88.150.198.74/$setting_iptvosnUser$/$setting_iptvosnPwd$/61.ch</link>
		</item>
	</streaminginfo>


<streaminginfo>
		<cname>Rotana cinema</cname>
		<item>
			<title>@zombixbmc iptvosn Rotana Cinema</title>
			<link>http://88.150.198.74/$setting_iptvosnUser$/$setting_iptvosnPwd$/62.ch</link>
		</item>
	</streaminginfo>


<streaminginfo>
		<cname>Rotana Aflam</cname>
		<item>
			<title>@zombixbmc iptvosn Rotana Aflam</title>
			<link>http://88.150.198.74/$setting_iptvosnUser$/$setting_iptvosnPwd$/63.ch</link>
		</item>
	</streaminginfo>


<streaminginfo>
		<cname>Roya</cname>
		<item>
			<title>@zombixbmc iptvosn Roya</title>
			<link>http://88.150.198.74/$setting_iptvosnUser$/$setting_iptvosnPwd$/71.ch</link>
		</item>
	</streaminginfo>


<streaminginfo>
		<cname>Karameesh</cname>
		<item>
			<title>@zombixbmc iptvosn Karameesh</title>
			<link>http://88.150.198.74/$setting_iptvosnUser$/$setting_iptvosnPwd$/70.ch</link>
		</item>
	</streaminginfo>
	
	    <streaminginfo>
		<cname>Star Cinema</cname>
		<item>
			<title>@zombixbmc magictv STAR 1 AFLAM</title>
			<link>http://cdn-streamer1.magictvbox.com/live/10147.stream/chunklist.m3u8</link>
		</item>
	</streaminginfo>
    <streaminginfo>
		<cname>Star Cinema</cname>
		<item>
			<title>@zombixbmc magictv  STAR 1 AFLAM SRV 2</title>
			<link>http://cdn-delay1.magictvbox.com/2.m3u8</link>
		</item>
	</streaminginfo>
<streaminginfo>
		<cname>Star Cinema</cname>
		<item>
			<title>@zombixbmc magictv  STAR 2 AFLAM</title>
			<link>http://cdn-delay1.magictvbox.com/4.m3u8</link>
		</item>
	</streaminginfo>
<streaminginfo>
		<cname>Star Cinema</cname>
		<item>
			<title>@zombixbmc magictv  STAR 2 AFLAM SRV 2</title>
			<link>http://cdn-streamer1.magictvbox.com/live/10146.stream/playlist.m3u8</link>
		</item>
	</streaminginfo>
<streaminginfo>
		<cname>LCD AFLAM</cname>
		<item>
			<title>@zombixbmc magictv  LCD AFLAM</title>
			<link>http://cdn-streamer1.magictvbox.com/live/10186.stream/chunklist.m3u8</link>
		</item>
	</streaminginfo>
<streaminginfo>
		<cname>Time cinema</cname>
		<item>
			<title>@zombixbmc magictv  TAIM AFLAM</title>
			<link>http://cdn-streamer1.magictvbox.com/live/10145.stream/playlist.m3u8</link>
		</item>
	</streaminginfo>
<streaminginfo>
		<cname>Time cinema</cname>
		<item>
			<title>@zombixbmc magictv  CINEMA</title>
			<link>http://cdn-streamer1.magictvbox.com/live/10144.stream/playlist.m3u8</link>
		</item>
	</streaminginfo>
<streaminginfo>
		<cname>Panorama film</cname>
		<item>
			<title>@zombixbmc magictv  PNORAMMA FILM</title>
			<link>http://cdn-streamer1.magictvbox.com/live/10176.stream/playlist.m3u8</link>
		</item>
	</streaminginfo>
<streaminginfo>
		<cname>Panorama film</cname>
		<item>
			<title>@zombixbmc magictv  CINEMA 2</title>
			<link>http://cdn-streamer1.magictvbox.com/live/10144.stream/playlist.m3u8</link>
		</item>
	</streaminginfo>
<streaminginfo>
		<cname>Cairo Cinema</cname>
		<item>
			<title>@zombixbmc magictv  CAIRO CINEMA</title>
			<link>http://cdn-delay1.magictvbox.com/1.m3u8</link>
		</item>
	</streaminginfo>
<streaminginfo>
		<cname>Time cinema</cname>
		<item>
			<title>@zombixbmc magictv  TAIM</title>
			<link>http://cdn-streamer1.magictvbox.com/live/10174.stream/playlist.m3u8</link>
		</item>
	</streaminginfo>
<streaminginfo>
		<cname>Panorama film</cname>
		<item>
			<title>@zombixbmc magictv  PNORAMMA DRAMA</title>
			<link>http://cdn-streamer1.magictvbox.com/live/10163.stream/playlist.m3u8</link>
		</item>
	</streaminginfo>
<streaminginfo>
		<cname>SadacAlBalad Drama</cname>
		<item>
			<title>@zombixbmc magictv  SDA AL BLAD DRAMA</title>
			<link>http://cdn-streamer1.magictvbox.com/live/10169.stream/playlist.m3u8</link>
		</item>
	</streaminginfo>
<streaminginfo>
		<cname>Al-Nahar Drama</cname>
		<item>
			<title>@zombixbmc magictv  AL NHAR DRAMA</title>
			<link>http://cdn-streamer1.magictvbox.com/live/10151.stream/playlist.m3u8</link>
		</item>
	</streaminginfo>
<streaminginfo>
		<cname>Sada Al Balad</cname>
		<item>
			<title>@zombixbmc magictv  SDA AL BLAD</title>
			<link>http://cdn-streamer1.magictvbox.com/live/10172.stream/playlist.m3u8</link>
		</item>
	</streaminginfo>
<streaminginfo>
		<cname>SHAABIYAT</cname>
		<item>
			<title>@zombixbmc magictv  SHABIAT</title>
			<link>http://cdn-streamer1.magictvbox.com/live/10175.stream/playlist.m3u8</link>
		</item>
	</streaminginfo>
<streaminginfo>
		<cname>Libya</cname>
		<item>
			<title>@zombixbmc magictv  LIBIA AL HURA</title>
			<link>http://cdn-streamer1.magictvbox.com/live/10187.stream/playlist.m3u8</link>
		</item>
	</streaminginfo>
<streaminginfo>
		<cname>Time Comedy</cname>
		<item>
			<title>@zombixbmc magictv  TAIM COMADY</title>
			<link>http://cdn-streamer1.magictvbox.com/live/10145.stream/playlist.m3u8</link>
		</item>
	</streaminginfo>
<streaminginfo>
		<cname>CBC Drama</cname>
		<item>
			<title>@zombixbmc magictv CBC DRAMA</title>
			<link>http://cdn-streamer1.magictvbox.com/live/10149.stream/chunklist.m3u8</link>
		</item>
	</streaminginfo>
<streaminginfo>
		<cname>Time Comedy</cname>
		<item>
			<title>@zombixbmc magictv  TAIM COMADY</title>
			<link>http://cdn-delay1.magictvbox.com/15.m3u8</link>
		</item>
	</streaminginfo>
<streaminginfo>
		<cname>Cairo Drama</cname>
		<item>
			<title>@zombixbmc magictv  CAIRO DRAMA</title>
			<link>http://cdn-delay1.magictvbox.com/3.m3u8</link>
		</item>
	</streaminginfo>
<streaminginfo>
		<cname>Al Nahar</cname>
		<item>
			<title>@zombixbmc magictv  AL NHAR</title>
			<link>http://cdn-streamer1.magictvbox.com/live/10150.stream/chunklist.m3u8</link>
		</item>
	</streaminginfo>
<streaminginfo>
		<cname>Al Nahar</cname>
		<item>
			<title>@zombixbmc magictv  AL NHAR SRV 2</title>
			<link>http://cdn-streamer1.magictvbox.com/live/10150.stream/chunklist.m3u8</link>
		</item>
	</streaminginfo>
<streaminginfo>
		<cname>Al Nahar</cname>
		<item>
			<title>@zombixbmc magictv  AL NHAR SRV 3</title>
			<link>http://cdn-delay1.magictvbox.com/5.m3u8</link>
		</item>
	</streaminginfo>
<streaminginfo>
		<cname>Al Maghribia</cname>
		<item>
			<title>@zombixbmc magictv  AL MGRBIA</title>
			<link>http://cdn-streamer2.magictvbox.com/30.m3u8</link>
		</item>
	</streaminginfo>

<streaminginfo>
		<cname>Syria</cname>
		<item>
			<title>@zombixbmc magictv  SYRIA</title>
			<link>http://cdn-streamer2.magictvbox.com/37.m3u8</link>
		</item>
	</streaminginfo>
<streaminginfo>
		<cname>Jordan</cname>
		<item>
			<title>@zombixbmc magictv  JORDEN</title>
			<link>http://cdn-streamer2.magictvbox.com/38.m3u8</link>
		</item>
	</streaminginfo>
<streaminginfo>
		<cname>Abu Dhabi</cname>
		<item>
			<title>@zombixbmc magictv  AD AL AULA</title>
			<link>http://cdn-streamer2.magictvbox.com/40.m3u8</link>
		</item>
	</streaminginfo>


<streaminginfo>
		<cname>Kuwait</cname>
		<item>
			<title>@zombixbmc magictv  KUWAIT</title>
			<link>http://cdn-streamer2.magictvbox.com/60.m3u8</link>
		</item>
	</streaminginfo>
<streaminginfo>
		<cname>KTV 2</cname>
		<item>
			<title>@zombixbmc magictv  KUWAIT 2</title>
			<link>http://cdn-streamer2.magictvbox.com/61.m3u8</link>
		</item>
	</streaminginfo>
<streaminginfo>
		<cname>CBC</cname>
		<item>
			<title>@zombixbmc magictv  CBC</title>
			<link>http://cdn-delay1.magictvbox.com/13.m3u8</link>
		</item>
	</streaminginfo>
<streaminginfo>
		<cname>CBC</cname>
		<item>
			<title>@zombixbmc magictv  CBC SRV 2</title>
			<link>http://cdn-delay1.magictvbox.com/6.m3u8</link>
		</item>
	</streaminginfo>
<streaminginfo>
		<cname>CBC</cname>
		<item>
			<title>@zombixbmc magictv  CBC SRV 3</title>
			<link>http://cdn-streamer1.magictvbox.com/live/10148.stream/playlist.m3u8</link>
		</item>
	</streaminginfo>
<streaminginfo>
		<cname>On TV</cname>
		<item>
			<title>@zombixbmc magictv  ON TV</title>
			<link>http://cdn-delay1.magictvbox.com/10.m3u8</link>
		</item>
	</streaminginfo>
<streaminginfo>
		<cname>Al-Nahar Drama</cname>
		<item>
			<title>@zombixbmc magictv  Al-Nahar Drama</title>
			<link>http://cdn-delay1.magictvbox.com/11.m3u8</link>
		</item>
	</streaminginfo>
<streaminginfo>
		<cname>KTV SPORT</cname>
		<item>
			<title>@zombixbmc magictv  KUWAIT SPORT</title>
			<link>http://cdn-streamer2.magictvbox.com/62.m3u8</link>
		</item>
	</streaminginfo>
<streaminginfo>
		<cname>AlQahera W Elnas</cname>
		<item>
			<title>@zombixbmc magictv  </title>
			<link>http://cdn-streamer1.magictvbox.com/live/10170.stream/playlist.m3u8</link>
		</item>
	</streaminginfo>
<streaminginfo>
		<cname>AlQahera W Elnas</cname>
		<item>
			<title>@zombixbmc magictv  AL NHAR SPORT</title>
			<link>http://cdn-streamer1.magictvbox.com/live/10179.stream/playlist.m3u8</link>
		</item>
	</streaminginfo>
<streaminginfo>
		<cname>AL AHLY</cname>
		<item>
			<title>@zombixbmc magictv  AL AHLY CLUB</title>
			<link>http://cdn-streamer1.magictvbox.com/live/10165.stream/playlist.m3u8</link>
		</item>
	</streaminginfo>
<streaminginfo>
		<cname>SM SM KIDS</cname>
		<item>
			<title>@zombixbmc magictv SM SM KIDS </title>
			<link>http://cdn-streamer1.magictvbox.com/live/10156.stream/playlist.m3u8</link>
		</item>
	</streaminginfo>
	
<streaminginfo>
		<cname>E 1 KIDS</cname>
		<item>
			<title>@zombixbmc magictv E 1 KIDS</title>
			<link>http://cdn-streamer2.magictvbox.com/59.m3u8</link>
		</item>
	</streaminginfo>

	
</streamingInfos>
