
<streamingInfos>
	
<streaminginfo>
		<cname>Melody Hits</cname>

		<item>
			<title>Melody Hits youtube</title>
			<thumbnail>https://lh3.ggpht.com/-DE3GqoUaC4g/UuNmaROcywI/AAAAAAAABDM/trn-g__hU7M/s1600/melody_hits.png</thumbnail>
			<link>plugin://plugin.video.youtube/?action=play_video&amp;videoid=FBBLhRgrw0o</link>
		</item>
	</streaminginfo>
	<streaminginfo>
		<cname>Al Jazeera America</cname>

<item>
<title>Al Jazeera America</title>
<link>rtmp://ajam.lsops.net/live/ playpath=ajam_en_584 swfUrl=http://www.longtailvideo.com//jwplayer/jwplayer.flash.swf pageUrl=http://nidal.tv/embeds/jazeeraamerica.php</link>
</item>
 </streaminginfo>


	<streaminginfo>
		<cname>Aljazeera</cname>

<item>
<title>Alternative Source 1</title>
<link>http://hd3.lsops.net/live/smil:aljazeer_ar_hls/playlist.m3u8</link>
</item>
</streaminginfo>

	<streaminginfo>
		<cname>Aljazeera</cname>

<item>
<title>Alternative Source 2</title> 
<link>http://hd3.lsops.net/live/aljazeer_ar_372/playlist.m3u8</link>  
</item>
</streaminginfo>

	<streaminginfo>
		<cname>Aljazeera</cname>

<item>
<title>Alternative Source 3</title>
<link>http://aljazeera-ara-apple-live.adaptive.level3.net/apple/aljazeera/arabic/160.m3u8</link>  
</item> 
</streaminginfo>



<streaminginfo>
		<cname>Aljazeera Mubasher</cname>


<item>  
<title>Alternative Source 1</title> 
<link>http://hd1.lsops.net/live/smil:aljamuba_ar_hls.smil/playlist.m3u8</link>  
</item>
</streaminginfo>


<streaminginfo>
		<cname>Aljazeera Mubasher</cname>
<item>
<title>Alternative Source 2</title>
<link>http://aljazeera-mubasher-apple-live.adaptive.level3.net/apple/aljazeera/mubasher/160.m3u8</link> 
</item>
</streaminginfo>

<streaminginfo>
		<cname>Aljazeera Mubasher Masr</cname>
<item>  
<title>Alternative Source 1</title> 
<link>rtmp://aljamisr.lsops.net/live/ playpath=aljamisr_ar_485 swfUrl=http://static.ls-cdn.com/player/5.10/livestation-player.swf?1390660825 pageUrl=http://www.livestation.com/en/aljazeera-mubasher-misr
</link>
</item>
</streaminginfo>


<streaminginfo>
		<cname>Aljazeera Mubasher Masr</cname>
<item> 
<title>Alternative Source 2</title> 
<link>http://aljazeera-mubasher-misr-apple-live.adaptive.level3.net/apple/aljazeera/mub-misr/160.m3u8</link>  
</item>
</streaminginfo>

<streaminginfo>
		<cname>Aljazeera Mubasher Masr</cname>
<item> 
<title>Alternative Source 3</title> 
<link>rtmp://aljazeeraflashlivefs.fplive.net:1935/aljazeeraflashlive-live?videoId=1237551997001&amp;lineUpId=&amp;pubId=864352179001&amp;playerId=1294374627001&amp;affiliateId= playpath=aljazeera_misr_high?videoId=1237551997001&amp;lineUpId=&amp;pubId=864352179001&amp;playerId=1294374627001&amp;affiliateId= swfUrl=http://admin.brightcove.com/viewer/us20140123.0946/federatedVideoUI/BrightcovePlayer.swf?uid=1390706379776 pageUrl=http://mubasher-misr.aljazeera.net/livestream/</link>  
</item>
</streaminginfo>

<streaminginfo>
		<cname>Aljazeera Mubasher Masr</cname>
<item>  
<title>Alternative Source 4</title> 
<link>http://hd1.lsops.net/live/smil:aljamisr_ar_hls.smil/playlist.m3u8</link>
</item> 
</streaminginfo>


<streaminginfo>
		<cname>Alarabiya</cname>

<item> 
<title>Alarabiya (Alternative Source)</title>
<link>http://livestream5.alarabiya.tv/i/live_1@141854/index_1_av-p.m3u8</link>  
</item>

</streaminginfo>

<streaminginfo>
		<cname>Al mayaden</cname>

<item>  
<title>Al Mayadeen Source 1</title>
<link>rtmp://livestreaming3.itworkscdn.net/mayadeenlive/ playpath=mayadsat swfUrl=http://www.almayadeen.net/content/jwplayer/jwplayer.flash.swf pageUrl=http://www.almayadeen.net/ar/Live swfVfy=true live=true timeout=live</link>  
</item>
</streaminginfo>

<streaminginfo>
		<cname>Al mayaden</cname>

<item> 
<title>Al Mayadeen Source 2</title>
<link>rtmp://hd2.lsops.net/live/ playpath=almayade_ar_485 swfUrl=http://static.ls-cdn.com/player/5.10/livestation-player.swf?1377945036 live=1 timeout=15 pageUrl=http://www.livestation.com/en/almayadeen/popout</link> 
</item>
</streaminginfo>


<streaminginfo>
		<cname>Al mayaden</cname>
<item> 
<title>Al Mayadeen Source 3</title>
<link>rtmp://livestreaming3.itworkscdn.net/mayadeenlive playpath=mayadsat swfUrl=http://www.almayadeen.net/content/jwplayer/jwplayer.flash.swf live=1 timeout=15 pageUrl=http://www.almayadeen.net/live</link>
</item>
</streaminginfo>




<streaminginfo>
		<cname>Al Alam</cname>

<item>  
<title>Alternative Source</title>
<link>http://hd6.lsops.net/live/alalam_ar_hls.smil/playlist.m3u8</link>  
</item>
</streaminginfo>


<streaminginfo>
		<cname>Al Alam</cname>

<item>
<title>Alternative Source</title>
<link>rtmp://hd6.lsops.net/live/ playpath=alalam_ar_1428 swfUrl=http://static.ls-cdn.com/player/5.10/livestation-player.swf?1382096815 pageUrl=http://www.livestation.com/en/alalam</link>   
</item>
</streaminginfo>


<streaminginfo>
		<cname>Alekhbaria Syria</cname>
<item>
<title>Alternative Source</title>
<link>http://82.137.248.20:8134/hls-live/livepkgr/_definst_/liveevent/livestream3.m3u8</link>   
</item>
</streaminginfo>

<streaminginfo>
		<cname>Alan</cname>
<item>
<title>Alternative Source</title>
<link>http://alaan_hls-lh.akamaihd.net/i/alaan_ar@103399/master.m3u8</link>   
</item>
</streaminginfo>



<streaminginfo>
		<cname>Aljazeera Doc</cname>
<item> 
<title>Alternative Source 1</title>
<link>http://aljazeera-doc-apple-live.adaptive.level3.net/apple/aljazeera/hq-doc/stb.m3u8</link>  
</item>
</streaminginfo>

<streaminginfo>
		<cname>Aljazeera Doc</cname>
<item>
<title>Alternative Source 2</title>
<link>rtmp://aljazeeraflashlivefs.fplive.net:1935/aljazeeraflashlive-live playpath=aljazeera_doc_high swfUrl="http://admin.brightcove.com/viewer/us1.25.04.00.2011-05-19124744/federatedVideoUI/BrightcovePlayer.swf" live=true</link> 
</item>
</streaminginfo>

<streaminginfo>
		<cname>Aljazeera Doc</cname>
<item>  
<title>Alternative Source 3</title>
<link>rtmp://aljazeeraflashlivefs.fplive.net/aljazeeraflashlive-live/ playpath=aljazeera_doc_high swfUrl=http://arabichannels.com/player/player.swf?274354545150&amp;arabichannels.com&amp;copyright=2013&amp;provider=rtmp&amp;streamer=rtmp://arabichannels.com pageUrl=http://arabichannels.com/aljazeera_doc.php live=1 timeout=15 swfVfy=1 conn=S:OK</link>  
</item>
</streaminginfo>




<streaminginfo>
		<cname>MBC Bollywood</cname>
<item> 
<title>Alternative Source</title>
<link>rtmp://206.190.129.12/live playpath=aflam4youddd?id=152675 swfUrl=http://mips.tv/content/scripts/eplayer.swf live=1 conn=S:OK --live</link>
<thumbnail>http://www.waleg.com/images/mbc-bollywood.jpg</thumbnail>
</item>
</streaminginfo>



<streaminginfo>
		<cname>Al-Nahar Drama</cname>
<item>  
<title>Alternative Source</title>
<link>rtmp://50.7.180.18/nahar1/alnahardrama.stream_720p app=nahar1 playPath=alnahardrama.stream_720p pageUrl=http://demos.streamtrix.com/alnahardrama/ swfUrl=http://demos.streamtrix.com/swf/flowplayer.commercial-3.2.15.swf</link>   
</item>
</streaminginfo>


<streaminginfo>
		<cname>Future TV</cname>
<item>
<title>Elahmad Source</title>
<link>rtmp://livestreaming2.itworkscdn.net/ftvlive/ playpath=ftvlive swfUrl=http://p.jwpcdn.com/6/6/jwplayer.flash.swf pageUrl=http://itworks-me.net/ftvent/index.html timeout=15 live=1 swfvfy=1</link> 
</item>
</streaminginfo>


<streaminginfo>
		<cname>Sama Syria</cname>
<item>
<title>Alternative Source</title>
<link>rtmp://sama-tv.net/live playpath=samatv swfUrl=http://www.addounia.tv/live/player.swf live=true timeout=15 pageUrl=http://www.addounia.tv/index.php?page=live</link>  
</item>
</streaminginfo>

<streaminginfo>
		<cname>Fatafeat</cname>
<item> 
<title>Alternative Source</title>
<link>http://212.179.77.42/live/livestream3/gmswf.m3u8</link>  
</item>
</streaminginfo>

<streaminginfo>
		<cname>LBC Europe</cname>
<item>
<title>Alternative Source 1</title>
<link>rtmp://livestreaming.itworkscdn.net/lbclive/lbc_1 playpath=lbc_1 swfUrl=http://www.lbcgroup.tv/livemedia4/jwplayer.flash.swf live=1 pageUrl=http://www.lbcgroup.tv/watch-lbci-live</link>  
</item>
</streaminginfo>

<streaminginfo>
		<cname>LBC Europe</cname>
<item>  
<title>Alternative Source 2</title>
<link>rtmp://livestreaming.itworkscdn.net/lbclive playpath=lbc_1 swfUrl=http://www.lbcgroup.tv/livemedia4/jwplayer.flash.swf pageUrl=http://www.lbcgroup.tv/watch-lbci-live</link>  
</item>
</streaminginfo>

<streaminginfo>
		<cname>Infinity</cname>
<item>
<title>Filmon Source 1</title>
<link>rtmp://$doregex[url] app=live/$doregex[key] playpath=1766.low.stream swfUrl=http://www.filmon.com/tv/modules/FilmOnTV/files/flashapp/filmon/FilmonPlayer.swf pageUrl=http://www.filmon.com live=true timeout=15</link>
   <regex>
     <name>url</name>
     <expres>rtmp:....([^\\]*)</expres>
     <page>http://www.filmon.com/tv/channel/export?channel_id=1766</page>
   </regex>
   <regex>
     <name>key</name>
     <expres>rtmp[^?]*(\?id=[^"]*)</expres>
     <page>http://www.filmon.com/tv/channel/export?channel_id=1766</page>
   </regex>
<thumbnail>http://twofour54.com/media/thumbnail/partner-main/26aa74992bfff151940aa4c6079fafe4/20111117_infinity-1-Logo.png</thumbnail>
</item>
</streaminginfo>

<streaminginfo>
		<cname>Infinity</cname>
<item>
<title>Filmon Source 2</title>
<link>rtmp://$doregex[url] app=live/$doregex[key] playpath=1766.high.stream swfUrl=http://www.filmon.com/tv/modules/FilmOnTV/files/flashapp/filmon/FilmonPlayer.swf pageUrl=http://www.filmon.com live=true timeout=15</link>
   <regex>
     <name>url</name>
     <expres>rtmp:....([^\\]*)</expres>
     <page>http://www.filmon.com/tv/channel/export?channel_id=1766</page>
   </regex>
   <regex>
     <name>key</name>
     <expres>rtmp[^?]*(\?id=[^"]*)</expres>
     <page>http://www.filmon.com/tv/channel/export?channel_id=1766</page>
   </regex>
<thumbnail>http://twofour54.com/media/thumbnail/partner-main/26aa74992bfff151940aa4c6079fafe4/20111117_infinity-1-Logo.png</thumbnail>
</item>
</streaminginfo>

<streaminginfo>
		<cname>Rotana Aflam</cname>
<item>
<title>Filmon Source 1</title>
<link>rtmp://$doregex[url] app=live/$doregex[key] playpath=2618.low.stream swfUrl=http://www.filmon.com/tv/modules/FilmOnTV/files/flashapp/filmon/FilmonPlayer.swf pageUrl=http://www.filmon.com live=true timeout=15</link>
   <regex>
     <name>url</name>
     <expres>rtmp:....([^\\]*)</expres>
     <page>http://www.filmon.com/tv/channel/export?channel_id=2618</page>
   </regex>
   <regex>
     <name>key</name>
     <expres>rtmp[^?]*(\?id=[^"]*)</expres>
     <page>http://www.filmon.com/tv/channel/export?channel_id=2618</page>
   </regex>
<thumbnail>http://3alkanaba.com/uploads/channels/501ec_Aflam_rotana_242.jpg</thumbnail>
</item>
</streaminginfo>

<streaminginfo>
		<cname>Rotana Aflam</cname>
<item>
<title>Filmon Source 2</title>
<link>rtmp://$doregex[url] app=live/$doregex[key] playpath=2618.high.stream swfUrl=http://www.filmon.com/tv/modules/FilmOnTV/files/flashapp/filmon/FilmonPlayer.swf pageUrl=http://www.filmon.com live=true timeout=15</link>
   <regex>
     <name>url</name>
     <expres>rtmp:....([^\\]*)</expres>
     <page>http://www.filmon.com/tv/channel/export?channel_id=2618</page>
   </regex>
   <regex>
     <name>key</name>
     <expres>rtmp[^?]*(\?id=[^"]*)</expres>
     <page>http://www.filmon.com/tv/channel/export?channel_id=2618</page>
   </regex>
<thumbnail>http://3alkanaba.com/uploads/channels/501ec_Aflam_rotana_242.jpg</thumbnail>
</item>
</streaminginfo>

<streaminginfo>
		<cname>Rotana cinema</cname>
<item>
<title>Filmon Source 1</title>
<link>rtmp://$doregex[url] app=live/$doregex[key] playpath=2615.low.stream swfUrl=http://www.filmon.com/tv/modules/FilmOnTV/files/flashapp/filmon/FilmonPlayer.swf pageUrl=http://www.filmon.com live=true timeout=15</link>
   <regex>
     <name>url</name>
     <expres>rtmp:....([^\\]*)</expres>
     <page>http://www.filmon.com/tv/channel/export?channel_id=2615</page>
   </regex>
   <regex>
     <name>key</name>
     <expres>rtmp[^?]*(\?id=[^"]*)</expres>
     <page>http://www.filmon.com/tv/channel/export?channel_id=2615</page>
   </regex>
<thumbnail>http://tv-online.in/wp-content/uploads/2012/12/Rotana-Cinema-tv.jpg</thumbnail>
</item>
</streaminginfo>

<streaminginfo>
		<cname>Rotana cinema</cname>
<item>
<title>Filmon Source 2</title>
<link>rtmp://$doregex[url] app=live/$doregex[key] playpath=2615.high.stream swfUrl=http://www.filmon.com/tv/modules/FilmOnTV/files/flashapp/filmon/FilmonPlayer.swf pageUrl=http://www.filmon.com live=true timeout=15</link>
   <regex>
     <name>url</name>
     <expres>rtmp:....([^\\]*)</expres>
     <page>http://www.filmon.com/tv/channel/export?channel_id=2615</page>
   </regex>
   <regex>
     <name>key</name>
     <expres>rtmp[^?]*(\?id=[^"]*)</expres>
     <page>http://www.filmon.com/tv/channel/export?channel_id=2615</page>
   </regex>
<thumbnail>http://tv-online.in/wp-content/uploads/2012/12/Rotana-Cinema-tv.jpg</thumbnail>
</item>
</streaminginfo>

<streaminginfo>
		<cname>Rotana Classic</cname>

<item>
<title>Filmon Source 1</title>
<link>rtmp://$doregex[url] app=live/$doregex[key] playpath=2609.low.stream swfUrl=http://www.filmon.com/tv/modules/FilmOnTV/files/flashapp/filmon/FilmonPlayer.swf pageUrl=http://www.filmon.com live=true timeout=15</link>
   <regex>
     <name>url</name>
     <expres>rtmp:....([^\\]*)</expres>
     <page>http://www.filmon.com/tv/channel/export?channel_id=2609</page>
   </regex>
   <regex>
     <name>key</name>
     <expres>rtmp[^?]*(\?id=[^"]*)</expres>
     <page>http://www.filmon.com/tv/channel/export?channel_id=2609</page>
   </regex>
<thumbnail>http://4.bp.blogspot.com/-To19LCENgNw/T5b78zj06PI/AAAAAAAAASQ/4ppgQO6XRv0/s1600/Rotana+Classic.jpg</thumbnail>
</item>
</streaminginfo>

<streaminginfo>
		<cname>Rotana Classic</cname>
<item>
<title>Filmon Source 2</title>
<link>rtmp://$doregex[url] app=live/$doregex[key] playpath=2609.high.stream swfUrl=http://www.filmon.com/tv/modules/FilmOnTV/files/flashapp/filmon/FilmonPlayer.swf pageUrl=http://www.filmon.com live=true timeout=15</link>
   <regex>
     <name>url</name>
     <expres>rtmp:....([^\\]*)</expres>
     <page>http://www.filmon.com/tv/channel/export?channel_id=2609</page>
   </regex>
   <regex>
     <name>key</name>
     <expres>rtmp[^?]*(\?id=[^"]*)</expres>
     <page>http://www.filmon.com/tv/channel/export?channel_id=2609</page>
   </regex>
<thumbnail>http://4.bp.blogspot.com/-To19LCENgNw/T5b78zj06PI/AAAAAAAAASQ/4ppgQO6XRv0/s1600/Rotana+Classic.jpg</thumbnail>
</item>
</streaminginfo>



<streaminginfo>
		<cname>OSN Ar</cname>
<item>
<title>OSN 1-Ar</title>
<link>http://212.68.33.139:8001</link>
</item>
</streaminginfo>

<streaminginfo>
		<cname>OSN EN</cname>

<item>
<title>OSN 2-En</title>
<link>http://212.68.33.139:8000</link>
</item>
</streaminginfo>



<streaminginfo>
		<cname>Rotana Masriya</cname>
<item>
<title>Filmon Source</title>
<link>rtmp://$doregex[url] app=live/$doregex[key] playpath=2612.low.stream swfUrl=http://www.filmon.com/tv/modules/FilmOnTV/files/flashapp/filmon/FilmonPlayer.swf pageUrl=http://www.filmon.com live=true timeout=15</link>
   <regex>
     <name>url</name>
     <expres>rtmp:....([^\\]*)</expres>
     <page>http://www.filmon.com/tv/channel/export?channel_id=2612</page>
   </regex>
   <regex>
     <name>key</name>
     <expres>rtmp[^?]*(\?id=[^"]*)</expres>
     <page>http://www.filmon.com/tv/channel/export?channel_id=2612</page>
   </regex>
<thumbnail>http://www.lyngsat-logo.com/hires/rr/rotana_masriya.png</thumbnail>
</item>
</streaminginfo>

<streaminginfo>
		<cname>Rotana Clip</cname>
<item>
<title>Filmon Source 1</title>
<link>rtmp://$doregex[url] app=live/$doregex[key] playpath=2603.low.stream swfUrl=http://www.filmon.com/tv/modules/FilmOnTV/files/flashapp/filmon/FilmonPlayer.swf pageUrl=http://www.filmon.com live=true timeout=15</link>
   <regex>
     <name>url</name>
     <expres>rtmp:....([^\\]*)</expres>
     <page>http://www.filmon.com/tv/channel/export?channel_id=2603</page>
   </regex>
   <regex>
     <name>key</name>
     <expres>rtmp[^?]*(\?id=[^"]*)</expres>
     <page>http://www.filmon.com/tv/channel/export?channel_id=2603</page>
   </regex>
<thumbnail>http://www.lyngsat-logo.com/hires/rr/rotana_clip.png</thumbnail>
</item>
</streaminginfo>


<streaminginfo>
		<cname>Rotana Clip</cname>
<item>
<title>Filmon Source 2</title>
<link>rtmp://$doregex[url] app=live/$doregex[key] playpath=2603.high.stream swfUrl=http://www.filmon.com/tv/modules/FilmOnTV/files/flashapp/filmon/FilmonPlayer.swf pageUrl=http://www.filmon.com live=true timeout=15</link>
   <regex>
     <name>url</name>
     <expres>rtmp:....([^\\]*)</expres>
     <page>http://www.filmon.com/tv/channel/export?channel_id=2603</page>
   </regex>
   <regex>
     <name>key</name>
     <expres>rtmp[^?]*(\?id=[^"]*)</expres>
     <page>http://www.filmon.com/tv/channel/export?channel_id=2603</page>
   </regex>
<thumbnail>http://www.lyngsat-logo.com/hires/rr/rotana_clip.png</thumbnail>
</item>
</streaminginfo>

<streaminginfo>
		<cname>Rotana Music</cname>
<item>
<title>Filmon Source 1</title>
<link>rtmp://$doregex[url] app=live/$doregex[key] playpath=2600.low.stream swfUrl=http://www.filmon.com/tv/modules/FilmOnTV/files/flashapp/filmon/FilmonPlayer.swf pageUrl=http://www.filmon.com live=true timeout=15</link>
   <regex>
     <name>url</name>
     <expres>rtmp:....([^\\]*)</expres>
     <page>http://www.filmon.com/tv/channel/export?channel_id=2600</page>
   </regex>
   <regex>
     <name>key</name>
     <expres>rtmp[^?]*(\?id=[^"]*)</expres>
     <page>http://www.filmon.com/tv/channel/export?channel_id=2600</page>
   </regex>
<thumbnail>http://www.lyngsat-logo.com/hires/rr/rotana.png</thumbnail>
</item>
</streaminginfo>

<streaminginfo>
		<cname>Rotana Music</cname>
<item>
<title>Filmon Source 2</title>
<link>rtmp://$doregex[url] app=live/$doregex[key] playpath=2600.high.stream swfUrl=http://www.filmon.com/tv/modules/FilmOnTV/files/flashapp/filmon/FilmonPlayer.swf pageUrl=http://www.filmon.com live=true timeout=15</link>
   <regex>
     <name>url</name>
     <expres>rtmp:....([^\\]*)</expres>
     <page>http://www.filmon.com/tv/channel/export?channel_id=2600</page>
   </regex>
   <regex>
     <name>key</name>
     <expres>rtmp[^?]*(\?id=[^"]*)</expres>
     <page>http://www.filmon.com/tv/channel/export?channel_id=2600</page>
   </regex>
<thumbnail>http://www.lyngsat-logo.com/hires/rr/rotana.png</thumbnail>
</item>
</streaminginfo>

<streaminginfo>
		<cname>Rotana Khaligi</cname>
<item>
<title>Filmon Source 1</title>
<link>rtmp://$doregex[url] app=live/$doregex[key] playpath=2606.low.stream swfUrl=http://www.filmon.com/tv/modules/FilmOnTV/files/flashapp/filmon/FilmonPlayer.swf pageUrl=http://www.filmon.com live=true timeout=15</link>
   <regex>
     <name>url</name>
     <expres>rtmp:....([^\\]*)</expres>
     <page>http://www.filmon.com/tv/channel/export?channel_id=2606</page>
   </regex>
   <regex>
     <name>key</name>
     <expres>rtmp[^?]*(\?id=[^"]*)</expres>
     <page>http://www.filmon.com/tv/channel/export?channel_id=2606</page>
   </regex>
<thumbnail>http://www.preone0.com/emc/wp-content/uploads/2012/12/Rotana-Khalijia-Logo-copy-1024x731.png</thumbnail>
</item>
</streaminginfo>

<streaminginfo>
		<cname>Rotana Khaligi</cname>
<item>
<title>Filmon Source 2</title>
<link>rtmp://$doregex[url] app=live/$doregex[key] playpath=2606.high.stream swfUrl=http://www.filmon.com/tv/modules/FilmOnTV/files/flashapp/filmon/FilmonPlayer.swf pageUrl=http://www.filmon.com live=true timeout=15</link>
   <regex>
     <name>url</name>
     <expres>rtmp:....([^\\]*)</expres>
     <page>http://www.filmon.com/tv/channel/export?channel_id=2606</page>
   </regex>
   <regex>
     <name>key</name>
     <expres>rtmp[^?]*(\?id=[^"]*)</expres>
     <page>http://www.filmon.com/tv/channel/export?channel_id=2606</page>
   </regex>
<thumbnail>http://www.preone0.com/emc/wp-content/uploads/2012/12/Rotana-Khalijia-Logo-copy-1024x731.png</thumbnail>
</item>
</streaminginfo>



<streaminginfo>
		<cname>Dubai Sport 1</cname>
<item>
<title>Filmon Source</title>
<link>rtmp://$doregex[url] app=live/$doregex[key] playpath=79.low.stream swfUrl=http://www.filmon.com/tv/modules/FilmOnTV/files/flashapp/filmon/FilmonPlayer.swf pageUrl=http://www.filmon.com live=true timeout=15</link>
   <regex>
     <name>url</name>
     <expres>rtmp:....([^\\]*)</expres>
     <page>http://www.filmon.com/tv/channel/export?channel_id=79</page>
   </regex>
   <regex>
     <name>key</name>
     <expres>rtmp[^?]*(\?id=[^"]*)</expres>
     <page>http://www.filmon.com/tv/channel/export?channel_id=79</page>
   </regex>
<thumbnail>http://upload.wikimedia.org/wikipedia/en/thumb/d/d2/Abu_dhabi_sports.png/150px-Abu_dhabi_sports.png</thumbnail>
</item>
</streaminginfo>


<streaminginfo>
		<cname>Abu Dhabi Sports 1</cname>
<item>
<title>Filmon Source</title>
<link>rtmp://$doregex[url] app=live/$doregex[key] playpath=79.high.stream swfUrl=http://www.filmon.com/tv/modules/FilmOnTV/files/flashapp/filmon/FilmonPlayer.swf pageUrl=http://www.filmon.com live=true timeout=15</link>
   <regex>
     <name>url</name>
     <expres>rtmp:....([^\\]*)</expres>
     <page>http://www.filmon.com/tv/channel/export?channel_id=79</page>
   </regex>
   <regex>
     <name>key</name>
     <expres>rtmp[^?]*(\?id=[^"]*)</expres>
     <page>http://www.filmon.com/tv/channel/export?channel_id=79</page>
   </regex>
<thumbnail>http://upload.wikimedia.org/wikipedia/en/thumb/d/d2/Abu_dhabi_sports.png/150px-Abu_dhabi_sports.png</thumbnail>
</item>
</streaminginfo>




<streaminginfo>
		<cname>BEIN US</cname>

<item>
<title>BEIN USA HD 720p</title>
<link>rtmp://beinsportgeolivefs.fplive.net:1935/beinsportgeolive-live playpath=beinsport_eng_4 swfurl=http://sportsinfonet.info/player/Player.swf live=true timeout=15 pageurl=http://sportsinfonet.info/beinsports.php?n=beinsport_eng_4&amp;vw;=650&amp;vh;=450</link>
</item>
</streaminginfo>

<streaminginfo>
		<cname>BEIN ESP</cname>
<item>
<title>BEIN SPANISH HD 720p</title>
<link>rtmp://beinsportgeolivefs.fplive.net:1935/beinsportgeolive-live playpath=beinsport_spa_4 swfurl=http://sportsinfonet.info/player/Player.swf live=true timeout=15 pageurl=http://sportsinfonet.info/beinsports.php?n=beinsport_spa_4&amp;vw;=650&amp;vh;=450</link>
</item>
</streaminginfo>

<streaminginfo>
		<cname>MBC 2</cname>
<item>
<title>FILMON SOURCE</title>
<link>rtmp://$doregex[url]/live/?id=$doregex[key]/368.high.stream playpath=368.high.stream swfUrl=http://www.filmon.com/tv/modules/FilmOnTV/files/flashapp/filmon/FilmonPlayer.swf pageUrl=http://www.filmon.com/ live=true timeout=15 swfVfy=1</link>
   <regex>
     <name>url</name>
     <expres>\"qualit.*rtmp:....(.*?)\\</expres>
     <page>http://www.filmon.com/tv/channel/export?channel_id=368</page>
   </regex>
   <regex>
     <name>key</name>
     <expres>\"qualit.*rtmp:.*?id=(.*?)\"</expres>
     <page>http://www.filmon.com/tv/channel/export?channel_id=368</page>
   </regex>
<thumbnail>http://3alkanaba.com/uploads/channels/501ec_Aflam_rotana_242.jpg</thumbnail>
</item>
</streaminginfo>

<streaminginfo>
		<cname>MBC 1</cname>
<item>
<title>FILMON SOURCE (not working for the moment)</title>
<link>rtmp://$doregex[url]/live/?id=$doregex[key]/308.high.stream playpath=308.high.stream swfUrl=http://www.filmon.com/tv/modules/FilmOnTV/files/flashapp/filmon/FilmonPlayer.swf pageUrl=http://www.filmon.com/ live=true timeout=15 swfVfy=1</link>
   <regex>
     <name>url</name>
     <expres>\"qualit.*rtmp:....(.*?)\\</expres>
     <page>http://www.filmon.com/tv/channel/export?channel_id=308</page>
   </regex>
   <regex>
     <name>key</name>
     <expres>\"qualit.*rtmp:.*?id=(.*?)\"</expres>
     <page>http://www.filmon.com/tv/channel/export?channel_id=308</page>
   </regex>
<thumbnail>http://3alkanaba.com/uploads/channels/501ec_Aflam_rotana_242.jpg</thumbnail>
</item>
</streaminginfo>

<streaminginfo>
		<cname>MBC Action</cname>
<item>
<title>FILMON SOURCE (not working for the moment)</title>
<link>rtmp://$doregex[url]/live/?id=$doregex[key]/369.high.stream playpath=369.high.stream swfUrl=http://www.filmon.com/tv/modules/FilmOnTV/files/flashapp/filmon/FilmonPlayer.swf pageUrl=http://www.filmon.com/ live=true timeout=15 swfVfy=1</link>
   <regex>
     <name>url</name>
     <expres>\"qualit.*rtmp:....(.*?)\\</expres>
     <page>http://www.filmon.com/tv/channel/export?channel_id=369</page>
   </regex>
   <regex>
     <name>key</name>
     <expres>\"qualit.*rtmp:.*?id=(.*?)\"</expres>
     <page>http://www.filmon.com/tv/channel/export?channel_id=369</page>
   </regex>
<thumbnail>http://3alkanaba.com/uploads/channels/501ec_Aflam_rotana_242.jpg</thumbnail>
</item>
</streaminginfo>

</streamingInfos>

