<streamingInfos>

<streaminginfo>
        <cname>Mekamleen</cname>
	<item>
	<title>85.111 Source</title>
	<link>rtmp://85.111.14.52/r_mekameleen?a2V5bGl2ZTY5LTE4MC0yNDYtMTA0MjAxNC0wNS0xNC0yMC01OS0wMQ==/live1</link>
	</item>
</streaminginfo>

<streaminginfo>
        <cname>Alrabi3a Egypt</cname>
	<item>
	<title>Ustream Source</title>
	<link>http://iphone-streaming.ustream.tv/ustreamVideo/16697328/streams/live/playlist.m3u8</link>
	</item>
</streaminginfo>


<streaminginfo>
        <cname>Nile Sport</cname>
	<item>
	<title>Original Source</title>
	<link>rtmp://livestreaming4.onlinehorizons.net/NTNNileSport playpath=livestream swfUrl=http://niletc.tv/player/player.swf live=1 pageUrl=http://niletc.tv/stream.php?ch=sport swfVfy=true live=true timeout=60</link>
	</item>
</streaminginfo>


<streaminginfo>
        <cname>Nile Comedy</cname>
	<item>
	<title>Original Source</title>
	<link>rtmp://livestreaming4.onlinehorizons.net/NTNNileComedy/ playpath=livestream swfUrl=http://niletc.tv/player/player.swf pageUrl=http://niletc.tv/stream.php?ch=comedy swfVfy=true live=true timeout=60</link>
	</item>
</streaminginfo>

<streaminginfo>
        <cname>Nile Cinema</cname>
	<item>
	<title>Original Source</title>
	<link>rtmp://livestreaming4.onlinehorizons.net/NTNNileCinema playpath=livestream swfUrl=http://niletc.tv/player/player.swf live=1 pageUrl=http://niletc.tv/stream.php?ch=cinema</link>
	</item>
</streaminginfo>

<streaminginfo>
        <cname>Nile Culture</cname>
	<item>
	<title>Original Source</title>
	<link>rtmp://livestreaming4.onlinehorizons.net/NTNNileCulture playpath=livestream swfUrl=http://niletc.tv/player/player.swf live=1 pageUrl=http://niletc.tv/stream.php?ch=culture</link>
	</item>
</streaminginfo>

<streaminginfo>
        <cname>Nile Family</cname>
	<item>
	<title>Original Source</title>
	<link>rtmp://livestreaming4.onlinehorizons.net/NTNNileFamily playpath=livestream swfUrl=http://niletc.tv/player/player.swf live=1 pageUrl=http://niletc.tv/stream.php?ch=family</link>
	</item>
</streaminginfo>
<streaminginfo>
        <cname>Nile Life</cname>
	<item>
	<title>Original Source</title>
	<link>rtmp://livestreaming4.onlinehorizons.net/NTNNileLife playpath=livestream swfUrl=http://niletc.tv/player/player.swf live=1 pageUrl=http://niletc.tv/stream.php?ch=life</link>
	</item>
</streaminginfo>

<streaminginfo>
        <cname>Nile Drama</cname>
	<item>
	<title>Original Source</title>
	<link>rtmp://livestreaming4.onlinehorizons.net/NTNNileDrama playpath=livestream?ch=drama swfUrl=http://ntn.onlinehorizons.net/player/player.swf pageUrl=http://www.ntnegypt.net/stream.php live=1</link>
	</item>
</streaminginfo>


<streaminginfo>
        <cname>Al Nahar Sport</cname>
		<item>
		<title>Original Source</title>
		<link>http://50.7.180.18:1935/nahar1/smil:naharsports-smil.smil/playlist.m3u8</link>
		</item>
</streaminginfo>
<streaminginfo>
        <cname>Al Nahar</cname>
		<item>
		<title>Original Source</title>
		<link>http://50.7.180.18:1935/nahar1/smil:nahar1-smil.smil/playlist.m3u8</link>
		</item>
</streaminginfo>
<streaminginfo>
        <cname>Al-Nahar Drama</cname>
		<item>
		<title>Original Source</title>
		<link>http://50.7.180.18:1935/nahar1/smil:alnahardrama-smil.smil/playlist.m3u8</link>
		</item>
</streaminginfo>
<streaminginfo>
        <cname>Al Nahar 2</cname>
		<item>
		<title>Original Source</title>
		<link>http://50.7.180.18:1935/nahar1/smil:alnahar2-smil.smil/playlist.m3u8</link>
		</item>
</streaminginfo>
<streaminginfo>
        <cname>Dubai One</cname>
	<item>
	<title>You need to install f4m_tester addon from Shani Repo</title>
	<link>plugin://plugin.video.f4mTester/?url=http://cdnedvrdubaione.endavomedia.com/smil:dmilivedubaione.smil/manifest.f4m</link>
	</item>
</streaminginfo>


<streaminginfo>
        <cname>Moga Comedy</cname>
	<item>
	<title>you need to install Justin addons</title>
	<link>plugin://plugin.video.jtv.archives/?mode=get_channel&amp;name=20satttt&amp;play=1</link>
	</item>
</streaminginfo>

<streaminginfo>
        <cname>Al Hiwar</cname>
	<item>
	<title>185.2 Source</title>
	<link>rtmp://185.2.136.148:1935/livepkgr playpath=livestream swfUrl=http://fpdownload.adobe.com/strobe/FlashMediaPlayback.swf/[[DYNAMIC]]/1 live=1 pageUrl=http://habbabi.com/alhiwar-tv-live.aspx</link>
	</item>
</streaminginfo>

<streaminginfo>
        <cname>Alasr</cname>
	<item>
	<title>Mobi Source</title>
	<link>http://xtvalasrx.api.channel.livestream.com/3.0/playlist.m3u8</link>
	</item>
</streaminginfo>
<streaminginfo>
        <cname>Sudan TV</cname>
	<item>
	<title>Ukk Source</title>
	<link>http://ukk.live.net.sa:1935/live/africatv3/playlist.m3u8</link>
	</item>
</streaminginfo>

<streaminginfo>
        <cname>Sudan TV</cname>
	<item>
	<title>Ukk Source</title>
	<link>http://ukk.live.net.sa:1935/live/africatv/playlist.m3u8</link>
	</item>
</streaminginfo>
<streaminginfo>
        <cname>SkyNewsArabia</cname>
	<item>
	<title>Sky Source</title>
	<link>http://skynewsl.skynews.cshls.lldns.net/skynews/skynewsl/skynewsl/skynewsl_800.m3u8</link>
	</item>
</streaminginfo>

<streaminginfo>
        <cname>MBC 2</cname>
	<item>
	<title>Marocforum Source</title>
	<link>http://www.vlc.eu.pn@live-f01.vustream.net/live/livestream2/marocforum.m3u8</link>
	</item>
</streaminginfo>

<streaminginfo>
        <cname>Fatafeat</cname>
	<item>
	<title>Marocforum Source</title>
	<link>http://www.vlc.eu.pn@live-f01.vustream.net/live/livestream3/marocforum.m3u8</link>
	</item>
</streaminginfo>

<streaminginfo>
        <cname>Fatafeat</cname>
	<item>
	<title>212.179 Source</title>
	<link>http://212.179.77.42/live/livestream3/gmswf.m3u8</link>
	</item>
</streaminginfo>


<streaminginfo>
        <cname>Fatafeat</cname>
	<item>
	<title>Negmtv Source</title>
	<link>http://live-f01.vustream.net/live/livestream3/negmtv.m3u8</link>
	</item>
</streaminginfo>


<streaminginfo>
        <cname>Alwatan Plus</cname>
	<item>
	<title>Original Source</title>
	<link>http://alwatan_hls-lh.akamaihd.net/i/alwaplus_ar@91169/master.m3u8</link>
	</item>
</streaminginfo>

<streaminginfo>
        <cname>Alwatan Ghanawi</cname>
	<item>
	<title>Original Source</title>
	<link>http://alwatan_hls-lh.akamaihd.net/i/ghanawi_ar@51110/master.m3u8</link>
	</item>
</streaminginfo>

<streaminginfo>
        <cname>Oman</cname>
	<item>
	<title>Original Source</title>
	<link>http://38.96.148.30:1935/live/omantv1/chunklist.m3u8</link>
	</item>
</streaminginfo>

<streaminginfo>
        <cname>Bahrain</cname>
	<item>
	<title> </title>
	<link>http://155.obj.netromedia.net/alayam/alayam/playlist.m3u8</link>
	</item>
</streaminginfo>

<streaminginfo>
        <cname>Quran TV ksa</cname>
	<item>
	<title>m3u8 Source</title>
	<link>http://46.245.160.224/mekke/mekke/chunklist_w581447799.m3u8</link>
	</item>
</streaminginfo>


<streaminginfo>
        <cname>Quran TV ksa</cname>
	<item>
	<title>Original Source</title>
	<link>rtmp://208.75.224.165:1935/map-alquraan/map-alquraan.stream</link>
	</item>
</streaminginfo>


<streaminginfo>
        <cname>sunnah TV</cname>
	<item>
	<title>Original Source</title>
	<link>rtmp://myafricanmega.tulix.tv:1935/map-alsunnah/map-alsunnah.stream</link>
	</item>
</streaminginfo>

<streaminginfo>
        <cname>Dubai Racing</cname>
	<item>
	<title>Original Source</title>
	<link>http://cdnehlsdubairacing2.endavomedia.com/smil:dmilivedubairacing2.smil/gmswf.m3u8</link>
	</item>
</streaminginfo>


<streaminginfo>
        <cname>Dubai One</cname>
	<item>
	<title>Original Source</title>
	<link>http://cdnedvrdubaione.endavomedia.com/smil:dmilivedubaione.smil/playlist.m3u8</link>
	</item>
</streaminginfo>

<streaminginfo>
        <cname>Ahlulbayt</cname>
	<item>
	<title>Original Source</title>
	<link>rtmp://46.23.67.34:1935/live/livestream1.sdp</link>
	</item>
</streaminginfo>

<streaminginfo>
        <cname>TRT Arabic</cname>
	<item>
	<title>Original Source1</title>
	<link>rtmp://re.trtcdn.com/tv/ playpath=trtarapca_3 swfUrl=http://gusto.trt.net.tr/VideoPlayer/player.swf live=true pageUrl=http://radyodelisi.blogspot.com/2013/02/trt-arapca.htm</link>
	</item>
</streaminginfo>
<streaminginfo>
        <cname>TRT Arabic</cname>
	<item>
	<title>Original Source2</title>
	<link>rtmp://si.trtcdn.com/tv/trtarapca?hghpl]=a2V5bGl2ZTY4LTUzLTcxLTQyMDE0LTAyLTI0LTIxLTMyLTI3/trtarapca_3</link>
	</item>
</streaminginfo>
<streaminginfo>
   	<cname>Syria Nour</cname>
	<item>
	<title>Original Source</title>
	<link>http://live.rtv.gov.sy/live/Nour/Nour_LQ.m3u8</link>
	</item>
</streaminginfo>

<streaminginfo>
   	<cname>Syria Talaqie</cname>
	<item>
	<title>Original Source</title>
	<link>http://live.rtv.gov.sy/live/Talaqie/Talaqie_LQ.m3u8</link>
	</item>
</streaminginfo>

<streaminginfo>
   	<cname>Syria</cname>
	<item>
	<title>Original Source</title>
	<link>http://82.137.248.16:1935/Sat/livestream1/playlist.m3u8</link>
	</item>
</streaminginfo>
<streaminginfo>
   	<cname>Syria Sedu</cname>
	<item>
	<title>Original Source</title>
	<link>http://live.rtv.gov.sy/live/SEdu/SEdu_LQ.m3u8</link>
	</item>
</streaminginfo>

<streaminginfo>
   	<cname>Syria Drama</cname>
	<item>
	<title>Original Source</title>
	<link>http://live.rtv.gov.sy/live/Drama/Drama_MQ.m3u8</link>
	</item>
</streaminginfo>


<streaminginfo>
   	<cname>Al Ikhbaria</cname>
	<item>
	<title>Original Source</title>
	<link>http://live.rtv.gov.sy/live/Snews/Snews_DVR.m3u8</link>
	</item>
</streaminginfo>
<streaminginfo>
   	<cname>Baraem</cname>
	<item>
	<title>m3u8 Source</title>
	<link>http://78.100.40.198:1935/brm/brm/gmswf.m3u8?keylive87-163-224-792014-05-18-16-28-09&amp;v=hghpl]</link>
	</item>
</streaminginfo>

<streaminginfo>
   	<cname>Baraem</cname>
	<item>
	<title>Original Source</title>
	<link>rtmp://AgendaStreamer2.qna.org.qa/brm/brm</link>
	</item>
</streaminginfo>
<streaminginfo>
   	<cname>Sama Cinema</cname>
	<item>
	<title>Sama Cinema</title>
	<link>http://cdn-streamer1.magictvbox.com/live/10144.stream/playlist.m3u8</link>
	</item>
</streaminginfo>


<streaminginfo>
   	<cname>Melody Drama</cname>
	<item>
	<title>24</title>
	<link>http://38.96.148.24//MelodyDrama/MDrama_576p/playlist.m3u8</link>
	</item>
</streaminginfo>

<streaminginfo>
	<cname>Melody Drama</cname>
	<item>
	<title>26</title>
	<link>http://38.96.148.24//MelodyDrama/MDrama_576p/playlist.m3u8</link>
	</item>
</streaminginfo>

<streaminginfo>
	<cname>Melody Classic</cname>
	<item>
	<title>24</title>
	<link>http://38.96.148.24//MelodyClassic/MClassic_576p/playlist.m3u8</link>
	</item>
</streaminginfo>

<streaminginfo>
	<cname>Melody Classic</cname>
	<item>
	<title>26</title>
	<link>http://38.96.148.26//MelodyClassic/MClassic_576p/playlist.m3u8</link>
	</item>
</streaminginfo>

<streaminginfo>
	<cname>Melody Aflem</cname>
	<item>
	<title>24</title>
	<link>http://38.96.148.24//MelodyAflam/MAflam_576p/playlist.m3u8</link>
	</item>
</streaminginfo>

<streaminginfo>
	<cname>Melody Aflem</cname>
	<item>
	<title>26</title>
	<link>http://38.96.148.26//MelodyAflam/MAflam_576p/playlist.m3u8</link>
	</item>
	</streaminginfo>

<streaminginfo>
		<cname>Maghreb24 Entertainment</cname>	
		<item>
			<title>Maghreb24 Entertainment</title>
			<thumbnail>http://www.maghreb24tv.com/commons/images/m24Entertainment.png</thumbnail>
			<link>rtmp://maghreb24.tv:1935/view/8_261/stream8 swfUrl=http://www.maghreb24.tv/public/flash/expressInstall.swf live=true pageUrl=http://www.television.maghreb24tv.com/m24channel.php?dsTp=OurChannels&amp;dsId=136&amp;lang=fr</link>
		</item>
	</streaminginfo>


	<streaminginfo>
		<cname>Melody Hits</cname>	
		<item>
			<title>Melody Hits.206</title>
			<thumbnail>https://lh3.ggpht.com/-DE3GqoUaC4g/UuNmaROcywI/AAAAAAAABDM/trn-g__hU7M/s1600/melody_hits.png</thumbnail>
			<link>rtmp://38.96.148.206/Melody/ playpath=MHitsWeb swfUrl=http://p.jwpcdn.com/6/7/jwplayer.flash.swf pageUrl=http://freetv247.com/content/melody-hits-channel live=1 timeout=15</link>
		</item>
	</streaminginfo>

	<streaminginfo>
		<cname>Melody Hits</cname>

		<item>
			<title>Melody Hits .24 sab9a</title>
			<thumbnail>https://lh3.ggpht.com/-DE3GqoUaC4g/UuNmaROcywI/AAAAAAAABDM/trn-g__hU7M/s1600/melody_hits.png</thumbnail>
			<link>http://38.96.148.24//MelodyHits/MHits_576p/playlist.m3u8</link>
		</item>
	</streaminginfo>

        	<streaminginfo>
        
		<cname>Echorouk Tv</cname>
        <item>
    <title>Echorouk Tv</title>
<link>rtmp://live.echoroukonline.com/live/EchoroukTV</link>
<thumbnail></thumbnail>
</item>
</streaminginfo>

    	<streaminginfo>
        
		<cname>Al Baghdadia Drama</cname>
        <item>
    <title>Al Baghdadia 2</title>
<link>rtmp://cp88746.live.edgefcs.net:1935/live playpath=ALBAG_2_248@180445 swfUrl=http://player.longtailvideo.com/player.swf live=true timeout=15 pageUrl=http://freetv247.com/tags/al-baghdadia-2-live-tv</link>
<thumbnail>http://a1.mzstatic.com/us/r1000/107/Purple/cf/aa/5c/mzl.bjffmkul.jpg</thumbnail>
</item>
</streaminginfo>
	<streaminginfo>
		<cname>Melody Arabia</cname>

		<item>
			<title>Melody arabia HD.24 sab9a</title>
			<thumbnail>http://www.lyngsat-logo.com/hires/mm/melody_arabia.png</thumbnail>
			<link>http://38.96.148.24/MelodyArabia/MArabia_576p/playlist.m3u8</link>
		</item>
	</streaminginfo>

	<streaminginfo>
		<cname>Melody Arabia</cname>

		<item>
			<title>Melody arabia HD.206</title>
			<thumbnail>http://www.lyngsat-logo.com/hires/mm/melody_arabia.png</thumbnail>
			<link>rtmp://38.96.148.206/Melody/ playpath=MArabiaWeb swfUrl=http://p.jwpcdn.com/6/7/jwplayer.flash.swf pageUrl=http://freetv247.com/content/melody-hits-channel live=1 swfVfy=1 timeout=15</link>
		</item>
	</streaminginfo>
	<streaminginfo>
		<cname>Al Magharibia</cname>

		<item>
			<title>Al Magharibia (Direct)</title>
			<thumbnail>http://almagharibia.tv/neue/web/assets/almagharibia.png</thumbnail>
			<link>rtmp://37.130.230.45/livepkgr/ playpath=livestream swfUrl=http://p.jwpcdn.com/6/8/jwplayer.flash.swf live=true timeout=15 pageUrl=http://almagharibia.tv/livestream</link>
		</item>
	</streaminginfo>

</streamingInfos>
